[2026-09-02 19:38:21] wolne żądanie          1 678 ms  /ridemore/odkrycia           /ridemore/assets/tiles/slady/me/6/35/22.png?v=1
[2026-09-02 19:38:21] wolne żądanie          2 310 ms  /ridemore/odkrycia           /ridemore/assets/tiles/slady/me/6/35/20.png?v=1
[2026-09-02 19:39:29] kafle                      115 ms  /ridemore/odkrycia           18/30 kafli
[2026-09-02 19:39:29] trasy nieukończone        125 ms  /ridemore/odkrycia           18/30 kafli
[2026-09-02 19:39:29] trasy ukończone           125 ms  /ridemore/odkrycia           18/30 kafli
[2026-09-02 19:39:29] wolne żądanie          2 773 ms  /ridemore/odkrycia           /ridemore/assets/tiles/slady/me/8/142/86.png?v=1
[2026-09-02 19:39:29] wolne żądanie          3 384 ms  /ridemore/odkrycia           /ridemore/assets/tiles/slady/me/8/143/87.png?v=1
[2026-09-02 19:39:35] wolne żądanie          4 406 ms  /ridemore/odkrycia           /ridemore/assets/tiles/slady/me/8/143/86.png?v=1
[2026-09-02 19:39:35] wolne żądanie          5 048 ms  /ridemore/odkrycia           /ridemore/assets/tiles/slady/me/8/143/85.png?v=1
[2026-09-02 19:39:35] wolne żądanie          5 720 ms  /ridemore/odkrycia           /ridemore/assets/tiles/slady/me/8/142/87.png?v=1
[2026-09-02 19:39:35] wolne żądanie          6 336 ms  /ridemore/odkrycia           /ridemore/assets/tiles/slady/me/8/142/85.png?v=1
[2026-09-02 19:39:35] pola odkryć             5 975 ms  /ridemore/odkrycia           81 pól
[2026-09-02 19:39:35] rysowanie pól               5 ms  /ridemore/odkrycia           81 pól
[2026-09-02 19:39:35] wolne żądanie          5 973 ms  /ridemore/odkrycia           /ridemore/api/discovery/cells?scope=me&zoom=8&north=50.875311142200765&south=48.94054322456003&east=24.752197265625004&west=18.165893554687504
[2026-09-02 19:39:35] skarby w kadrze          6 005 ms  /ridemore/odkrycia           31 pinezek
[2026-09-02 19:39:35] wolne żądanie          6 003 ms  /ridemore/odkrycia           /ridemore/api/treasures?north=50.875311142200765&south=48.94054322456003&east=24.752197265625004&west=18.165893554687504&zoom=8
[2026-09-02 19:39:35] wolne żądanie          7 046 ms  /ridemore/odkrycia           /ridemore/assets/tiles/slady/me/8/141/86.png?v=1
[2026-09-02 19:39:35] wolne żądanie          7 690 ms  /ridemore/odkrycia           /ridemore/assets/tiles/slady/me/8/144/86.png?v=1
[2026-09-02 19:39:35] wolne żądanie          8 291 ms  /ridemore/odkrycia           /ridemore/assets/tiles/slady/me/8/141/85.png?v=1
[2026-09-02 19:39:37] wolne żądanie          8 925 ms  /ridemore/odkrycia           /ridemore/assets/tiles/slady/me/8/144/85.png?v=1
[2026-09-02 19:39:37] wolne żądanie          9 522 ms  /ridemore/odkrycia           /ridemore/assets/tiles/slady/me/8/141/87.png?v=1
[2026-09-02 19:39:37] wolne żądanie         10 147 ms  /ridemore/odkrycia           /ridemore/assets/tiles/slady/me/8/144/87.png?v=1
[2026-09-02 19:39:37] wolne żądanie         10 772 ms  /ridemore/odkrycia           /ridemore/assets/tiles/slady/me/8/140/86.png?v=1
[2026-09-02 19:39:37] wolne żądanie         11 376 ms  /ridemore/odkrycia           /ridemore/assets/tiles/slady/me/8/145/86.png?v=1
[2026-09-02 19:39:37] wolne żądanie         11 975 ms  /ridemore/odkrycia           /ridemore/assets/tiles/slady/me/8/140/85.png?v=1
[2026-09-02 19:39:37] wolne żądanie         12 596 ms  /ridemore/odkrycia           /ridemore/assets/tiles/slady/me/8/145/85.png?v=1
[2026-09-02 19:39:40] wolne żądanie         13 206 ms  /ridemore/odkrycia           /ridemore/assets/tiles/slady/me/8/140/87.png?v=1
[2026-09-02 19:39:40] wolne żądanie         13 851 ms  /ridemore/odkrycia           /ridemore/assets/tiles/slady/me/8/145/87.png?v=1
[2026-09-02 19:39:40] ślady przejazdów      13 908 ms  /ridemore/odkrycia           18/30 kafli
[2026-09-02 19:39:40] cykl mapy               13 910 ms  /ridemore/odkrycia           7 zadań
[2026-09-02 19:39:46] kafle                       18 ms  /ridemore/odkrycia           5/5 kafli
[2026-09-02 19:39:46] trasy ukończone            19 ms  /ridemore/odkrycia           5/5 kafli
[2026-09-02 19:39:46] trasy nieukończone         22 ms  /ridemore/odkrycia           5/5 kafli
[2026-09-02 19:39:46] wolne żądanie          1 848 ms  /ridemore/odkrycia           /ridemore/assets/tiles/slady/me/8/143/88.png?v=1
[2026-09-02 19:39:46] wolne żądanie          2 448 ms  /ridemore/odkrycia           /ridemore/assets/tiles/slady/me/8/144/88.png?v=1
[2026-09-02 19:39:46] wolne żądanie          3 032 ms  /ridemore/odkrycia           /ridemore/assets/tiles/slady/me/8/145/88.png?v=1
[2026-09-02 19:39:46] ślady przejazdów       3 036 ms  /ridemore/odkrycia           5/5 kafli
[2026-09-02 19:39:46] pola odkryć             2 609 ms  /ridemore/odkrycia           81 pól
[2026-09-02 19:39:46] rysowanie pól               1 ms  /ridemore/odkrycia           81 pól
[2026-09-02 19:39:46] wolne żądanie          2 608 ms  /ridemore/odkrycia           /ridemore/api/discovery/cells?scope=me&zoom=8&north=50.9791824266019&south=48.828565527993234&east=24.257812500000004&west=18.660278320312504
[2026-09-02 19:39:46] skarby w kadrze          2 638 ms  /ridemore/odkrycia           32 pinezek
[2026-09-02 19:39:46] cykl mapy                3 104 ms  /ridemore/odkrycia           7 zadań
[2026-09-02 19:39:46] wolne żądanie          2 637 ms  /ridemore/odkrycia           /ridemore/api/treasures?north=50.9791824266019&south=48.828565527993234&east=24.257812500000004&west=18.660278320312504&zoom=8
[2026-09-02 19:42:32] pola odkryć                61 ms  /ridemore/odkrycia           81 pól
[2026-09-02 19:42:32] rysowanie pól               4 ms  /ridemore/odkrycia           81 pól
[2026-09-02 19:42:32] skarby w kadrze             94 ms  /ridemore/odkrycia           32 pinezek
[2026-09-02 19:42:32] wolne żądanie          2 002 ms  /ridemore/odkrycia           /ridemore/assets/tiles/slady/me/8/144/88.png?v=1
[2026-09-02 19:42:32] kafle                    2 034 ms  /ridemore/odkrycia           20/20 kafli
[2026-09-02 19:42:32] wolne żądanie          2 015 ms  /ridemore/odkrycia           /ridemore/assets/tiles/slady/kd-historical/8/143/86.png?v=10
[2026-09-02 19:42:32] wolne żądanie          2 016 ms  /ridemore/odkrycia           /ridemore/assets/tiles/slady/kd-historical/8/143/87.png?v=10
[2026-09-02 19:42:32] wolne żądanie          2 017 ms  /ridemore/odkrycia           /ridemore/assets/tiles/slady/kd-historical/8/142/86.png?v=10
[2026-09-02 19:42:32] wolne żądanie          2 018 ms  /ridemore/odkrycia           /ridemore/assets/tiles/slady/kd-historical/8/144/86.png?v=10
[2026-09-02 19:42:32] wolne żądanie          2 019 ms  /ridemore/odkrycia           /ridemore/assets/tiles/slady/kd-historical/8/142/87.png?v=10
[2026-09-02 19:42:32] wolne żądanie          2 020 ms  /ridemore/odkrycia           /ridemore/assets/tiles/slady/kd-historical/8/144/87.png?v=10
[2026-09-02 19:42:32] wolne żądanie          2 021 ms  /ridemore/odkrycia           /ridemore/assets/tiles/slady/kd-historical/8/143/85.png?v=10
[2026-09-02 19:42:32] wolne żądanie          2 022 ms  /ridemore/odkrycia           /ridemore/assets/tiles/slady/kd-historical/8/142/85.png?v=10
[2026-09-02 19:42:32] wolne żądanie          2 023 ms  /ridemore/odkrycia           /ridemore/assets/tiles/slady/kd-historical/8/144/85.png?v=10
[2026-09-02 19:42:32] wolne żądanie          2 024 ms  /ridemore/odkrycia           /ridemore/assets/tiles/slady/kd-historical/8/141/86.png?v=10
[2026-09-02 19:42:32] wolne żądanie          2 025 ms  /ridemore/odkrycia           /ridemore/assets/tiles/slady/kd-historical/8/145/86.png?v=10
[2026-09-02 19:42:32] wolne żądanie          2 026 ms  /ridemore/odkrycia           /ridemore/assets/tiles/slady/kd-historical/8/141/87.png?v=10
[2026-09-02 19:42:32] wolne żądanie          2 027 ms  /ridemore/odkrycia           /ridemore/assets/tiles/slady/kd-historical/8/145/87.png?v=10
[2026-09-02 19:42:32] wolne żądanie          2 028 ms  /ridemore/odkrycia           /ridemore/assets/tiles/slady/kd-historical/8/141/85.png?v=10
[2026-09-02 19:42:32] wolne żądanie          2 029 ms  /ridemore/odkrycia           /ridemore/assets/tiles/slady/kd-historical/8/145/85.png?v=10
[2026-09-02 19:42:32] trasy ukończone         2 047 ms  /ridemore/odkrycia           20/20 kafli
[2026-09-02 19:42:32] wolne żądanie          2 030 ms  /ridemore/odkrycia           /ridemore/assets/tiles/slady/kn-historical/8/143/86.png?v=2
[2026-09-02 19:42:32] wolne żądanie          2 031 ms  /ridemore/odkrycia           /ridemore/assets/tiles/slady/kn-historical/8/143/87.png?v=2
[2026-09-02 19:42:32] wolne żądanie          2 032 ms  /ridemore/odkrycia           /ridemore/assets/tiles/slady/kn-historical/8/142/86.png?v=2
[2026-09-02 19:42:32] wolne żądanie          2 033 ms  /ridemore/odkrycia           /ridemore/assets/tiles/slady/kn-historical/8/144/86.png?v=2
[2026-09-02 19:42:32] wolne żądanie          2 034 ms  /ridemore/odkrycia           /ridemore/assets/tiles/slady/kn-historical/8/142/87.png?v=2
[2026-09-02 19:42:32] wolne żądanie          2 035 ms  /ridemore/odkrycia           /ridemore/assets/tiles/slady/kn-historical/8/144/87.png?v=2
[2026-09-02 19:42:32] wolne żądanie          2 037 ms  /ridemore/odkrycia           /ridemore/assets/tiles/slady/kn-historical/8/143/85.png?v=2
[2026-09-02 19:42:32] wolne żądanie          2 039 ms  /ridemore/odkrycia           /ridemore/assets/tiles/slady/kn-historical/8/142/85.png?v=2
[2026-09-02 19:42:32] wolne żądanie          2 040 ms  /ridemore/odkrycia           /ridemore/assets/tiles/slady/kn-historical/8/144/85.png?v=2
[2026-09-02 19:42:32] wolne żądanie          2 041 ms  /ridemore/odkrycia           /ridemore/assets/tiles/slady/kn-historical/8/141/86.png?v=2
[2026-09-02 19:42:32] wolne żądanie          2 043 ms  /ridemore/odkrycia           /ridemore/assets/tiles/slady/kn-historical/8/145/86.png?v=2
[2026-09-02 19:42:32] wolne żądanie          2 044 ms  /ridemore/odkrycia           /ridemore/assets/tiles/slady/kn-historical/8/141/87.png?v=2
[2026-09-02 19:42:32] wolne żądanie          2 046 ms  /ridemore/odkrycia           /ridemore/assets/tiles/slady/kn-historical/8/145/87.png?v=2
[2026-09-02 19:42:32] wolne żądanie          2 048 ms  /ridemore/odkrycia           /ridemore/assets/tiles/slady/kn-historical/8/141/85.png?v=2
[2026-09-02 19:42:32] wolne żądanie          2 049 ms  /ridemore/odkrycia           /ridemore/assets/tiles/slady/kn-historical/8/145/85.png?v=2
[2026-09-02 19:42:32] trasy nieukończone      2 064 ms  /ridemore/odkrycia           20/20 kafli
[2026-09-02 19:42:32] wolne żądanie          2 617 ms  /ridemore/odkrycia           /ridemore/assets/tiles/slady/me/8/141/88.png?v=1
[2026-09-02 19:42:32] wolne żądanie          3 266 ms  /ridemore/odkrycia           /ridemore/assets/tiles/slady/me/8/145/88.png?v=1
[2026-09-02 19:42:32] wolne żądanie          4 324 ms  /ridemore/odkrycia           /ridemore/assets/tiles/slady/me/8/143/86.png?v=1
[2026-09-02 19:42:37] wolne żądanie          4 985 ms  /ridemore/odkrycia           /ridemore/assets/tiles/slady/me/8/143/87.png?v=1
[2026-09-02 19:42:37] wolne żądanie          5 681 ms  /ridemore/odkrycia           /ridemore/assets/tiles/slady/me/8/142/86.png?v=1
[2026-09-02 19:42:37] wolne żądanie          6 332 ms  /ridemore/odkrycia           /ridemore/assets/tiles/slady/me/8/144/86.png?v=1
[2026-09-02 19:42:37] wolne żądanie          6 986 ms  /ridemore/odkrycia           /ridemore/assets/tiles/slady/me/8/142/87.png?v=1
[2026-09-02 19:42:37] wolne żądanie          7 625 ms  /ridemore/odkrycia           /ridemore/assets/tiles/slady/me/8/144/87.png?v=1
[2026-09-02 19:42:37] wolne żądanie          8 251 ms  /ridemore/odkrycia           /ridemore/assets/tiles/slady/me/8/143/85.png?v=1
[2026-09-02 19:42:37] wolne żądanie          8 866 ms  /ridemore/odkrycia           /ridemore/assets/tiles/slady/me/8/142/85.png?v=1
[2026-09-02 19:42:37] wolne żądanie          9 502 ms  /ridemore/odkrycia           /ridemore/assets/tiles/slady/me/8/144/85.png?v=1
[2026-09-02 19:42:40] wolne żądanie         10 121 ms  /ridemore/odkrycia           /ridemore/assets/tiles/slady/me/8/141/86.png?v=1
[2026-09-02 19:42:40] wolne żądanie         10 759 ms  /ridemore/odkrycia           /ridemore/assets/tiles/slady/me/8/145/86.png?v=1
[2026-09-02 19:42:40] wolne żądanie         11 369 ms  /ridemore/odkrycia           /ridemore/assets/tiles/slady/me/8/141/87.png?v=1
[2026-09-02 19:42:40] wolne żądanie         12 002 ms  /ridemore/odkrycia           /ridemore/assets/tiles/slady/me/8/145/87.png?v=1
[2026-09-02 19:42:40] wolne żądanie         12 639 ms  /ridemore/odkrycia           /ridemore/assets/tiles/slady/me/8/141/85.png?v=1
[2026-09-02 19:42:40] wolne żądanie         13 270 ms  /ridemore/odkrycia           /ridemore/assets/tiles/slady/me/8/145/85.png?v=1
[2026-09-02 19:42:40] ślady przejazdów      13 283 ms  /ridemore/odkrycia           20/20 kafli
[2026-09-02 19:42:40] cykl mapy               13 293 ms  /ridemore/odkrycia           7 zadań
[2026-09-02 19:42:47] pola odkryć                80 ms  /ridemore/odkrycia           81 pól
[2026-09-02 19:42:47] rysowanie pól               2 ms  /ridemore/odkrycia           81 pól
[2026-09-02 19:42:47] skarby w kadrze             90 ms  /ridemore/odkrycia           32 pinezek
[2026-09-02 19:42:47] cykl mapy                   90 ms  /ridemore/odkrycia           3 zadań
[2026-09-02 19:45:32] kafle                      281 ms  /ridemore/odkrycia           24/24 kafli
[2026-09-02 19:45:32] trasy ukończone           313 ms  /ridemore/odkrycia           24/24 kafli
[2026-09-02 19:45:32] trasy nieukończone        312 ms  /ridemore/odkrycia           24/24 kafli
[2026-09-02 19:45:32] wolne żądanie          2 311 ms  /ridemore/odkrycia           /ridemore/assets/tiles/slady/me/8/143/86.png?v=1
[2026-09-02 19:45:32] wolne żądanie          3 014 ms  /ridemore/odkrycia           /ridemore/assets/tiles/slady/me/8/142/87.png?v=1
[2026-09-02 19:45:32] wolne żądanie          3 666 ms  /ridemore/odkrycia           /ridemore/assets/tiles/slady/me/8/143/87.png?v=1
[2026-09-02 19:45:32] wolne żądanie          4 275 ms  /ridemore/odkrycia           /ridemore/assets/tiles/slady/me/8/142/85.png?v=1
[2026-09-02 19:45:32] wolne żądanie          4 905 ms  /ridemore/odkrycia           /ridemore/assets/tiles/slady/me/8/143/85.png?v=1
[2026-09-02 19:45:32] wolne żądanie          5 548 ms  /ridemore/odkrycia           /ridemore/assets/tiles/slady/me/8/141/86.png?v=1
[2026-09-02 19:45:32] wolne żądanie          6 158 ms  /ridemore/odkrycia           /ridemore/assets/tiles/slady/me/8/144/86.png?v=1
[2026-09-02 19:45:32] wolne żądanie          6 795 ms  /ridemore/odkrycia           /ridemore/assets/tiles/slady/me/8/141/87.png?v=1
[2026-09-02 19:45:32] wolne żądanie          7 413 ms  /ridemore/odkrycia           /ridemore/assets/tiles/slady/me/8/144/87.png?v=1
[2026-09-02 19:45:32] wolne żądanie          8 019 ms  /ridemore/odkrycia           /ridemore/assets/tiles/slady/me/8/142/88.png?v=1
[2026-09-02 19:45:32] wolne żądanie          8 683 ms  /ridemore/odkrycia           /ridemore/assets/tiles/slady/me/8/143/88.png?v=1
[2026-09-02 19:45:32] wolne żądanie          9 304 ms  /ridemore/odkrycia           /ridemore/assets/tiles/slady/me/8/141/85.png?v=1
[2026-09-02 19:45:32] wolne żądanie          9 917 ms  /ridemore/odkrycia           /ridemore/assets/tiles/slady/me/8/144/85.png?v=1
[2026-09-02 19:45:32] wolne żądanie         10 540 ms  /ridemore/odkrycia           /ridemore/assets/tiles/slady/me/8/141/88.png?v=1
[2026-09-02 19:45:32] wolne żądanie         11 156 ms  /ridemore/odkrycia           /ridemore/assets/tiles/slady/me/8/144/88.png?v=1
[2026-09-02 19:45:32] wolne żądanie         11 774 ms  /ridemore/odkrycia           /ridemore/assets/tiles/slady/me/8/140/86.png?v=1
[2026-09-02 19:45:32] wolne żądanie         12 378 ms  /ridemore/odkrycia           /ridemore/assets/tiles/slady/me/8/145/86.png?v=1
[2026-09-02 19:45:32] wolne żądanie         12 986 ms  /ridemore/odkrycia           /ridemore/assets/tiles/slady/me/8/140/87.png?v=1
[2026-09-02 19:45:32] wolne żądanie         13 598 ms  /ridemore/odkrycia           /ridemore/assets/tiles/slady/me/8/145/87.png?v=1
[2026-09-02 19:45:32] wolne żądanie         14 235 ms  /ridemore/odkrycia           /ridemore/assets/tiles/slady/me/8/140/85.png?v=1
[2026-09-02 19:45:32] wolne żądanie         14 864 ms  /ridemore/odkrycia           /ridemore/assets/tiles/slady/me/8/145/85.png?v=1
[2026-09-02 19:45:32] wolne żądanie         15 495 ms  /ridemore/odkrycia           /ridemore/assets/tiles/slady/me/8/140/88.png?v=1
[2026-09-02 19:45:32] wolne żądanie         16 139 ms  /ridemore/odkrycia           /ridemore/assets/tiles/slady/me/8/145/88.png?v=1
[2026-09-02 19:45:32] ślady przejazdów      16 152 ms  /ridemore/odkrycia           24/24 kafli
[2026-09-02 19:45:32] pola odkryć            16 179 ms  /ridemore/odkrycia           81 pól
[2026-09-02 19:45:32] rysowanie pól               3 ms  /ridemore/odkrycia           81 pól
[2026-09-02 19:45:32] wolne żądanie         16 178 ms  /ridemore/odkrycia           /ridemore/api/discovery/cells?scope=me&zoom=8&north=51.13455469147683&south=48.66557095325139&east=25.010375976562504&west=17.902221679687504
[2026-09-02 19:45:32] skarby w kadrze         16 209 ms  /ridemore/odkrycia           32 pinezek
[2026-09-02 19:45:32] cykl mapy               16 244 ms  /ridemore/odkrycia           7 zadań
[2026-09-02 19:45:32] wolne żądanie         16 207 ms  /ridemore/odkrycia           /ridemore/api/treasures?north=51.13455469147683&south=48.66557095325139&east=25.010375976562504&west=17.902221679687504&zoom=8
[2026-09-02 19:45:50] ślad przejazdu             40 ms  /ridemore/odkrycia           5360 punktów
[2026-09-02 19:45:50] cykl mapy                   40 ms  /ridemore/odkrycia           1 zadań
[2026-09-02 19:45:50] kafle                      120 ms  /ridemore/odkrycia           24/24 kafli
[2026-09-02 19:45:50] trasy ukończone           126 ms  /ridemore/odkrycia           24/24 kafli
[2026-09-02 19:45:50] wolne żądanie          2 019 ms  /ridemore/odkrycia           /ridemore/assets/tiles/slady/me/10/575/350.png?v=1
[2026-09-02 19:45:50] wolne żądanie          2 645 ms  /ridemore/odkrycia           /ridemore/assets/tiles/slady/me/10/576/350.png?v=1
[2026-09-02 19:45:50] wolne żądanie          3 266 ms  /ridemore/odkrycia           /ridemore/assets/tiles/slady/me/10/575/348.png?v=1
[2026-09-02 19:45:50] wolne żądanie          3 889 ms  /ridemore/odkrycia           /ridemore/assets/tiles/slady/me/10/576/348.png?v=1
[2026-09-02 19:45:50] wolne żądanie          4 510 ms  /ridemore/odkrycia           /ridemore/assets/tiles/slady/me/10/574/349.png?v=1
[2026-09-02 19:45:50] wolne żądanie          5 131 ms  /ridemore/odkrycia           /ridemore/assets/tiles/slady/me/10/577/349.png?v=1
[2026-09-02 19:45:50] wolne żądanie          5 740 ms  /ridemore/odkrycia           /ridemore/assets/tiles/slady/me/10/574/350.png?v=1
[2026-09-02 19:45:50] wolne żądanie          6 379 ms  /ridemore/odkrycia           /ridemore/assets/tiles/slady/me/10/577/350.png?v=1
[2026-09-02 19:45:50] wolne żądanie          6 976 ms  /ridemore/odkrycia           /ridemore/assets/tiles/slady/me/10/575/351.png?v=1
[2026-09-02 19:45:50] wolne żądanie          6 979 ms  /ridemore/odkrycia           /ridemore/assets/tiles/slady/kn-historical/10/578/349.png?v=2
[2026-09-02 19:45:50] wolne żądanie          7 596 ms  /ridemore/odkrycia           /ridemore/assets/tiles/slady/me/10/576/351.png?v=1
[2026-09-02 19:45:50] wolne żądanie          7 599 ms  /ridemore/odkrycia           /ridemore/assets/tiles/slady/kn-historical/10/573/350.png?v=2
[2026-09-02 19:45:50] wolne żądanie          8 186 ms  /ridemore/odkrycia           /ridemore/assets/tiles/slady/me/10/574/348.png?v=1
[2026-09-02 19:45:51] wolne żądanie          8 773 ms  /ridemore/odkrycia           /ridemore/assets/tiles/slady/me/10/577/348.png?v=1
[2026-09-02 19:45:51] wolne żądanie          9 375 ms  /ridemore/odkrycia           /ridemore/assets/tiles/slady/me/10/574/351.png?v=1
[2026-09-02 19:45:51] wolne żądanie          9 974 ms  /ridemore/odkrycia           /ridemore/assets/tiles/slady/me/10/577/351.png?v=1
[2026-09-02 19:45:51] wolne żądanie         10 606 ms  /ridemore/odkrycia           /ridemore/assets/tiles/slady/me/10/573/349.png?v=1
[2026-09-02 19:45:51] wolne żądanie         10 610 ms  /ridemore/odkrycia           /ridemore/assets/tiles/slady/kn-historical/10/578/350.png?v=2
[2026-09-02 19:45:51] wolne żądanie         11 200 ms  /ridemore/odkrycia           /ridemore/assets/tiles/slady/me/10/578/349.png?v=1
[2026-09-02 19:45:51] wolne żądanie         11 801 ms  /ridemore/odkrycia           /ridemore/assets/tiles/slady/me/10/573/350.png?v=1
[2026-09-02 19:45:51] wolne żądanie         11 805 ms  /ridemore/odkrycia           /ridemore/assets/tiles/slady/kn-historical/10/578/348.png?v=2
[2026-09-02 19:45:51] wolne żądanie         11 816 ms  /ridemore/odkrycia           /ridemore/assets/tiles/slady/kn-historical/10/573/351.png?v=2
[2026-09-02 19:45:51] wolne żądanie         11 818 ms  /ridemore/odkrycia           /ridemore/assets/tiles/slady/kn-historical/10/578/351.png?v=2
[2026-09-02 19:45:51] trasy nieukończone     11 834 ms  /ridemore/odkrycia           24/24 kafli
[2026-09-02 19:45:51] wolne żądanie         12 402 ms  /ridemore/odkrycia           /ridemore/assets/tiles/slady/me/10/578/350.png?v=1
[2026-09-02 19:45:51] wolne żądanie         13 035 ms  /ridemore/odkrycia           /ridemore/assets/tiles/slady/me/10/573/348.png?v=1
[2026-09-02 19:45:54] wolne żądanie         13 644 ms  /ridemore/odkrycia           /ridemore/assets/tiles/slady/me/10/578/348.png?v=1
[2026-09-02 19:45:54] wolne żądanie         14 218 ms  /ridemore/odkrycia           /ridemore/assets/tiles/slady/me/10/573/351.png?v=1
[2026-09-02 19:45:54] wolne żądanie         14 818 ms  /ridemore/odkrycia           /ridemore/assets/tiles/slady/me/10/578/351.png?v=1
[2026-09-02 19:45:54] ślady przejazdów      14 834 ms  /ridemore/odkrycia           24/24 kafli
[2026-09-02 19:45:54] pola odkryć            14 617 ms  /ridemore/odkrycia           118 pól
[2026-09-02 19:45:54] rysowanie pól               3 ms  /ridemore/odkrycia           118 pól
[2026-09-02 19:45:54] wolne żądanie         14 615 ms  /ridemore/odkrycia           /ridemore/api/discovery/cells?scope=me&zoom=10&north=49.669405434570464&south=49.04506962208049&east=23.373413085937504&west=21.596374511718754
[2026-09-02 19:45:54] skarby w kadrze         14 643 ms  /ridemore/odkrycia           11 pinezek
[2026-09-02 19:45:54] cykl mapy               14 919 ms  /ridemore/odkrycia           7 zadań
[2026-09-02 19:45:54] wolne żądanie         14 642 ms  /ridemore/odkrycia           /ridemore/api/treasures?north=49.669405434570464&south=49.04506962208049&east=23.373413085937504&west=21.596374511718754&zoom=10
[2026-09-02 19:48:46] trasy ukończone           310 ms  /ridemore/odkrycia           24/24 kafli
[2026-09-02 19:48:46] trasy nieukończone        332 ms  /ridemore/odkrycia           24/24 kafli
[2026-09-02 19:48:46] kafle                      638 ms  /ridemore/odkrycia           24/24 kafli
[2026-09-02 19:48:46] wolne żądanie          2 784 ms  /ridemore/odkrycia           /ridemore/assets/tiles/slady/me/8/143/86.png?v=1
[2026-09-02 19:48:46] wolne żądanie          3 418 ms  /ridemore/odkrycia           /ridemore/assets/tiles/slady/me/8/142/86.png?v=1
[2026-09-02 19:48:46] wolne żądanie          4 090 ms  /ridemore/odkrycia           /ridemore/assets/tiles/slady/me/8/142/87.png?v=1
[2026-09-02 19:48:46] wolne żądanie          4 721 ms  /ridemore/odkrycia           /ridemore/assets/tiles/slady/me/8/143/87.png?v=1
[2026-09-02 19:48:46] wolne żądanie          5 335 ms  /ridemore/odkrycia           /ridemore/assets/tiles/slady/me/8/142/85.png?v=1
[2026-09-02 19:48:46] wolne żądanie          5 958 ms  /ridemore/odkrycia           /ridemore/assets/tiles/slady/me/8/143/85.png?v=1
[2026-09-02 19:48:46] wolne żądanie          6 583 ms  /ridemore/odkrycia           /ridemore/assets/tiles/slady/me/8/141/86.png?v=1
[2026-09-02 19:48:46] wolne żądanie          7 190 ms  /ridemore/odkrycia           /ridemore/assets/tiles/slady/me/8/144/86.png?v=1
[2026-09-02 19:48:46] wolne żądanie          7 832 ms  /ridemore/odkrycia           /ridemore/assets/tiles/slady/me/8/141/87.png?v=1
[2026-09-02 19:48:46] wolne żądanie          8 478 ms  /ridemore/odkrycia           /ridemore/assets/tiles/slady/me/8/144/87.png?v=1
[2026-09-02 19:48:46] pola odkryć             8 530 ms  /ridemore/odkrycia           81 pól
[2026-09-02 19:48:46] rysowanie pól               2 ms  /ridemore/odkrycia           81 pól
[2026-09-02 19:48:46] wolne żądanie          8 529 ms  /ridemore/odkrycia           /ridemore/api/discovery/cells?scope=me&zoom=8&north=51.13455469147683&south=48.66557095325139&east=25.010375976562504&west=17.902221679687504
[2026-09-02 19:48:46] skarby w kadrze          8 554 ms  /ridemore/odkrycia           32 pinezek
[2026-09-02 19:48:46] wolne żądanie          8 554 ms  /ridemore/odkrycia           /ridemore/api/treasures?north=51.13455469147683&south=48.66557095325139&east=25.010375976562504&west=17.902221679687504&zoom=8
[2026-09-02 19:48:46] wolne żądanie          9 199 ms  /ridemore/odkrycia           /ridemore/assets/tiles/slady/me/8/142/88.png?v=1
[2026-09-02 19:48:46] wolne żądanie          9 846 ms  /ridemore/odkrycia           /ridemore/assets/tiles/slady/me/8/143/88.png?v=1
[2026-09-02 19:48:46] wolne żądanie         10 480 ms  /ridemore/odkrycia           /ridemore/assets/tiles/slady/me/8/141/85.png?v=1
[2026-09-02 19:48:46] wolne żądanie         11 161 ms  /ridemore/odkrycia           /ridemore/assets/tiles/slady/me/8/144/85.png?v=1
[2026-09-02 19:48:46] wolne żądanie         11 857 ms  /ridemore/odkrycia           /ridemore/assets/tiles/slady/me/8/141/88.png?v=1
[2026-09-02 19:48:46] wolne żądanie         12 480 ms  /ridemore/odkrycia           /ridemore/assets/tiles/slady/me/8/144/88.png?v=1
[2026-09-02 19:48:46] wolne żądanie         13 109 ms  /ridemore/odkrycia           /ridemore/assets/tiles/slady/me/8/140/86.png?v=1
[2026-09-02 19:48:48] wolne żądanie         13 728 ms  /ridemore/odkrycia           /ridemore/assets/tiles/slady/me/8/145/86.png?v=1
[2026-09-02 19:48:48] wolne żądanie         13 803 ms  /ridemore/odkrycia           /ridemore/assets/tiles/slady/me/8/140/87.png?v=1
[2026-09-02 19:48:48] wolne żądanie         13 803 ms  /ridemore/odkrycia           /ridemore/assets/tiles/slady/me/8/145/87.png?v=1
[2026-09-02 19:48:48] wolne żądanie         13 803 ms  /ridemore/odkrycia           /ridemore/assets/tiles/slady/me/8/140/85.png?v=1
[2026-09-02 19:48:48] wolne żądanie         13 803 ms  /ridemore/odkrycia           /ridemore/assets/tiles/slady/me/8/145/85.png?v=1
[2026-09-02 19:48:48] wolne żądanie         13 803 ms  /ridemore/odkrycia           /ridemore/assets/tiles/slady/me/8/140/88.png?v=1
[2026-09-02 19:48:48] wolne żądanie         13 803 ms  /ridemore/odkrycia           /ridemore/assets/tiles/slady/me/8/145/88.png?v=1
[2026-09-02 19:48:48] kafle                      212 ms  /ridemore/odkrycia           24/24 kafli
[2026-09-02 19:48:48] wolne żądanie          2 859 ms  /ridemore/odkrycia           /ridemore/assets/tiles/slady/kd-historical/14/9179/5508.png?v=10
[2026-09-02 19:48:48] wolne żądanie          2 859 ms  /ridemore/odkrycia           /ridemore/assets/tiles/slady/kd-historical/14/9184/5508.png?v=10
[2026-09-02 19:48:48] wolne żądanie          2 859 ms  /ridemore/odkrycia           /ridemore/assets/tiles/slady/kd-historical/14/9179/5509.png?v=10
[2026-09-02 19:48:48] wolne żądanie          2 859 ms  /ridemore/odkrycia           /ridemore/assets/tiles/slady/kd-historical/14/9184/5509.png?v=10
[2026-09-02 19:48:48] wolne żądanie          2 859 ms  /ridemore/odkrycia           /ridemore/assets/tiles/slady/kn-historical/14/9181/5508.png?v=2
[2026-09-02 19:48:48] wolne żądanie          2 859 ms  /ridemore/odkrycia           /ridemore/assets/tiles/slady/kn-historical/14/9182/5508.png?v=2
[2026-09-02 19:48:48] wolne żądanie          2 859 ms  /ridemore/odkrycia           /ridemore/assets/tiles/slady/kn-historical/14/9180/5508.png?v=2
[2026-09-02 19:48:48] wolne żądanie          2 858 ms  /ridemore/odkrycia           /ridemore/assets/tiles/slady/kn-historical/14/9183/5508.png?v=2
[2026-09-02 19:48:48] wolne żądanie          2 858 ms  /ridemore/odkrycia           /ridemore/assets/tiles/slady/kn-historical/14/9181/5509.png?v=2
[2026-09-02 19:48:48] wolne żądanie          2 858 ms  /ridemore/odkrycia           /ridemore/assets/tiles/slady/kn-historical/14/9182/5509.png?v=2
[2026-09-02 19:48:48] wolne żądanie          2 858 ms  /ridemore/odkrycia           /ridemore/assets/tiles/slady/kn-historical/14/9180/5509.png?v=2
[2026-09-02 19:48:48] wolne żądanie          2 858 ms  /ridemore/odkrycia           /ridemore/assets/tiles/slady/kn-historical/14/9183/5509.png?v=2
[2026-09-02 19:48:48] wolne żądanie          2 858 ms  /ridemore/odkrycia           /ridemore/assets/tiles/slady/kn-historical/14/9179/5508.png?v=2
[2026-09-02 19:48:48] wolne żądanie          2 858 ms  /ridemore/odkrycia           /ridemore/assets/tiles/slady/kn-historical/14/9184/5508.png?v=2
[2026-09-02 19:48:48] wolne żądanie          2 858 ms  /ridemore/odkrycia           /ridemore/assets/tiles/slady/kn-historical/14/9179/5509.png?v=2
[2026-09-02 19:48:48] wolne żądanie          2 858 ms  /ridemore/odkrycia           /ridemore/assets/tiles/slady/kn-historical/14/9184/5509.png?v=2
[2026-09-02 19:48:48] wolne żądanie          2 857 ms  /ridemore/odkrycia           /ridemore/assets/tiles/slady/me/14/9181/5508.png?v=1
[2026-09-02 19:48:48] wolne żądanie          2 857 ms  /ridemore/odkrycia           /ridemore/assets/tiles/slady/me/14/9182/5508.png?v=1
[2026-09-02 19:48:48] wolne żądanie          2 857 ms  /ridemore/odkrycia           /ridemore/assets/tiles/slady/me/14/9180/5508.png?v=1
[2026-09-02 19:48:48] wolne żądanie          2 857 ms  /ridemore/odkrycia           /ridemore/assets/tiles/slady/me/14/9183/5508.png?v=1
[2026-09-02 19:48:48] wolne żądanie          2 857 ms  /ridemore/odkrycia           /ridemore/assets/tiles/slady/me/14/9181/5509.png?v=1
[2026-09-02 19:48:48] wolne żądanie          2 857 ms  /ridemore/odkrycia           /ridemore/assets/tiles/slady/me/14/9182/5509.png?v=1
[2026-09-02 19:48:48] wolne żądanie          2 857 ms  /ridemore/odkrycia           /ridemore/assets/tiles/slady/me/14/9180/5509.png?v=1
[2026-09-02 19:48:48] wolne żądanie          2 857 ms  /ridemore/odkrycia           /ridemore/assets/tiles/slady/me/14/9183/5509.png?v=1
[2026-09-02 19:48:48] wolne żądanie          2 856 ms  /ridemore/odkrycia           /ridemore/assets/tiles/slady/me/14/9179/5508.png?v=1
[2026-09-02 19:48:48] wolne żądanie          2 856 ms  /ridemore/odkrycia           /ridemore/assets/tiles/slady/me/14/9184/5508.png?v=1
[2026-09-02 19:48:48] wolne żądanie          2 856 ms  /ridemore/odkrycia           /ridemore/assets/tiles/slady/me/14/9179/5509.png?v=1
[2026-09-02 19:48:48] wolne żądanie          2 856 ms  /ridemore/odkrycia           /ridemore/assets/tiles/slady/me/14/9184/5509.png?v=1
[2026-09-02 19:48:48] kafle                      141 ms  /ridemore/odkrycia           12/12 kafli
[2026-09-02 19:48:48] wolne żądanie          3 125 ms  /ridemore/odkrycia           /ridemore/assets/tiles/slady/kd-historical/14/9179/5507.png?v=10
[2026-09-02 19:48:48] wolne żądanie          3 125 ms  /ridemore/odkrycia           /ridemore/assets/tiles/slady/kd-historical/14/9184/5507.png?v=10
[2026-09-02 19:48:48] wolne żądanie          3 125 ms  /ridemore/odkrycia           /ridemore/assets/tiles/slady/kd-historical/14/9179/5506.png?v=10
[2026-09-02 19:48:48] wolne żądanie          3 125 ms  /ridemore/odkrycia           /ridemore/assets/tiles/slady/kd-historical/14/9184/5506.png?v=10
[2026-09-02 19:48:48] wolne żądanie          3 125 ms  /ridemore/odkrycia           /ridemore/assets/tiles/slady/kn-historical/14/9181/5507.png?v=2
[2026-09-02 19:48:48] wolne żądanie          3 125 ms  /ridemore/odkrycia           /ridemore/assets/tiles/slady/kn-historical/14/9182/5507.png?v=2
[2026-09-02 19:48:48] wolne żądanie          3 125 ms  /ridemore/odkrycia           /ridemore/assets/tiles/slady/kn-historical/14/9181/5506.png?v=2
[2026-09-02 19:48:48] wolne żądanie          3 125 ms  /ridemore/odkrycia           /ridemore/assets/tiles/slady/kn-historical/14/9182/5506.png?v=2
[2026-09-02 19:48:48] wolne żądanie          3 125 ms  /ridemore/odkrycia           /ridemore/assets/tiles/slady/kn-historical/14/9180/5507.png?v=2
[2026-09-02 19:48:48] wolne żądanie          3 124 ms  /ridemore/odkrycia           /ridemore/assets/tiles/slady/kn-historical/14/9183/5507.png?v=2
[2026-09-02 19:48:48] wolne żądanie          3 124 ms  /ridemore/odkrycia           /ridemore/assets/tiles/slady/kn-historical/14/9180/5506.png?v=2
[2026-09-02 19:48:48] wolne żądanie          3 124 ms  /ridemore/odkrycia           /ridemore/assets/tiles/slady/kn-historical/14/9183/5506.png?v=2
[2026-09-02 19:48:48] wolne żądanie          3 124 ms  /ridemore/odkrycia           /ridemore/assets/tiles/slady/kn-historical/14/9179/5507.png?v=2
[2026-09-02 19:48:48] wolne żądanie          3 124 ms  /ridemore/odkrycia           /ridemore/assets/tiles/slady/kn-historical/14/9184/5507.png?v=2
[2026-09-02 19:48:48] wolne żądanie          3 124 ms  /ridemore/odkrycia           /ridemore/assets/tiles/slady/kn-historical/14/9179/5506.png?v=2
[2026-09-02 19:48:48] wolne żądanie          3 124 ms  /ridemore/odkrycia           /ridemore/assets/tiles/slady/kn-historical/14/9184/5506.png?v=2
[2026-09-02 19:48:48] wolne żądanie          3 123 ms  /ridemore/odkrycia           /ridemore/assets/tiles/slady/me/14/9181/5507.png?v=1
[2026-09-02 19:48:48] wolne żądanie          3 123 ms  /ridemore/odkrycia           /ridemore/assets/tiles/slady/me/14/9182/5507.png?v=1
[2026-09-02 19:48:48] wolne żądanie          3 123 ms  /ridemore/odkrycia           /ridemore/assets/tiles/slady/me/14/9181/5506.png?v=1
[2026-09-02 19:48:48] wolne żądanie          3 123 ms  /ridemore/odkrycia           /ridemore/assets/tiles/slady/me/14/9182/5506.png?v=1
[2026-09-02 19:48:48] wolne żądanie          3 123 ms  /ridemore/odkrycia           /ridemore/assets/tiles/slady/me/14/9180/5507.png?v=1
[2026-09-02 19:48:48] wolne żądanie          3 123 ms  /ridemore/odkrycia           /ridemore/assets/tiles/slady/me/14/9183/5507.png?v=1
[2026-09-02 19:48:48] wolne żądanie          3 123 ms  /ridemore/odkrycia           /ridemore/assets/tiles/slady/me/14/9180/5506.png?v=1
[2026-09-02 19:48:48] wolne żądanie          3 123 ms  /ridemore/odkrycia           /ridemore/assets/tiles/slady/me/14/9183/5506.png?v=1
[2026-09-02 19:48:48] wolne żądanie          3 123 ms  /ridemore/odkrycia           /ridemore/assets/tiles/slady/me/14/9179/5507.png?v=1
[2026-09-02 19:48:48] wolne żądanie          3 123 ms  /ridemore/odkrycia           /ridemore/assets/tiles/slady/me/14/9184/5507.png?v=1
[2026-09-02 19:48:48] wolne żądanie          3 122 ms  /ridemore/odkrycia           /ridemore/assets/tiles/slady/me/14/9179/5506.png?v=1
[2026-09-02 19:48:48] wolne żądanie          3 122 ms  /ridemore/odkrycia           /ridemore/assets/tiles/slady/me/14/9184/5506.png?v=1
[2026-09-02 19:48:48] kafle                      213 ms  /ridemore/odkrycia           21/21 kafli
[2026-09-02 19:48:48] pola odkryć                 1 ms  /ridemore/odkrycia           bez odpowiedzi
[2026-09-02 19:48:48] skarby w kadrze              0 ms  /ridemore/odkrycia           bez odpowiedzi
[2026-09-02 19:48:48] wolne żądanie          3 117 ms  /ridemore/odkrycia           /ridemore/api/discovery/cells?scope=me&zoom=14&north=50.69814300040804&south=50.660180410044724&east=21.805028915405273&west=21.6939640045166
[2026-09-02 19:48:48] wolne żądanie          3 117 ms  /ridemore/odkrycia           /ridemore/api/treasures?north=50.69814300040804&south=50.660180410044724&east=21.805028915405273&west=21.6939640045166&zoom=14
[2026-09-02 19:49:03] kafle                      187 ms  /ridemore/odkrycia           21/21 kafli
[2026-09-02 19:49:03] wolne żądanie          1 516 ms  /ridemore/odkrycia           /ridemore/assets/tiles/slady/kd-historical/12/2294/1375.png?v=10
[2026-09-02 19:49:03] wolne żądanie          1 593 ms  /ridemore/odkrycia           /ridemore/assets/tiles/slady/kd-historical/12/2293/1375.png?v=10
[2026-09-02 19:49:03] wolne żądanie          1 592 ms  /ridemore/odkrycia           /ridemore/assets/tiles/slady/kd-historical/12/2292/1375.png?v=10
[2026-09-02 19:49:03] wolne żądanie          1 592 ms  /ridemore/odkrycia           /ridemore/assets/tiles/slady/kn-historical/12/2294/1375.png?v=2
[2026-09-02 19:49:03] wolne żądanie          1 592 ms  /ridemore/odkrycia           /ridemore/assets/tiles/slady/kn-historical/12/2293/1375.png?v=2
[2026-09-02 19:49:03] wolne żądanie          1 591 ms  /ridemore/odkrycia           /ridemore/assets/tiles/slady/kn-historical/12/2292/1375.png?v=2
[2026-09-02 19:49:03] wolne żądanie          1 592 ms  /ridemore/odkrycia           /ridemore/assets/tiles/slady/me/12/2294/1375.png?v=1
[2026-09-02 19:49:03] wolne żądanie          1 591 ms  /ridemore/odkrycia           /ridemore/assets/tiles/slady/me/12/2293/1375.png?v=1
[2026-09-02 19:49:03] wolne żądanie          1 591 ms  /ridemore/odkrycia           /ridemore/assets/tiles/slady/me/12/2292/1375.png?v=1
[2026-09-02 19:49:03] kafle                      211 ms  /ridemore/odkrycia           18/18 kafli
[2026-09-02 19:49:03] pola odkryć                 1 ms  /ridemore/odkrycia           bez odpowiedzi
[2026-09-02 19:49:03] skarby w kadrze              0 ms  /ridemore/odkrycia           bez odpowiedzi
[2026-09-02 19:49:03] wolne żądanie          1 587 ms  /ridemore/odkrycia           /ridemore/api/discovery/cells?scope=me&zoom=12&north=50.783582246291026&south=50.63182441930938&east=21.97746276855469&west=21.533203125000004
[2026-09-02 19:49:03] wolne żądanie          1 587 ms  /ridemore/odkrycia           /ridemore/api/treasures?north=50.783582246291026&south=50.63182441930938&east=21.97746276855469&west=21.533203125000004&zoom=12
[2026-09-02 19:49:03] wolne żądanie          1 514 ms  /ridemore/odkrycia           /ridemore/assets/tiles/slady/kd-historical/10/571/343.png?v=10
[2026-09-02 19:49:03] wolne żądanie          1 585 ms  /ridemore/odkrycia           /ridemore/assets/tiles/slady/kd-historical/10/574/343.png?v=10
[2026-09-02 19:49:03] wolne żądanie          1 647 ms  /ridemore/odkrycia           /ridemore/assets/tiles/slady/kd-historical/10/571/342.png?v=10
[2026-09-02 19:49:03] wolne żądanie          1 725 ms  /ridemore/odkrycia           /ridemore/assets/tiles/slady/kd-historical/10/574/342.png?v=10
[2026-09-02 19:49:03] wolne żądanie          1 728 ms  /ridemore/odkrycia           /ridemore/assets/tiles/slady/kd-historical/10/575/344.png?v=10
[2026-09-02 19:49:03] wolne żądanie          1 786 ms  /ridemore/odkrycia           /ridemore/assets/tiles/slady/kd-historical/10/570/343.png?v=10
[2026-09-02 19:49:03] wolne żądanie          1 867 ms  /ridemore/odkrycia           /ridemore/assets/tiles/slady/kd-historical/10/575/343.png?v=10
[2026-09-02 19:49:03] wolne żądanie          1 929 ms  /ridemore/odkrycia           /ridemore/assets/tiles/slady/kd-historical/10/570/342.png?v=10
[2026-09-02 19:49:03] wolne żądanie          2 007 ms  /ridemore/odkrycia           /ridemore/assets/tiles/slady/kd-historical/10/575/342.png?v=10
[2026-09-02 19:49:03] wolne żądanie          2 008 ms  /ridemore/odkrycia           /ridemore/assets/tiles/slady/kn-historical/10/572/344.png?v=2
[2026-09-02 19:49:03] wolne żądanie          2 011 ms  /ridemore/odkrycia           /ridemore/assets/tiles/slady/kn-historical/10/573/344.png?v=2
[2026-09-02 19:49:03] wolne żądanie          2 067 ms  /ridemore/odkrycia           /ridemore/assets/tiles/slady/kd-historical/10/570/344.png?v=10
[2026-09-02 19:49:03] trasy ukończone         6 789 ms  /ridemore/odkrycia           38/103 kafli
[2026-09-02 19:49:03] wolne żądanie          2 136 ms  /ridemore/odkrycia           /ridemore/assets/tiles/slady/kn-historical/10/572/343.png?v=2
[2026-09-02 19:49:03] wolne żądanie          2 188 ms  /ridemore/odkrycia           /ridemore/assets/tiles/slady/kn-historical/10/573/343.png?v=2
[2026-09-02 19:49:03] wolne żądanie          2 245 ms  /ridemore/odkrycia           /ridemore/assets/tiles/slady/kn-historical/10/572/342.png?v=2
[2026-09-02 19:49:03] wolne żądanie          2 248 ms  /ridemore/odkrycia           /ridemore/assets/tiles/slady/kn-historical/10/571/344.png?v=2
[2026-09-02 19:49:03] wolne żądanie          2 250 ms  /ridemore/odkrycia           /ridemore/assets/tiles/slady/kn-historical/10/574/344.png?v=2
[2026-09-02 19:49:03] wolne żądanie          2 325 ms  /ridemore/odkrycia           /ridemore/assets/tiles/slady/kn-historical/10/573/342.png?v=2
[2026-09-02 19:49:03] wolne żądanie          2 382 ms  /ridemore/odkrycia           /ridemore/assets/tiles/slady/kn-historical/10/571/343.png?v=2
[2026-09-02 19:49:03] wolne żądanie          2 451 ms  /ridemore/odkrycia           /ridemore/assets/tiles/slady/kn-historical/10/574/343.png?v=2
[2026-09-02 19:49:03] wolne żądanie          2 533 ms  /ridemore/odkrycia           /ridemore/assets/tiles/slady/kn-historical/10/571/342.png?v=2
[2026-09-02 19:49:03] wolne żądanie          2 587 ms  /ridemore/odkrycia           /ridemore/assets/tiles/slady/kn-historical/10/574/342.png?v=2
[2026-09-02 19:49:03] wolne żądanie          2 589 ms  /ridemore/odkrycia           /ridemore/assets/tiles/slady/kn-historical/10/575/344.png?v=2
[2026-09-02 19:49:03] wolne żądanie          2 657 ms  /ridemore/odkrycia           /ridemore/assets/tiles/slady/kn-historical/10/570/343.png?v=2
[2026-09-02 19:49:03] wolne żądanie          2 710 ms  /ridemore/odkrycia           /ridemore/assets/tiles/slady/kn-historical/10/575/343.png?v=2
[2026-09-02 19:49:03] wolne żądanie          2 783 ms  /ridemore/odkrycia           /ridemore/assets/tiles/slady/kn-historical/10/570/342.png?v=2
[2026-09-02 19:49:03] wolne żądanie          2 855 ms  /ridemore/odkrycia           /ridemore/assets/tiles/slady/kn-historical/10/575/342.png?v=2
[2026-09-02 19:49:03] wolne żądanie          2 905 ms  /ridemore/odkrycia           /ridemore/assets/tiles/slady/kn-historical/10/570/344.png?v=2
[2026-09-02 19:49:03] trasy nieukończone      7 624 ms  /ridemore/odkrycia           18/111 kafli
[2026-09-02 19:49:03] wolne żądanie          3 537 ms  /ridemore/odkrycia           /ridemore/assets/tiles/slady/me/10/572/343.png?v=1
[2026-09-02 19:49:03] wolne żądanie          4 160 ms  /ridemore/odkrycia           /ridemore/assets/tiles/slady/me/10/573/343.png?v=1
[2026-09-02 19:49:03] wolne żądanie          4 796 ms  /ridemore/odkrycia           /ridemore/assets/tiles/slady/me/10/572/342.png?v=1
[2026-09-02 19:49:03] wolne żądanie          5 464 ms  /ridemore/odkrycia           /ridemore/assets/tiles/slady/me/10/573/342.png?v=1
[2026-09-02 19:49:03] wolne żądanie          6 081 ms  /ridemore/odkrycia           /ridemore/assets/tiles/slady/me/10/572/344.png?v=1
[2026-09-02 19:49:03] wolne żądanie          6 745 ms  /ridemore/odkrycia           /ridemore/assets/tiles/slady/me/10/573/344.png?v=1
[2026-09-02 19:49:03] wolne żądanie          7 374 ms  /ridemore/odkrycia           /ridemore/assets/tiles/slady/me/10/571/343.png?v=1
[2026-09-02 19:49:03] wolne żądanie          7 988 ms  /ridemore/odkrycia           /ridemore/assets/tiles/slady/me/10/574/343.png?v=1
[2026-09-02 19:49:03] wolne żądanie          8 587 ms  /ridemore/odkrycia           /ridemore/assets/tiles/slady/me/10/571/342.png?v=1
[2026-09-02 19:49:03] wolne żądanie          9 215 ms  /ridemore/odkrycia           /ridemore/assets/tiles/slady/me/10/574/342.png?v=1
[2026-09-02 19:49:03] wolne żądanie          9 835 ms  /ridemore/odkrycia           /ridemore/assets/tiles/slady/me/10/571/344.png?v=1
[2026-09-02 19:49:03] wolne żądanie         10 468 ms  /ridemore/odkrycia           /ridemore/assets/tiles/slady/me/10/574/344.png?v=1
[2026-09-02 19:49:03] wolne żądanie         11 070 ms  /ridemore/odkrycia           /ridemore/assets/tiles/slady/me/10/570/343.png?v=1
[2026-09-02 19:49:03] wolne żądanie         11 676 ms  /ridemore/odkrycia           /ridemore/assets/tiles/slady/me/10/575/343.png?v=1
[2026-09-02 19:49:03] wolne żądanie         12 286 ms  /ridemore/odkrycia           /ridemore/assets/tiles/slady/me/10/570/342.png?v=1
[2026-09-02 19:49:03] wolne żądanie         12 897 ms  /ridemore/odkrycia           /ridemore/assets/tiles/slady/me/10/575/342.png?v=1
[2026-09-02 19:49:03] wolne żądanie         13 502 ms  /ridemore/odkrycia           /ridemore/assets/tiles/slady/me/10/570/344.png?v=1
[2026-09-02 19:49:03] wolne żądanie         14 121 ms  /ridemore/odkrycia           /ridemore/assets/tiles/slady/me/10/575/344.png?v=1
[2026-09-02 19:49:03] ślady przejazdów      32 632 ms  /ridemore/odkrycia           36/135 kafli
[2026-09-02 19:49:03] rysowanie pól               1 ms  /ridemore/odkrycia           27 pól
[2026-09-02 19:49:03] wolne żądanie         13 890 ms  /ridemore/odkrycia           /ridemore/api/discovery/cells?scope=me&zoom=10&north=51.15264750308282&south=50.54747185651962&east=22.343444824218754&west=20.566406250000004
[2026-09-02 19:49:03] wolne żądanie         13 900 ms  /ridemore/odkrycia           /ridemore/api/treasures?north=51.15264750308282&south=50.54747185651962&east=22.343444824218754&west=20.566406250000004&zoom=10
[2026-09-02 19:49:09] kafle                      267 ms  /ridemore/odkrycia?mapa=spolecznosc 24/24 kafli
[2026-09-02 19:49:09] znane trasy                315 ms  /ridemore/odkrycia?mapa=spolecznosc 24/24 kafli
[2026-09-02 19:49:12] wolne żądanie          5 235 ms  /ridemore/odkrycia?mapa=spolecznosc /ridemore/assets/tiles/slady/all/8/143/87.png?v=32
[2026-09-02 19:49:12] skarby w kadrze          5 247 ms  /ridemore/odkrycia?mapa=spolecznosc 32 pinezek
[2026-09-02 19:49:12] wolne żądanie          5 246 ms  /ridemore/odkrycia?mapa=spolecznosc /ridemore/api/treasures?north=51.13455469147683&south=48.66557095325139&east=25.010375976562504&west=17.902221679687504&zoom=8
[2026-09-02 19:49:12] pola odkryć             5 285 ms  /ridemore/odkrycia?mapa=spolecznosc 81 pól
[2026-09-02 19:49:12] rysowanie pól               3 ms  /ridemore/odkrycia?mapa=spolecznosc 81 pól
[2026-09-02 19:49:12] wolne żądanie          5 285 ms  /ridemore/odkrycia?mapa=spolecznosc /ridemore/api/discovery/cells?scope=all&zoom=8&north=51.13455469147683&south=48.66557095325139&east=25.010375976562504&west=17.902221679687504
[2026-09-02 19:49:12] wolne żądanie          5 952 ms  /ridemore/odkrycia?mapa=spolecznosc /ridemore/assets/tiles/slady/all/8/144/87.png?v=32
[2026-09-02 19:49:12] ślady przejazdów       5 967 ms  /ridemore/odkrycia?mapa=spolecznosc 24/24 kafli
[2026-09-02 19:49:12] cykl mapy                5 972 ms  /ridemore/odkrycia?mapa=spolecznosc 6 zadań
[2026-09-02 19:55:16] trasy ukończone           105 ms  /ridemore/odkrycia           18/30 kafli
[2026-09-02 19:55:16] kafle                      106 ms  /ridemore/odkrycia           18/30 kafli
[2026-09-02 19:55:16] trasy nieukończone        105 ms  /ridemore/odkrycia           18/30 kafli
[2026-09-02 19:55:16] kafle                      128 ms  /ridemore/odkrycia           8/8 kafli
[2026-09-02 19:55:16] trasy ukończone           272 ms  /ridemore/odkrycia           8/8 kafli
[2026-09-02 19:55:16] trasy nieukończone        336 ms  /ridemore/odkrycia           8/8 kafli
[2026-09-02 19:55:16] skarby w kadrze             86 ms  /ridemore/odkrycia           18 pinezek
[2026-09-02 19:55:16] pola odkryć                92 ms  /ridemore/odkrycia           75 pól
[2026-09-02 19:55:16] rysowanie pól               3 ms  /ridemore/odkrycia           75 pól
[2026-09-02 19:55:16] ślady przejazdów         853 ms  /ridemore/odkrycia           26/38 kafli
[2026-09-02 19:55:16] cykl mapy                  855 ms  /ridemore/odkrycia           10 zadań
[2026-09-02 19:56:47] trasy nieukończone        103 ms  /ridemore/odkrycia           18/30 kafli
[2026-09-02 19:56:47] kafle                      105 ms  /ridemore/odkrycia           18/30 kafli
[2026-09-02 19:56:47] trasy ukończone           105 ms  /ridemore/odkrycia           18/30 kafli
[2026-09-02 19:56:47] skarby w kadrze             44 ms  /ridemore/odkrycia           31 pinezek
[2026-09-02 19:56:47] pola odkryć                80 ms  /ridemore/odkrycia           81 pól
[2026-09-02 19:56:47] rysowanie pól               3 ms  /ridemore/odkrycia           81 pól
[2026-09-02 19:56:47] ślady przejazdów         700 ms  /ridemore/odkrycia           18/30 kafli
[2026-09-02 19:56:47] cykl mapy                  702 ms  /ridemore/odkrycia           7 zadań
[2026-09-02 19:57:32] kafle                       60 ms  /ridemore/odkrycia           18/30 kafli
[2026-09-02 19:57:32] trasy ukończone            66 ms  /ridemore/odkrycia           18/18 kafli
[2026-09-02 19:57:32] trasy nieukończone         67 ms  /ridemore/odkrycia           18/18 kafli
[2026-09-02 19:57:32] skarby w kadrze             17 ms  /ridemore/odkrycia           31 pinezek
[2026-09-02 19:57:32] pola odkryć                53 ms  /ridemore/odkrycia           81 pól
[2026-09-02 19:57:32] rysowanie pól               2 ms  /ridemore/odkrycia           81 pól
[2026-09-02 19:57:32] ślady przejazdów         523 ms  /ridemore/odkrycia           18/18 kafli
[2026-09-02 19:57:32] cykl mapy                  536 ms  /ridemore/odkrycia           7 zadań
[2026-09-02 20:06:34] podkład mapy               74 ms  /ridemore/odkrycia           18/30 kafli
[2026-09-02 20:06:34] trasy ukończone            65 ms  /ridemore/odkrycia           18/18 kafli
[2026-09-02 20:06:34] trasy nieukończone         63 ms  /ridemore/odkrycia           18/18 kafli
[2026-09-02 20:06:34] skarby w kadrze            106 ms  /ridemore/odkrycia           31 pinezek
[2026-09-02 20:06:34] pola odkryć               135 ms  /ridemore/odkrycia           81 pól
[2026-09-02 20:06:34] rysowanie pól               6 ms  /ridemore/odkrycia           81 pól
[2026-09-02 20:06:34] ślady przejazdów         511 ms  /ridemore/odkrycia           18/18 kafli
[2026-09-02 20:06:34] cykl mapy                  526 ms  /ridemore/odkrycia           7 zadań
[2026-09-02 20:09:45] podkład mapy               43 ms  /ridemore/odkrycia           20/32 kafli
[2026-09-02 20:09:45] trasy ukończone            55 ms  /ridemore/odkrycia           20/32 kafli
[2026-09-02 20:09:45] trasy nieukończone         68 ms  /ridemore/odkrycia           20/32 kafli
[2026-09-02 20:09:50] pola odkryć                 6 ms  /ridemore/odkrycia           bez odpowiedzi
[2026-09-02 20:09:50] podkład mapy               36 ms  /ridemore/odkrycia           20/20 kafli
[2026-09-02 20:09:50] trasy ukończone            34 ms  /ridemore/odkrycia           20/20 kafli
[2026-09-02 20:09:50] trasy nieukończone         30 ms  /ridemore/odkrycia           20/20 kafli
[2026-09-02 20:09:50] skarby w kadrze             66 ms  /ridemore/odkrycia           31 pinezek
[2026-09-02 20:09:50] rysowanie pól               8 ms  /ridemore/odkrycia           81 pól
[2026-09-02 20:09:50] ślady przejazdów         736 ms  /ridemore/odkrycia           20/20 kafli
[2026-09-02 20:09:50] cykl mapy                  751 ms  /ridemore/odkrycia           8 zadań
[2026-09-02 20:10:44] podkład mapy               31 ms  /ridemore/odkrycia           20/20 kafli
[2026-09-02 20:10:44] trasy ukończone            29 ms  /ridemore/odkrycia           20/20 kafli
[2026-09-02 20:10:44] trasy nieukończone         27 ms  /ridemore/odkrycia           20/20 kafli
[2026-09-02 20:10:44] skarby w kadrze             22 ms  /ridemore/odkrycia           31 pinezek
[2026-09-02 20:10:44] pola odkryć                52 ms  /ridemore/odkrycia           81 pól
[2026-09-02 20:10:44] rysowanie pól               5 ms  /ridemore/odkrycia           81 pól
[2026-09-02 20:10:44] ślady przejazdów         667 ms  /ridemore/odkrycia           20/20 kafli
[2026-09-02 20:10:44] cykl mapy                  680 ms  /ridemore/odkrycia           8 zadań
[2026-09-02 20:10:49] skarby w kadrze             60 ms  /ridemore/odkrycia           31 pinezek
[2026-09-02 20:10:49] pola odkryć               135 ms  /ridemore/odkrycia           81 pól
[2026-09-02 20:10:49] cykl mapy                  135 ms  /ridemore/odkrycia           2 zadań
[2026-09-02 20:10:49] rysowanie pól               1 ms  /ridemore/odkrycia           81 pól
[2026-09-02 20:10:49] cykl mapy                    1 ms  /ridemore/odkrycia           1 zadań
[2026-09-02 20:11:23] podkład mapy               24 ms  /ridemore/odkrycia?mapa=spolecznosc 20/20 kafli
[2026-09-02 20:11:23] skarby w kadrze             21 ms  /ridemore/odkrycia?mapa=spolecznosc 31 pinezek
[2026-09-02 20:11:23] pola odkryć                46 ms  /ridemore/odkrycia?mapa=spolecznosc 81 pól
[2026-09-02 20:11:23] rysowanie pól               5 ms  /ridemore/odkrycia?mapa=spolecznosc 81 pól
[2026-09-02 20:11:23] znane trasy                 57 ms  /ridemore/odkrycia?mapa=spolecznosc 20/20 kafli
[2026-09-02 20:11:23] ślady przejazdów         147 ms  /ridemore/odkrycia?mapa=spolecznosc 20/20 kafli
[2026-09-02 20:11:23] cykl mapy                  153 ms  /ridemore/odkrycia?mapa=spolecznosc 7 zadań
[2026-09-02 20:11:28] pola odkryć                40 ms  /ridemore/odkrycia?mapa=spolecznosc 81 pól
[2026-09-02 20:11:28] rysowanie pól               1 ms  /ridemore/odkrycia?mapa=spolecznosc 81 pól
[2026-09-02 20:11:28] skarby w kadrze             57 ms  /ridemore/odkrycia?mapa=spolecznosc 31 pinezek
[2026-09-02 20:11:28] cykl mapy                   57 ms  /ridemore/odkrycia?mapa=spolecznosc 3 zadań
[2026-09-02 20:11:45] podkład mapy               34 ms  /ridemore/odkrycia           20/20 kafli
[2026-09-02 20:11:45] trasy ukończone            33 ms  /ridemore/odkrycia           20/20 kafli
[2026-09-02 20:11:45] trasy nieukończone         33 ms  /ridemore/odkrycia           20/20 kafli
[2026-09-02 20:11:45] skarby w kadrze             34 ms  /ridemore/odkrycia           31 pinezek
[2026-09-02 20:11:45] pola odkryć                81 ms  /ridemore/odkrycia           81 pól
[2026-09-02 20:11:45] rysowanie pól               4 ms  /ridemore/odkrycia           81 pól
[2026-09-02 20:11:45] ślady przejazdów         725 ms  /ridemore/odkrycia           20/20 kafli
[2026-09-02 20:11:45] cykl mapy                  738 ms  /ridemore/odkrycia           8 zadań
[2026-09-02 20:11:51] skarby w kadrze             23 ms  /ridemore/odkrycia           31 pinezek
[2026-09-02 20:11:51] pola odkryć                73 ms  /ridemore/odkrycia           81 pól
[2026-09-02 20:11:51] rysowanie pól               1 ms  /ridemore/odkrycia           81 pól
[2026-09-02 20:11:51] cykl mapy                   74 ms  /ridemore/odkrycia           3 zadań
[2026-09-02 20:12:35] skarby w kadrze             31 ms  /ridemore/odkrycia           18 pinezek
[2026-09-02 20:12:35] pola odkryć                42 ms  /ridemore/odkrycia           50 pól
[2026-09-02 20:12:35] rysowanie pól               7 ms  /ridemore/odkrycia           50 pól
[2026-09-02 20:12:35] skarby w kadrze             37 ms  /ridemore/odkrycia           10 pinezek
[2026-09-02 20:12:35] pola odkryć                65 ms  /ridemore/odkrycia           55 pól
[2026-09-02 20:12:35] rysowanie pól               5 ms  /ridemore/odkrycia           55 pól
[2026-09-02 20:12:35] wolne żądanie          1 516 ms  /ridemore/odkrycia           /ridemore/assets/tiles/slady/kd-historical/9/285/175.png?v=10
[2026-09-02 20:12:35] wolne żądanie          1 567 ms  /ridemore/odkrycia           /ridemore/assets/tiles/slady/kd-historical/9/287/175.png?v=10
[2026-09-02 20:12:35] wolne żądanie          1 575 ms  /ridemore/odkrycia           /ridemore/assets/tiles/slady/kd-historical/9/288/174.png?v=10
[2026-09-02 20:12:35] wolne żądanie          1 585 ms  /ridemore/odkrycia           /ridemore/assets/tiles/slady/kd-historical/9/284/173.png?v=10
[2026-09-02 20:12:35] wolne żądanie          1 662 ms  /ridemore/odkrycia           /ridemore/assets/tiles/slady/kd-historical/9/284/175.png?v=10
[2026-09-02 20:12:35] wolne żądanie          1 662 ms  /ridemore/odkrycia           /ridemore/assets/tiles/slady/kd-historical/9/288/173.png?v=10
[2026-09-02 20:12:35] podkład mapy            1 721 ms  /ridemore/odkrycia           20/20 kafli
[2026-09-02 20:12:35] wolne żądanie          1 714 ms  /ridemore/odkrycia           /ridemore/assets/tiles/slady/kd-historical/9/288/175.png?v=10
[2026-09-02 20:12:35] wolne żądanie          1 719 ms  /ridemore/odkrycia           /ridemore/assets/tiles/slady/kn-historical/9/286/174.png?v=2
[2026-09-02 20:12:35] wolne żądanie          1 737 ms  /ridemore/odkrycia           /ridemore/assets/tiles/slady/kn-historical/9/286/173.png?v=2
[2026-09-02 20:12:35] wolne żądanie          1 759 ms  /ridemore/odkrycia           /ridemore/assets/tiles/slady/kn-historical/9/285/174.png?v=2
[2026-09-02 20:12:35] wolne żądanie          1 779 ms  /ridemore/odkrycia           /ridemore/assets/tiles/slady/kn-historical/9/287/174.png?v=2
[2026-09-02 20:12:35] wolne żądanie          1 821 ms  /ridemore/odkrycia           /ridemore/assets/tiles/slady/kn-historical/9/286/175.png?v=2
[2026-09-02 20:12:35] wolne żądanie          1 853 ms  /ridemore/odkrycia           /ridemore/assets/tiles/slady/kn-historical/9/285/173.png?v=2
[2026-09-02 20:12:35] wolne żądanie          1 873 ms  /ridemore/odkrycia           /ridemore/assets/tiles/slady/kn-historical/9/287/173.png?v=2
[2026-09-02 20:12:35] wolne żądanie          1 901 ms  /ridemore/odkrycia           /ridemore/assets/tiles/slady/kn-historical/9/285/175.png?v=2
[2026-09-02 20:12:35] wolne żądanie          1 915 ms  /ridemore/odkrycia           /ridemore/assets/tiles/slady/kn-historical/9/287/175.png?v=2
[2026-09-02 20:12:35] wolne żądanie          1 946 ms  /ridemore/odkrycia           /ridemore/assets/tiles/slady/kn-historical/9/284/174.png?v=2
[2026-09-02 20:12:35] wolne żądanie          1 966 ms  /ridemore/odkrycia           /ridemore/assets/tiles/slady/kn-historical/9/288/174.png?v=2
[2026-09-02 20:12:35] wolne żądanie          1 987 ms  /ridemore/odkrycia           /ridemore/assets/tiles/slady/kn-historical/9/284/173.png?v=2
[2026-09-02 20:12:35] wolne żądanie          2 005 ms  /ridemore/odkrycia           /ridemore/assets/tiles/slady/kn-historical/9/288/173.png?v=2
[2026-09-02 20:12:35] wolne żądanie          2 026 ms  /ridemore/odkrycia           /ridemore/assets/tiles/slady/kn-historical/9/284/175.png?v=2
[2026-09-02 20:12:35] wolne żądanie          2 046 ms  /ridemore/odkrycia           /ridemore/assets/tiles/slady/kn-historical/9/288/175.png?v=2
[2026-09-02 20:12:35] wolne żądanie          2 084 ms  /ridemore/odkrycia           /ridemore/assets/tiles/slady/me/9/286/174.png?v=1
[2026-09-02 20:12:35] wolne żądanie          2 150 ms  /ridemore/odkrycia           /ridemore/assets/tiles/slady/me/9/285/174.png?v=1
[2026-09-02 20:12:35] wolne żądanie          2 158 ms  /ridemore/odkrycia           /ridemore/assets/tiles/slady/me/9/287/174.png?v=1
[2026-09-02 20:12:35] wolne żądanie          2 164 ms  /ridemore/odkrycia           /ridemore/assets/tiles/slady/me/9/286/175.png?v=1
[2026-09-02 20:12:35] wolne żądanie          2 179 ms  /ridemore/odkrycia           /ridemore/assets/tiles/slady/me/9/285/173.png?v=1
[2026-09-02 20:12:35] wolne żądanie          2 200 ms  /ridemore/odkrycia           /ridemore/assets/tiles/slady/me/9/287/173.png?v=1
[2026-09-02 20:12:35] wolne żądanie          2 216 ms  /ridemore/odkrycia           /ridemore/assets/tiles/slady/me/9/285/175.png?v=1
[2026-09-02 20:12:35] wolne żądanie          2 242 ms  /ridemore/odkrycia           /ridemore/assets/tiles/slady/me/9/287/175.png?v=1
[2026-09-02 20:12:35] wolne żądanie          2 272 ms  /ridemore/odkrycia           /ridemore/assets/tiles/slady/me/9/284/174.png?v=1
[2026-09-02 20:12:35] wolne żądanie          2 291 ms  /ridemore/odkrycia           /ridemore/assets/tiles/slady/me/9/286/173.png?v=1
[2026-09-02 20:12:35] wolne żądanie          2 284 ms  /ridemore/odkrycia           /ridemore/assets/tiles/slady/kd-historical/9/286/172.png?v=10
[2026-09-02 20:12:35] wolne żądanie          2 297 ms  /ridemore/odkrycia           /ridemore/assets/tiles/slady/me/9/288/174.png?v=1
[2026-09-02 20:12:35] wolne żądanie          2 299 ms  /ridemore/odkrycia           /ridemore/assets/tiles/slady/me/9/284/173.png?v=1
[2026-09-02 20:12:35] wolne żądanie          2 293 ms  /ridemore/odkrycia           /ridemore/assets/tiles/slady/kd-historical/9/284/172.png?v=10
[2026-09-02 20:12:35] wolne żądanie          2 312 ms  /ridemore/odkrycia           /ridemore/assets/tiles/slady/me/9/288/173.png?v=1
[2026-09-02 20:12:35] wolne żądanie          2 325 ms  /ridemore/odkrycia           /ridemore/assets/tiles/slady/me/9/284/175.png?v=1
[2026-09-02 20:12:35] wolne żądanie          2 361 ms  /ridemore/odkrycia           /ridemore/assets/tiles/slady/me/9/288/175.png?v=1
[2026-09-02 20:12:35] wolne żądanie          2 365 ms  /ridemore/odkrycia           /ridemore/assets/tiles/slady/kd-historical/9/285/172.png?v=10
[2026-09-02 20:12:35] wolne żądanie          2 386 ms  /ridemore/odkrycia           /ridemore/assets/tiles/slady/kd-historical/9/287/172.png?v=10
[2026-09-02 20:12:35] wolne żądanie          2 419 ms  /ridemore/odkrycia           /ridemore/assets/tiles/slady/kd-historical/9/288/172.png?v=10
[2026-09-02 20:12:35] trasy ukończone         2 446 ms  /ridemore/odkrycia           20/20 kafli
[2026-09-02 20:12:35] wolne żądanie          2 441 ms  /ridemore/odkrycia           /ridemore/assets/tiles/slady/kn-historical/9/286/172.png?v=2
[2026-09-02 20:12:35] wolne żądanie          2 458 ms  /ridemore/odkrycia           /ridemore/assets/tiles/slady/kn-historical/9/285/172.png?v=2
[2026-09-02 20:12:35] wolne żądanie          2 475 ms  /ridemore/odkrycia           /ridemore/assets/tiles/slady/kn-historical/9/287/172.png?v=2
[2026-09-02 20:12:35] wolne żądanie          2 497 ms  /ridemore/odkrycia           /ridemore/assets/tiles/slady/kn-historical/9/284/172.png?v=2
[2026-09-02 20:12:35] wolne żądanie          2 518 ms  /ridemore/odkrycia           /ridemore/assets/tiles/slady/kn-historical/9/288/172.png?v=2
[2026-09-02 20:12:35] trasy nieukończone      2 541 ms  /ridemore/odkrycia           20/20 kafli
[2026-09-02 20:12:35] wolne żądanie          2 563 ms  /ridemore/odkrycia           /ridemore/assets/tiles/slady/me/9/285/172.png?v=1
[2026-09-02 20:12:35] wolne żądanie          2 591 ms  /ridemore/odkrycia           /ridemore/assets/tiles/slady/me/9/287/172.png?v=1
[2026-09-02 20:12:35] wolne żądanie          2 601 ms  /ridemore/odkrycia           /ridemore/assets/tiles/slady/me/9/284/172.png?v=1
[2026-09-02 20:12:35] wolne żądanie          2 631 ms  /ridemore/odkrycia           /ridemore/assets/tiles/slady/me/9/288/172.png?v=1
[2026-09-02 20:12:35] wolne żądanie          2 822 ms  /ridemore/odkrycia           /ridemore/assets/tiles/slady/me/9/286/172.png?v=1
[2026-09-02 20:12:35] ślady przejazdów       2 841 ms  /ridemore/odkrycia           20/20 kafli
[2026-09-02 20:12:35] cykl mapy                2 856 ms  /ridemore/odkrycia           10 zadań
[2026-09-02 20:16:18] skarby w kadrze             25 ms  /ridemore/odkrycia           31 pinezek
[2026-09-02 20:16:18] pola odkryć                54 ms  /ridemore/odkrycia           81 pól
[2026-09-02 20:16:18] rysowanie pól               4 ms  /ridemore/odkrycia           81 pól
[2026-09-02 20:16:18] podkład mapy              289 ms  /ridemore/odkrycia           20/20 kafli
[2026-09-02 20:16:18] trasy ukończone           302 ms  /ridemore/odkrycia           20/20 kafli
[2026-09-02 20:16:18] trasy nieukończone        314 ms  /ridemore/odkrycia           20/20 kafli
[2026-09-02 20:16:18] ślady przejazdów         683 ms  /ridemore/odkrycia           20/20 kafli
[2026-09-02 20:16:18] cykl mapy                  692 ms  /ridemore/odkrycia           8 zadań
[2026-09-02 20:16:34] skarby w kadrze             52 ms  /ridemore/odkrycia           31 pinezek
[2026-09-02 20:16:34] pola odkryć                93 ms  /ridemore/odkrycia           81 pól
[2026-09-02 20:16:34] rysowanie pól               1 ms  /ridemore/odkrycia           81 pól
[2026-09-02 20:16:34] cykl mapy                   94 ms  /ridemore/odkrycia           3 zadań
[2026-09-02 20:43:25] znane trasy                290 ms  /ridemore/odkrycia?mapa=spolecznosc 24/24 kafli
[2026-09-02 20:43:25] skarby w kadrze            312 ms  /ridemore/odkrycia?mapa=spolecznosc 32 pinezek
[2026-09-02 20:43:25] pola odkryć               300 ms  /ridemore/odkrycia?mapa=spolecznosc 81 pól
[2026-09-02 20:43:25] rysowanie pól               3 ms  /ridemore/odkrycia?mapa=spolecznosc 81 pól
[2026-09-02 20:43:25] ślady przejazdów         338 ms  /ridemore/odkrycia?mapa=spolecznosc 24/24 kafli
[2026-09-02 20:43:25] podkład mapy              694 ms  /ridemore/odkrycia?mapa=spolecznosc 24/24 kafli
[2026-09-02 20:43:25] cykl mapy                  694 ms  /ridemore/odkrycia?mapa=spolecznosc 7 zadań
[2026-09-02 20:43:25] skarby w kadrze             57 ms  /ridemore/odkrycia?mapa=spolecznosc 32 pinezek
[2026-09-02 20:43:25] pola odkryć                64 ms  /ridemore/odkrycia?mapa=spolecznosc 81 pól
[2026-09-02 20:43:25] rysowanie pól               1 ms  /ridemore/odkrycia?mapa=spolecznosc 81 pól
[2026-09-02 20:43:25] cykl mapy                   65 ms  /ridemore/odkrycia?mapa=spolecznosc 3 zadań
[2026-09-02 20:43:25] podkład mapy               21 ms  /ridemore/odkrycia?mapa=spolecznosc 6/6 kafli
[2026-09-02 20:43:25] znane trasy                 31 ms  /ridemore/odkrycia?mapa=spolecznosc 6/6 kafli
[2026-09-02 20:43:25] skarby w kadrze             37 ms  /ridemore/odkrycia?mapa=spolecznosc 44 pinezek
[2026-09-02 20:43:25] pola odkryć                77 ms  /ridemore/odkrycia?mapa=spolecznosc 20 pól
[2026-09-02 20:43:25] rysowanie pól              18 ms  /ridemore/odkrycia?mapa=spolecznosc 20 pól
[2026-09-02 20:43:25] znane trasy                174 ms  /ridemore/odkrycia?mapa=spolecznosc 18/18 kafli
[2026-09-02 20:43:25] podkład mapy              262 ms  /ridemore/odkrycia?mapa=spolecznosc 18/18 kafli
[2026-09-02 20:43:25] pola odkryć               213 ms  /ridemore/odkrycia?mapa=spolecznosc 20 pól
[2026-09-02 20:43:25] rysowanie pól              14 ms  /ridemore/odkrycia?mapa=spolecznosc 20 pól
[2026-09-02 20:43:25] skarby w kadrze            235 ms  /ridemore/odkrycia?mapa=spolecznosc 44 pinezek
[2026-09-02 20:43:25] ślady przejazdów         804 ms  /ridemore/odkrycia?mapa=spolecznosc 24/24 kafli
[2026-09-02 20:43:25] cykl mapy                  806 ms  /ridemore/odkrycia?mapa=spolecznosc 11 zadań
[2026-09-02 20:43:25] podkład mapy               62 ms  /ridemore/odkrycia?mapa=spolecznosc 18/18 kafli
[2026-09-02 20:43:25] znane trasy                 62 ms  /ridemore/odkrycia?mapa=spolecznosc 18/18 kafli
[2026-09-02 20:43:25] ślady przejazdów          63 ms  /ridemore/odkrycia?mapa=spolecznosc 14/14 kafli
[2026-09-02 20:43:25] cykl mapy                   65 ms  /ridemore/odkrycia?mapa=spolecznosc 3 zadań
[2026-09-02 20:43:25] skarby w kadrze             42 ms  /ridemore/odkrycia?mapa=spolecznosc 32 pinezek
[2026-09-02 20:43:25] pola odkryć                69 ms  /ridemore/odkrycia?mapa=spolecznosc 81 pól
[2026-09-02 20:43:25] rysowanie pól               1 ms  /ridemore/odkrycia?mapa=spolecznosc 81 pól
[2026-09-02 20:43:25] cykl mapy                   70 ms  /ridemore/odkrycia?mapa=spolecznosc 3 zadań
[2026-09-02 20:43:25] skarby w kadrze             39 ms  /ridemore/odkrycia?mapa=spolecznosc 32 pinezek
[2026-09-02 20:43:25] pola odkryć                57 ms  /ridemore/odkrycia?mapa=spolecznosc 81 pól
[2026-09-02 20:43:25] rysowanie pól               1 ms  /ridemore/odkrycia?mapa=spolecznosc 81 pól
[2026-09-02 20:43:25] cykl mapy                   58 ms  /ridemore/odkrycia?mapa=spolecznosc 3 zadań
[2026-09-02 20:43:30] podkład mapy              199 ms  /ridemore/odkrycia?mapa=spolecznosc 24/24 kafli
[2026-09-02 20:43:30] znane trasy                199 ms  /ridemore/odkrycia?mapa=spolecznosc 24/24 kafli
[2026-09-02 20:43:30] pola odkryć                77 ms  /ridemore/odkrycia?mapa=spolecznosc 51 pól
[2026-09-02 20:43:30] rysowanie pól               7 ms  /ridemore/odkrycia?mapa=spolecznosc 51 pól
[2026-09-02 20:43:30] skarby w kadrze             91 ms  /ridemore/odkrycia?mapa=spolecznosc 16 pinezek
[2026-09-02 20:43:30] ślady przejazdów         382 ms  /ridemore/odkrycia?mapa=spolecznosc 24/24 kafli
[2026-09-02 20:43:30] cykl mapy                  393 ms  /ridemore/odkrycia?mapa=spolecznosc 6 zadań
[2026-09-02 20:43:30] pola odkryć                66 ms  /ridemore/odkrycia?mapa=spolecznosc 51 pól
[2026-09-02 20:43:30] rysowanie pól               9 ms  /ridemore/odkrycia?mapa=spolecznosc 51 pól
[2026-09-02 20:43:30] skarby w kadrze             90 ms  /ridemore/odkrycia?mapa=spolecznosc 16 pinezek
[2026-09-02 20:43:30] cykl mapy                   91 ms  /ridemore/odkrycia?mapa=spolecznosc 3 zadań
[2026-09-02 20:43:30] podkład mapy              141 ms  /ridemore/odkrycia?mapa=spolecznosc 24/24 kafli
[2026-09-02 20:43:30] znane trasy                364 ms  /ridemore/odkrycia?mapa=spolecznosc 24/24 kafli
[2026-09-02 20:43:30] skarby w kadrze            522 ms  /ridemore/odkrycia?mapa=spolecznosc 4 pinezek
[2026-09-02 20:43:30] pola odkryć               287 ms  /ridemore/odkrycia?mapa=spolecznosc 365 pól
[2026-09-02 20:43:30] rysowanie pól               4 ms  /ridemore/odkrycia?mapa=spolecznosc 365 pól
[2026-09-02 20:43:30] ślady przejazdów         844 ms  /ridemore/odkrycia?mapa=spolecznosc 24/24 kafli
[2026-09-02 20:43:30] cykl mapy                  849 ms  /ridemore/odkrycia?mapa=spolecznosc 7 zadań
[2026-09-02 20:43:34] podkład mapy              186 ms  /ridemore/odkrycia           24/24 kafli
[2026-09-02 20:43:34] trasy ukończone           184 ms  /ridemore/odkrycia           24/24 kafli
[2026-09-02 20:43:34] trasy nieukończone        194 ms  /ridemore/odkrycia           24/24 kafli
[2026-09-02 20:43:34] skarby w kadrze            421 ms  /ridemore/odkrycia           32 pinezek
[2026-09-02 20:43:34] pola odkryć               808 ms  /ridemore/odkrycia           81 pól
[2026-09-02 20:43:34] rysowanie pól               3 ms  /ridemore/odkrycia           81 pól
[2026-09-02 20:43:34] ślady przejazdów         882 ms  /ridemore/odkrycia           24/24 kafli
[2026-09-02 20:43:34] cykl mapy                  891 ms  /ridemore/odkrycia           8 zadań
[2026-09-02 20:43:34] podkład mapy              122 ms  /ridemore/odkrycia           18/18 kafli
[2026-09-02 20:43:34] trasy ukończone           190 ms  /ridemore/odkrycia           18/18 kafli
[2026-09-02 20:43:34] trasy nieukończone        264 ms  /ridemore/odkrycia           18/18 kafli
[2026-09-02 20:43:34] skarby w kadrze            362 ms  /ridemore/odkrycia           25 pinezek
[2026-09-02 20:43:34] pola odkryć               116 ms  /ridemore/odkrycia           60 pól
[2026-09-02 20:43:34] rysowanie pól               9 ms  /ridemore/odkrycia           60 pól
[2026-09-02 20:43:34] ślady przejazdów         659 ms  /ridemore/odkrycia           18/18 kafli
[2026-09-02 20:43:34] cykl mapy                  665 ms  /ridemore/odkrycia           8 zadań
[2026-09-02 20:43:34] podkład mapy              159 ms  /ridemore/odkrycia           24/24 kafli
[2026-09-02 20:43:34] trasy ukończone           203 ms  /ridemore/odkrycia           24/24 kafli
[2026-09-02 20:43:34] trasy nieukończone        251 ms  /ridemore/odkrycia           24/24 kafli
[2026-09-02 20:43:34] skarby w kadrze            447 ms  /ridemore/odkrycia           10 pinezek
[2026-09-02 20:43:34] pola odkryć               193 ms  /ridemore/odkrycia           111 pól
[2026-09-02 20:43:34] rysowanie pól               1 ms  /ridemore/odkrycia           111 pól
[2026-09-02 20:43:34] ślady przejazdów         731 ms  /ridemore/odkrycia           24/24 kafli
[2026-09-02 20:43:34] cykl mapy                  741 ms  /ridemore/odkrycia           8 zadań
[2026-09-02 20:43:34] podkład mapy               84 ms  /ridemore/odkrycia           6/6 kafli
[2026-09-02 20:43:34] cykl mapy                   84 ms  /ridemore/odkrycia           1 zadań
[2026-09-02 20:43:34] podkład mapy               84 ms  /ridemore/odkrycia           6/6 kafli
[2026-09-02 20:43:34] cykl mapy                   84 ms  /ridemore/odkrycia           1 zadań
[2026-09-02 20:43:38] skarby w kadrze             42 ms  /ridemore/odkrycia           12 pinezek
[2026-09-02 20:43:38] pola odkryć                63 ms  /ridemore/odkrycia           114 pól
[2026-09-02 20:43:38] rysowanie pól               2 ms  /ridemore/odkrycia           114 pól
[2026-09-02 20:43:38] trasy ukończone           278 ms  /ridemore/odkrycia           12/12 kafli
[2026-09-02 20:43:38] trasy nieukończone        451 ms  /ridemore/odkrycia           12/12 kafli
[2026-09-02 20:43:38] ślady przejazdów         669 ms  /ridemore/odkrycia           12/12 kafli
[2026-09-02 20:43:38] cykl mapy                  673 ms  /ridemore/odkrycia           6 zadań
[2026-09-02 20:43:38] trasy ukończone            16 ms  /ridemore/odkrycia           2/2 kafli
[2026-09-02 20:43:38] podkład mapy               20 ms  /ridemore/odkrycia           2/2 kafli
[2026-09-02 20:43:38] trasy nieukończone         15 ms  /ridemore/odkrycia           2/2 kafli
[2026-09-02 20:43:38] ślady przejazdów         119 ms  /ridemore/odkrycia           2/2 kafli
[2026-09-02 20:43:38] cykl mapy                  126 ms  /ridemore/odkrycia           4 zadań
[2026-09-02 20:43:38] skarby w kadrze             45 ms  /ridemore/odkrycia           1 pinezek
[2026-09-02 20:43:38] pola odkryć                48 ms  /ridemore/odkrycia           19 pól
[2026-09-02 20:43:38] rysowanie pól               4 ms  /ridemore/odkrycia           19 pól
[2026-09-02 20:43:38] podkład mapy               97 ms  /ridemore/odkrycia           24/24 kafli
[2026-09-02 20:43:38] trasy ukończone           222 ms  /ridemore/odkrycia           24/24 kafli
[2026-09-02 20:43:38] trasy nieukończone        439 ms  /ridemore/odkrycia           24/24 kafli
[2026-09-02 20:43:38] pola odkryć               582 ms  /ridemore/odkrycia           19 pól
[2026-09-02 20:43:38] rysowanie pól               3 ms  /ridemore/odkrycia           19 pól
[2026-09-02 20:43:38] skarby w kadrze            588 ms  /ridemore/odkrycia           1 pinezek
[2026-09-02 20:43:38] ślady przejazdów         879 ms  /ridemore/odkrycia           24/24 kafli
[2026-09-02 20:43:38] cykl mapy                  885 ms  /ridemore/odkrycia           10 zadań
[2026-09-02 20:43:43] ślad przejazdu             56 ms  /ridemore/odkrycia           5360 punktów
[2026-09-02 20:43:43] cykl mapy                   56 ms  /ridemore/odkrycia           1 zadań
[2026-09-02 20:43:43] podkład mapy              199 ms  /ridemore/odkrycia           24/24 kafli
[2026-09-02 20:43:43] trasy ukończone           417 ms  /ridemore/odkrycia           41/48 kafli
[2026-09-02 20:43:43] trasy nieukończone        433 ms  /ridemore/odkrycia           27/48 kafli
[2026-09-02 20:43:43] podkład mapy              176 ms  /ridemore/odkrycia           24/24 kafli
[2026-09-02 20:43:43] skarby w kadrze            237 ms  /ridemore/odkrycia           11 pinezek
[2026-09-02 20:43:43] pola odkryć               255 ms  /ridemore/odkrycia           118 pól
[2026-09-02 20:43:43] rysowanie pól               2 ms  /ridemore/odkrycia           118 pól
[2026-09-02 20:43:43] pola odkryć               465 ms  /ridemore/odkrycia           118 pól
[2026-09-02 20:43:43] rysowanie pól               1 ms  /ridemore/odkrycia           118 pól
[2026-09-02 20:43:43] skarby w kadrze            467 ms  /ridemore/odkrycia           11 pinezek
[2026-09-02 20:43:43] ślady przejazdów       1 015 ms  /ridemore/odkrycia           24/48 kafli
[2026-09-02 20:43:43] cykl mapy                1 021 ms  /ridemore/odkrycia           11 zadań
[2026-09-03 09:22:04] podkład mapy              354 ms  /ridemore/odkrycia           24/24 kafli
[2026-09-03 09:22:04] trasy ukończone           365 ms  /ridemore/odkrycia           24/24 kafli
[2026-09-03 09:22:04] trasy nieukończone        366 ms  /ridemore/odkrycia           24/24 kafli
[2026-09-03 09:22:04] skarby w kadrze            409 ms  /ridemore/odkrycia           32 pinezek
[2026-09-03 09:22:04] pola odkryć               902 ms  /ridemore/odkrycia           81 pól
[2026-09-03 09:22:04] rysowanie pól               3 ms  /ridemore/odkrycia           81 pól
[2026-09-03 09:22:04] ślady przejazdów         965 ms  /ridemore/odkrycia           24/24 kafli
[2026-09-03 09:22:04] cykl mapy                  976 ms  /ridemore/odkrycia           8 zadań
[2026-09-03 09:22:11] skarby w kadrze             78 ms  /ridemore/odkrycia           2 pinezek
[2026-09-03 09:22:11] pola odkryć                83 ms  /ridemore/odkrycia           73 pól
[2026-09-03 09:22:11] rysowanie pól               6 ms  /ridemore/odkrycia           73 pól
[2026-09-03 09:22:11] podkład mapy              195 ms  /ridemore/odkrycia           24/24 kafli
[2026-09-03 09:22:11] trasy ukończone           768 ms  /ridemore/odkrycia           24/24 kafli
[2026-09-03 09:22:11] trasy nieukończone      1 490 ms  /ridemore/odkrycia           24/24 kafli
[2026-09-03 09:22:11] wolne żądanie          1 525 ms  /ridemore/odkrycia           /ridemore/assets/tiles/slady/me/14/9116/5596.png?v=1
[2026-09-03 09:22:11] wolne żądanie          1 550 ms  /ridemore/odkrycia           /ridemore/assets/tiles/slady/me/14/9117/5596.png?v=1
[2026-09-03 09:22:11] wolne żądanie          1 567 ms  /ridemore/odkrycia           /ridemore/assets/tiles/slady/me/14/9116/5597.png?v=1
[2026-09-03 09:22:11] wolne żądanie          1 595 ms  /ridemore/odkrycia           /ridemore/assets/tiles/slady/me/14/9117/5597.png?v=1
[2026-09-03 09:22:11] wolne żądanie          1 618 ms  /ridemore/odkrycia           /ridemore/assets/tiles/slady/me/14/9116/5595.png?v=1
[2026-09-03 09:22:11] wolne żądanie          1 645 ms  /ridemore/odkrycia           /ridemore/assets/tiles/slady/me/14/9117/5595.png?v=1
[2026-09-03 09:22:11] wolne żądanie          1 669 ms  /ridemore/odkrycia           /ridemore/assets/tiles/slady/me/14/9115/5596.png?v=1
[2026-09-03 09:22:11] wolne żądanie          1 680 ms  /ridemore/odkrycia           /ridemore/assets/tiles/slady/me/14/9115/5597.png?v=1
[2026-09-03 09:22:11] wolne żądanie          1 685 ms  /ridemore/odkrycia           /ridemore/assets/tiles/slady/me/14/9118/5596.png?v=1
[2026-09-03 09:22:11] wolne żądanie          1 729 ms  /ridemore/odkrycia           /ridemore/assets/tiles/slady/me/14/9118/5597.png?v=1
[2026-09-03 09:22:11] wolne żądanie          1 749 ms  /ridemore/odkrycia           /ridemore/assets/tiles/slady/me/14/9116/5598.png?v=1
[2026-09-03 09:22:11] wolne żądanie          1 767 ms  /ridemore/odkrycia           /ridemore/assets/tiles/slady/me/14/9117/5598.png?v=1
[2026-09-03 09:22:11] wolne żądanie          1 791 ms  /ridemore/odkrycia           /ridemore/assets/tiles/slady/me/14/9118/5595.png?v=1
[2026-09-03 09:22:11] wolne żądanie          1 796 ms  /ridemore/odkrycia           /ridemore/assets/tiles/slady/me/14/9115/5595.png?v=1
[2026-09-03 09:22:11] wolne żądanie          1 806 ms  /ridemore/odkrycia           /ridemore/assets/tiles/slady/me/14/9115/5598.png?v=1
[2026-09-03 09:22:11] wolne żądanie          1 850 ms  /ridemore/odkrycia           /ridemore/assets/tiles/slady/me/14/9118/5598.png?v=1
[2026-09-03 09:22:11] wolne żądanie          1 862 ms  /ridemore/odkrycia           /ridemore/assets/tiles/slady/me/14/9114/5596.png?v=1
[2026-09-03 09:22:11] wolne żądanie          1 891 ms  /ridemore/odkrycia           /ridemore/assets/tiles/slady/me/14/9114/5597.png?v=1
[2026-09-03 09:22:11] wolne żądanie          1 892 ms  /ridemore/odkrycia           /ridemore/assets/tiles/slady/me/14/9119/5596.png?v=1
[2026-09-03 09:22:11] wolne żądanie          1 907 ms  /ridemore/odkrycia           /ridemore/assets/tiles/slady/me/14/9119/5597.png?v=1
[2026-09-03 09:22:11] wolne żądanie          1 968 ms  /ridemore/odkrycia           /ridemore/assets/tiles/slady/me/14/9114/5595.png?v=1
[2026-09-03 09:22:11] wolne żądanie          1 972 ms  /ridemore/odkrycia           /ridemore/assets/tiles/slady/me/14/9119/5595.png?v=1
[2026-09-03 09:22:11] pola odkryć             1 755 ms  /ridemore/odkrycia           73 pól
[2026-09-03 09:22:11] rysowanie pól               3 ms  /ridemore/odkrycia           73 pól
[2026-09-03 09:22:11] wolne żądanie          1 754 ms  /ridemore/odkrycia           /ridemore/api/discovery/cells?scope=me&zoom=14&north=49.44195679013197&south=49.40298687000621&east=20.375175476074222&west=20.26411056518555
[2026-09-03 09:22:11] wolne żądanie          2 003 ms  /ridemore/odkrycia           /ridemore/assets/tiles/slady/me/14/9114/5598.png?v=1
[2026-09-03 09:22:11] skarby w kadrze          1 775 ms  /ridemore/odkrycia           2 pinezek
[2026-09-03 09:22:11] wolne żądanie          1 774 ms  /ridemore/odkrycia           /ridemore/api/treasures?north=49.44195679013197&south=49.40298687000621&east=20.375175476074222&west=20.26411056518555&zoom=14
[2026-09-03 09:22:11] wolne żądanie          2 028 ms  /ridemore/odkrycia           /ridemore/assets/tiles/slady/me/14/9119/5598.png?v=1
[2026-09-03 09:22:11] ślady przejazdów       2 048 ms  /ridemore/odkrycia           24/24 kafli
[2026-09-03 09:22:11] cykl mapy                2 055 ms  /ridemore/odkrycia           10 zadań
[2026-09-03 09:22:52] trasy ukończone           261 ms  /ridemore/rowerzysta/historical 24/24 kafli
[2026-09-03 09:22:52] trasy nieukończone        265 ms  /ridemore/rowerzysta/historical 24/24 kafli
[2026-09-03 09:22:52] podkład mapy              273 ms  /ridemore/rowerzysta/historical 24/24 kafli
[2026-09-03 09:22:52] skarby w kadrze            317 ms  /ridemore/rowerzysta/historical 13 pinezek
[2026-09-03 09:22:52] ślady przejazdów         890 ms  /ridemore/rowerzysta/historical 24/24 kafli
[2026-09-03 09:22:52] pola odkryć               885 ms  /ridemore/rowerzysta/historical 81 pól
[2026-09-03 09:22:52] rysowanie pól               2 ms  /ridemore/rowerzysta/historical 81 pól
[2026-09-03 09:22:52] cykl mapy                  919 ms  /ridemore/rowerzysta/historical 8 zadań
[2026-09-03 09:22:57] skarby w kadrze             62 ms  /ridemore/rowerzysta/historical 1 pinezek
[2026-09-03 09:22:57] pola odkryć                64 ms  /ridemore/rowerzysta/historical 143 pól
[2026-09-03 09:22:57] rysowanie pól              12 ms  /ridemore/rowerzysta/historical 143 pól
[2026-09-03 09:22:57] podkład mapy              236 ms  /ridemore/rowerzysta/historical 18/18 kafli
[2026-09-03 09:22:57] wolne żądanie          1 503 ms  /ridemore/rowerzysta/historical /ridemore/assets/tiles/slady/kn-historical/13/4557/2798.png?v=2
[2026-09-03 09:22:57] wolne żądanie          1 545 ms  /ridemore/rowerzysta/historical /ridemore/assets/tiles/slady/me/13/4556/2798.png?v=1
[2026-09-03 09:22:57] wolne żądanie          1 571 ms  /ridemore/rowerzysta/historical /ridemore/assets/tiles/slady/me/13/4558/2797.png?v=1
[2026-09-03 09:22:57] wolne żądanie          1 577 ms  /ridemore/rowerzysta/historical /ridemore/assets/tiles/slady/me/13/4560/2798.png?v=1
[2026-09-03 09:22:57] ślady przejazdów       1 594 ms  /ridemore/rowerzysta/historical 18/18 kafli
[2026-09-03 09:22:57] wolne żądanie          1 591 ms  /ridemore/rowerzysta/historical /ridemore/assets/tiles/slady/kn-historical/13/4555/2798.png?v=2
[2026-09-03 09:22:57] wolne żądanie          1 612 ms  /ridemore/rowerzysta/historical /ridemore/assets/tiles/slady/kd-historical/13/4555/2797.png?v=10
[2026-09-03 09:22:57] wolne żądanie          1 635 ms  /ridemore/rowerzysta/historical /ridemore/assets/tiles/slady/kn-historical/13/4560/2797.png?v=2
[2026-09-03 09:22:57] wolne żądanie          1 676 ms  /ridemore/rowerzysta/historical /ridemore/assets/tiles/slady/kn-historical/13/4556/2797.png?v=2
[2026-09-03 09:22:57] trasy nieukończone      1 692 ms  /ridemore/rowerzysta/historical 18/18 kafli
[2026-09-03 09:22:57] wolne żądanie          1 715 ms  /ridemore/rowerzysta/historical /ridemore/assets/tiles/slady/kd-historical/13/4559/2799.png?v=10
[2026-09-03 09:22:57] trasy ukończone         1 731 ms  /ridemore/rowerzysta/historical 18/18 kafli
[2026-09-03 09:22:57] pola odkryć             1 490 ms  /ridemore/rowerzysta/historical 143 pól
[2026-09-03 09:22:57] rysowanie pól               7 ms  /ridemore/rowerzysta/historical 143 pól
[2026-09-03 09:22:57] skarby w kadrze          1 497 ms  /ridemore/rowerzysta/historical 1 pinezek
[2026-09-03 09:22:57] cykl mapy                1 755 ms  /ridemore/rowerzysta/historical 10 zadań
[2026-09-03 09:23:29] pola odkryć                85 ms  /ridemore/rowerzysta/historical 0 pól
[2026-09-03 09:23:29] rysowanie pól              13 ms  /ridemore/rowerzysta/historical 0 pól
[2026-09-03 09:23:29] skarby w kadrze            101 ms  /ridemore/rowerzysta/historical 1 pinezek
[2026-09-03 09:23:29] podkład mapy              430 ms  /ridemore/rowerzysta/historical 24/24 kafli
[2026-09-03 09:23:29] wolne żądanie          1 538 ms  /ridemore/rowerzysta/historical /ridemore/assets/tiles/slady/me/13/4599/2778.png?v=1
[2026-09-03 09:23:29] wolne żądanie          1 557 ms  /ridemore/rowerzysta/historical /ridemore/assets/tiles/slady/kd-historical/13/4597/2778.png?v=10
[2026-09-03 09:23:29] wolne żądanie          1 556 ms  /ridemore/rowerzysta/historical /ridemore/assets/tiles/slady/me/13/4598/2778.png?v=1
[2026-09-03 09:23:29] wolne żądanie          1 610 ms  /ridemore/rowerzysta/historical /ridemore/assets/tiles/slady/kn-historical/13/4597/2778.png?v=2
[2026-09-03 09:23:29] wolne żądanie          1 612 ms  /ridemore/rowerzysta/historical /ridemore/assets/tiles/slady/me/13/4601/2779.png?v=1
[2026-09-03 09:23:29] wolne żądanie          1 633 ms  /ridemore/rowerzysta/historical /ridemore/assets/tiles/slady/kn-historical/13/4597/2779.png?v=2
[2026-09-03 09:23:29] wolne żądanie          1 664 ms  /ridemore/rowerzysta/historical /ridemore/assets/tiles/slady/me/13/4597/2778.png?v=1
[2026-09-03 09:23:29] wolne żądanie          1 669 ms  /ridemore/rowerzysta/historical /ridemore/assets/tiles/slady/kd-historical/13/4597/2776.png?v=10
[2026-09-03 09:23:29] wolne żądanie          1 763 ms  /ridemore/rowerzysta/historical /ridemore/assets/tiles/slady/kn-historical/13/4602/2777.png?v=2
[2026-09-03 09:23:29] wolne żądanie          1 795 ms  /ridemore/rowerzysta/historical /ridemore/assets/tiles/slady/kn-historical/13/4601/2778.png?v=2
[2026-09-03 09:23:29] wolne żądanie          1 837 ms  /ridemore/rowerzysta/historical /ridemore/assets/tiles/slady/kn-historical/13/4599/2777.png?v=2
[2026-09-03 09:23:29] wolne żądanie          1 884 ms  /ridemore/rowerzysta/historical /ridemore/assets/tiles/slady/me/13/4598/2779.png?v=1
[2026-09-03 09:23:29] wolne żądanie          1 898 ms  /ridemore/rowerzysta/historical /ridemore/assets/tiles/slady/kn-historical/13/4601/2776.png?v=2
[2026-09-03 09:23:29] wolne żądanie          1 960 ms  /ridemore/rowerzysta/historical /ridemore/assets/tiles/slady/me/13/4600/2776.png?v=1
[2026-09-03 09:23:29] ślady przejazdów       1 975 ms  /ridemore/rowerzysta/historical 24/24 kafli
[2026-09-03 09:23:29] wolne żądanie          1 976 ms  /ridemore/rowerzysta/historical /ridemore/assets/tiles/slady/kn-historical/13/4598/2778.png?v=2
[2026-09-03 09:23:29] wolne żądanie          2 007 ms  /ridemore/rowerzysta/historical /ridemore/assets/tiles/slady/kn-historical/13/4597/2776.png?v=2
[2026-09-03 09:23:29] trasy nieukończone      2 023 ms  /ridemore/rowerzysta/historical 24/24 kafli
[2026-09-03 09:23:29] wolne żądanie          2 029 ms  /ridemore/rowerzysta/historical /ridemore/assets/tiles/slady/kd-historical/13/4601/2776.png?v=10
[2026-09-03 09:23:29] trasy ukończone         2 046 ms  /ridemore/rowerzysta/historical 24/24 kafli
[2026-09-03 09:23:29] cykl mapy                2 055 ms  /ridemore/rowerzysta/historical 7 zadań
[2026-09-03 09:23:45] ślad przejazdu             35 ms  /ridemore/rowerzysta/historical bez geometrii
[2026-09-03 09:23:45] cykl mapy                   35 ms  /ridemore/rowerzysta/historical 1 zadań
[2026-09-03 09:23:50] ślad przejazdu             39 ms  /ridemore/rowerzysta/historical bez geometrii
[2026-09-03 09:23:50] cykl mapy                   39 ms  /ridemore/rowerzysta/historical 1 zadań
[2026-09-03 09:23:50] ślad przejazdu             45 ms  /ridemore/rowerzysta/historical 825 punktów
[2026-09-03 09:23:50] cykl mapy                   45 ms  /ridemore/rowerzysta/historical 1 zadań
[2026-09-03 09:23:50] pola odkryć                72 ms  /ridemore/rowerzysta/historical 115 pól
[2026-09-03 09:23:50] rysowanie pól              16 ms  /ridemore/rowerzysta/historical 115 pól
[2026-09-03 09:23:50] skarby w kadrze            116 ms  /ridemore/rowerzysta/historical 2 pinezek
[2026-09-03 09:23:50] podkład mapy              240 ms  /ridemore/rowerzysta/historical 30/30 kafli
[2026-09-03 09:23:50] trasy ukończone           275 ms  /ridemore/rowerzysta/historical 24/24 kafli
[2026-09-03 09:23:50] trasy nieukończone        361 ms  /ridemore/rowerzysta/historical 24/24 kafli
[2026-09-03 09:23:50] ślady przejazdów         960 ms  /ridemore/rowerzysta/historical 24/24 kafli
[2026-09-03 09:23:50] cykl mapy                1 022 ms  /ridemore/rowerzysta/historical 7 zadań
[2026-09-03 09:25:15] podkład mapy              188 ms  /ridemore/rowerzysta/historical 20/20 kafli
[2026-09-03 09:25:15] trasy ukończone           611 ms  /ridemore/rowerzysta/historical 20/20 kafli
[2026-09-03 09:25:15] trasy nieukończone      1 204 ms  /ridemore/rowerzysta/historical 20/20 kafli
[2026-09-03 09:25:15] wolne żądanie          1 513 ms  /ridemore/rowerzysta/historical /ridemore/assets/tiles/slady/me/14/9214/5608.png?v=1
[2026-09-03 09:25:15] wolne żądanie          1 533 ms  /ridemore/rowerzysta/historical /ridemore/assets/tiles/slady/me/14/9218/5608.png?v=1
[2026-09-03 09:25:15] wolne żądanie          1 566 ms  /ridemore/rowerzysta/historical /ridemore/assets/tiles/slady/me/14/9214/5606.png?v=1
[2026-09-03 09:25:15] wolne żądanie          1 568 ms  /ridemore/rowerzysta/historical /ridemore/assets/tiles/slady/me/14/9218/5606.png?v=1
[2026-09-03 09:25:15] skarby w kadrze          1 328 ms  /ridemore/rowerzysta/historical 0 pinezek
[2026-09-03 09:25:15] pola odkryć             1 081 ms  /ridemore/rowerzysta/historical 66 pól
[2026-09-03 09:25:15] rysowanie pól               3 ms  /ridemore/rowerzysta/historical 66 pól
[2026-09-03 09:25:15] wolne żądanie          1 585 ms  /ridemore/rowerzysta/historical /ridemore/assets/tiles/slady/me/14/9214/5609.png?v=1
[2026-09-03 09:25:15] wolne żądanie          1 607 ms  /ridemore/rowerzysta/historical /ridemore/assets/tiles/slady/me/14/9218/5609.png?v=1
[2026-09-03 09:25:15] ślady przejazdów       1 614 ms  /ridemore/rowerzysta/historical 20/20 kafli
[2026-09-03 09:25:15] cykl mapy                1 621 ms  /ridemore/rowerzysta/historical 8 zadań
[2026-09-03 09:25:15] podkład mapy              282 ms  /ridemore/rowerzysta/historical 24/24 kafli
[2026-09-03 09:25:15] trasy ukończone           783 ms  /ridemore/rowerzysta/historical 24/24 kafli
[2026-09-03 09:25:19] trasy nieukończone      1 411 ms  /ridemore/rowerzysta/historical 24/24 kafli
[2026-09-03 09:25:19] wolne żądanie          1 500 ms  /ridemore/rowerzysta/historical /ridemore/assets/tiles/slady/me/15/18433/11216.png?v=1
[2026-09-03 09:25:19] wolne żądanie          1 537 ms  /ridemore/rowerzysta/historical /ridemore/assets/tiles/slady/me/15/18432/11214.png?v=1
[2026-09-03 09:25:19] wolne żądanie          1 549 ms  /ridemore/rowerzysta/historical /ridemore/assets/tiles/slady/me/15/18433/11214.png?v=1
[2026-09-03 09:25:19] wolne żądanie          1 568 ms  /ridemore/rowerzysta/historical /ridemore/assets/tiles/slady/me/15/18431/11215.png?v=1
[2026-09-03 09:25:19] wolne żądanie          1 583 ms  /ridemore/rowerzysta/historical /ridemore/assets/tiles/slady/me/15/18434/11215.png?v=1
[2026-09-03 09:25:19] wolne żądanie          1 589 ms  /ridemore/rowerzysta/historical /ridemore/assets/tiles/slady/me/15/18431/11216.png?v=1
[2026-09-03 09:25:19] wolne żądanie          1 608 ms  /ridemore/rowerzysta/historical /ridemore/assets/tiles/slady/me/15/18434/11216.png?v=1
[2026-09-03 09:25:19] wolne żądanie          1 641 ms  /ridemore/rowerzysta/historical /ridemore/assets/tiles/slady/me/15/18432/11217.png?v=1
[2026-09-03 09:25:19] wolne żądanie          1 679 ms  /ridemore/rowerzysta/historical /ridemore/assets/tiles/slady/me/15/18433/11217.png?v=1
[2026-09-03 09:25:19] wolne żądanie          1 693 ms  /ridemore/rowerzysta/historical /ridemore/assets/tiles/slady/me/15/18431/11214.png?v=1
[2026-09-03 09:25:19] wolne żądanie          1 713 ms  /ridemore/rowerzysta/historical /ridemore/assets/tiles/slady/me/15/18434/11214.png?v=1
[2026-09-03 09:25:19] wolne żądanie          1 720 ms  /ridemore/rowerzysta/historical /ridemore/assets/tiles/slady/me/15/18431/11217.png?v=1
[2026-09-03 09:25:19] wolne żądanie          1 747 ms  /ridemore/rowerzysta/historical /ridemore/assets/tiles/slady/me/15/18434/11217.png?v=1
[2026-09-03 09:25:19] wolne żądanie          1 767 ms  /ridemore/rowerzysta/historical /ridemore/assets/tiles/slady/me/15/18430/11215.png?v=1
[2026-09-03 09:25:19] wolne żądanie          1 783 ms  /ridemore/rowerzysta/historical /ridemore/assets/tiles/slady/me/15/18435/11215.png?v=1
[2026-09-03 09:25:19] wolne żądanie          1 791 ms  /ridemore/rowerzysta/historical /ridemore/assets/tiles/slady/me/15/18430/11216.png?v=1
[2026-09-03 09:25:19] wolne żądanie          1 814 ms  /ridemore/rowerzysta/historical /ridemore/assets/tiles/slady/me/15/18435/11216.png?v=1
[2026-09-03 09:25:19] skarby w kadrze          1 588 ms  /ridemore/rowerzysta/historical 0 pinezek
[2026-09-03 09:25:19] wolne żądanie          1 586 ms  /ridemore/rowerzysta/historical /ridemore/api/treasures?north=49.27813668825422&south=49.25859060296801&east=22.538452148437504&west=22.484121322631836&zoom=15&rider=historical
[2026-09-03 09:25:19] wolne żądanie          1 834 ms  /ridemore/rowerzysta/historical /ridemore/assets/tiles/slady/me/15/18430/11214.png?v=1
[2026-09-03 09:25:19] pola odkryć             1 342 ms  /ridemore/rowerzysta/historical 30 pól
[2026-09-03 09:25:19] rysowanie pól               2 ms  /ridemore/rowerzysta/historical 30 pól
[2026-09-03 09:25:19] wolne żądanie          1 851 ms  /ridemore/rowerzysta/historical /ridemore/assets/tiles/slady/me/15/18435/11214.png?v=1
[2026-09-03 09:25:19] wolne żądanie          1 851 ms  /ridemore/rowerzysta/historical /ridemore/assets/tiles/slady/me/15/18430/11217.png?v=1
[2026-09-03 09:25:19] wolne żądanie          1 875 ms  /ridemore/rowerzysta/historical /ridemore/assets/tiles/slady/me/15/18435/11217.png?v=1
[2026-09-03 09:25:19] ślady przejazdów       1 888 ms  /ridemore/rowerzysta/historical 24/24 kafli
[2026-09-03 09:25:19] cykl mapy                1 896 ms  /ridemore/rowerzysta/historical 8 zadań
[2026-09-03 09:25:19] ślad przejazdu             20 ms  /ridemore/rowerzysta/historical 825 punktów
[2026-09-03 09:25:19] cykl mapy                   20 ms  /ridemore/rowerzysta/historical 1 zadań
[2026-09-03 09:25:19] podkład mapy              123 ms  /ridemore/rowerzysta/historical 9/9 kafli
[2026-09-03 09:25:19] trasy ukończone           427 ms  /ridemore/rowerzysta/historical 30/33 kafli
[2026-09-03 09:25:19] podkład mapy              184 ms  /ridemore/rowerzysta/historical 24/24 kafli
[2026-09-03 09:25:19] trasy nieukończone        440 ms  /ridemore/rowerzysta/historical 24/33 kafli
[2026-09-03 09:25:19] skarby w kadrze            201 ms  /ridemore/rowerzysta/historical 2 pinezek
[2026-09-03 09:25:19] pola odkryć               205 ms  /ridemore/rowerzysta/historical 115 pól
[2026-09-03 09:25:19] rysowanie pól               9 ms  /ridemore/rowerzysta/historical 115 pól
[2026-09-03 09:25:19] pola odkryć               359 ms  /ridemore/rowerzysta/historical 115 pól
[2026-09-03 09:25:19] rysowanie pól               6 ms  /ridemore/rowerzysta/historical 115 pól
[2026-09-03 09:25:19] skarby w kadrze            370 ms  /ridemore/rowerzysta/historical 2 pinezek
[2026-09-03 09:25:19] ślady przejazdów         930 ms  /ridemore/rowerzysta/historical 24/33 kafli
[2026-09-03 09:25:19] cykl mapy                  936 ms  /ridemore/rowerzysta/historical 11 zadań
[2026-09-03 09:25:32] ślad przejazdu             17 ms  /ridemore/rowerzysta/historical bez geometrii
[2026-09-03 09:25:32] cykl mapy                   17 ms  /ridemore/rowerzysta/historical 1 zadań
[2026-09-03 09:25:32] ślad przejazdu             40 ms  /ridemore/rowerzysta/historical bez geometrii
[2026-09-03 09:25:32] cykl mapy                   40 ms  /ridemore/rowerzysta/historical 1 zadań
[2026-09-03 09:25:32] ślad przejazdu             38 ms  /ridemore/rowerzysta/historical bez geometrii
[2026-09-03 09:25:32] cykl mapy                   39 ms  /ridemore/rowerzysta/historical 1 zadań
[2026-09-03 09:25:37] ślad przejazdu             36 ms  /ridemore/rowerzysta/historical bez geometrii
[2026-09-03 09:25:37] cykl mapy                   36 ms  /ridemore/rowerzysta/historical 1 zadań
[2026-09-03 09:25:37] ślad przejazdu             38 ms  /ridemore/rowerzysta/historical 825 punktów
[2026-09-03 09:25:37] cykl mapy                   39 ms  /ridemore/rowerzysta/historical 1 zadań
[2026-09-03 09:25:37] pola odkryć                55 ms  /ridemore/rowerzysta/historical 115 pól
[2026-09-03 09:25:37] rysowanie pól               7 ms  /ridemore/rowerzysta/historical 115 pól
[2026-09-03 09:25:37] skarby w kadrze             63 ms  /ridemore/rowerzysta/historical 2 pinezek
[2026-09-03 09:25:37] cykl mapy                   63 ms  /ridemore/rowerzysta/historical 3 zadań
[2026-09-03 09:25:50] ślad przejazdu             39 ms  /ridemore/rowerzysta/historical bez geometrii
[2026-09-03 09:25:50] cykl mapy                   39 ms  /ridemore/rowerzysta/historical 1 zadań
[2026-09-03 09:26:07] trasy ukończone           329 ms  /ridemore/odkrycia           24/24 kafli
[2026-09-03 09:26:07] podkład mapy              334 ms  /ridemore/odkrycia           24/24 kafli
[2026-09-03 09:26:07] trasy nieukończone        334 ms  /ridemore/odkrycia           24/24 kafli
[2026-09-03 09:26:07] skarby w kadrze            359 ms  /ridemore/odkrycia           32 pinezek
[2026-09-03 09:26:07] pola odkryć               828 ms  /ridemore/odkrycia           81 pól
[2026-09-03 09:26:07] rysowanie pól               3 ms  /ridemore/odkrycia           81 pól
[2026-09-03 09:26:07] ślady przejazdów         965 ms  /ridemore/odkrycia           24/24 kafli
[2026-09-03 09:26:07] cykl mapy                  972 ms  /ridemore/odkrycia           8 zadań
[2026-09-03 09:26:12] ślad przejazdu             17 ms  /ridemore/odkrycia           bez geometrii
[2026-09-03 09:26:12] cykl mapy                   17 ms  /ridemore/odkrycia           1 zadań
[2026-09-03 09:26:12] ślad przejazdu             19 ms  /ridemore/odkrycia           825 punktów
[2026-09-03 09:26:12] cykl mapy                   20 ms  /ridemore/odkrycia           1 zadań
[2026-09-03 09:26:12] pola odkryć                25 ms  /ridemore/odkrycia           115 pól
[2026-09-03 09:26:12] rysowanie pól              21 ms  /ridemore/odkrycia           115 pól
[2026-09-03 09:26:12] skarby w kadrze             71 ms  /ridemore/odkrycia           2 pinezek
[2026-09-03 09:26:12] trasy ukończone           123 ms  /ridemore/odkrycia           24/24 kafli
[2026-09-03 09:26:12] podkład mapy              134 ms  /ridemore/odkrycia           24/24 kafli
[2026-09-03 09:26:12] trasy nieukończone        135 ms  /ridemore/odkrycia           24/24 kafli
[2026-09-03 09:26:12] pola odkryć               271 ms  /ridemore/odkrycia           115 pól
[2026-09-03 09:26:12] rysowanie pól              13 ms  /ridemore/odkrycia           115 pól
[2026-09-03 09:26:12] skarby w kadrze            293 ms  /ridemore/odkrycia           2 pinezek
[2026-09-03 09:26:12] ślady przejazdów         584 ms  /ridemore/odkrycia           24/24 kafli
[2026-09-03 09:26:12] cykl mapy                  589 ms  /ridemore/odkrycia           10 zadań
[2026-09-03 09:26:54] ślad przejazdu             23 ms  /ridemore/odkrycia           825 punktów
[2026-09-03 09:26:54] cykl mapy                   23 ms  /ridemore/odkrycia           1 zadań
[2026-09-03 09:26:54] skarby w kadrze             42 ms  /ridemore/odkrycia           2 pinezek
[2026-09-03 09:26:54] pola odkryć                60 ms  /ridemore/odkrycia           115 pól
[2026-09-03 09:26:54] rysowanie pól               8 ms  /ridemore/odkrycia           115 pól
[2026-09-03 09:26:54] cykl mapy                   68 ms  /ridemore/odkrycia           3 zadań
[2026-09-03 09:27:41] trasy ukończone           217 ms  /ridemore/odkrycia           24/24 kafli
[2026-09-03 09:27:41] podkład mapy              225 ms  /ridemore/odkrycia           24/24 kafli
[2026-09-03 09:27:41] trasy nieukończone        227 ms  /ridemore/odkrycia           24/24 kafli
[2026-09-03 09:27:41] skarby w kadrze            236 ms  /ridemore/odkrycia           32 pinezek
[2026-09-03 09:27:41] pola odkryć               757 ms  /ridemore/odkrycia           81 pól
[2026-09-03 09:27:41] rysowanie pól               2 ms  /ridemore/odkrycia           81 pól
[2026-09-03 09:27:41] ślady przejazdów         866 ms  /ridemore/odkrycia           24/24 kafli
[2026-09-03 09:27:41] cykl mapy                  874 ms  /ridemore/odkrycia           8 zadań
[2026-09-03 09:32:34] skarby w kadrze            377 ms  /ridemore/rowerzysta/historical 13 pinezek
[2026-09-03 09:32:34] pola odkryć               380 ms  /ridemore/rowerzysta/historical 81 pól
[2026-09-03 09:32:34] rysowanie pól               5 ms  /ridemore/rowerzysta/historical 81 pól
[2026-09-03 09:32:34] podkład mapy              505 ms  /ridemore/rowerzysta/historical 24/24 kafli
[2026-09-03 09:32:34] trasy ukończone           529 ms  /ridemore/rowerzysta/historical 24/24 kafli
[2026-09-03 09:32:34] trasy nieukończone        548 ms  /ridemore/rowerzysta/historical 24/24 kafli
[2026-09-03 09:32:34] ślady przejazdów       1 387 ms  /ridemore/rowerzysta/historical 24/24 kafli
[2026-09-03 09:32:34] cykl mapy                1 402 ms  /ridemore/rowerzysta/historical 8 zadań
[2026-09-03 09:33:36] ślad przejazdu             40 ms  /ridemore/rowerzysta/historical 825 punktów
[2026-09-03 09:33:36] cykl mapy                   40 ms  /ridemore/rowerzysta/historical 1 zadań
[2026-09-03 09:33:36] pola odkryć                56 ms  /ridemore/rowerzysta/historical 115 pól
[2026-09-03 09:33:36] rysowanie pól              16 ms  /ridemore/rowerzysta/historical 115 pól
[2026-09-03 09:33:36] skarby w kadrze             75 ms  /ridemore/rowerzysta/historical 2 pinezek
[2026-09-03 09:33:36] podkład mapy               92 ms  /ridemore/rowerzysta/historical 24/24 kafli
[2026-09-03 09:33:36] trasy ukończone           119 ms  /ridemore/rowerzysta/historical 24/24 kafli
[2026-09-03 09:33:36] trasy nieukończone        141 ms  /ridemore/rowerzysta/historical 24/24 kafli
[2026-09-03 09:33:36] ślady przejazdów         806 ms  /ridemore/rowerzysta/historical 24/24 kafli
[2026-09-03 09:33:36] cykl mapy                  815 ms  /ridemore/rowerzysta/historical 7 zadań
[2026-09-03 09:33:36] skarby w kadrze             66 ms  /ridemore/rowerzysta/historical 2 pinezek
[2026-09-03 09:33:36] pola odkryć                68 ms  /ridemore/rowerzysta/historical 115 pól
[2026-09-03 09:33:36] rysowanie pól               9 ms  /ridemore/rowerzysta/historical 115 pól
[2026-09-03 09:33:36] cykl mapy                   77 ms  /ridemore/rowerzysta/historical 3 zadań
[2026-09-03 09:33:46] pola odkryć                56 ms  /ridemore/rowerzysta/historical 115 pól
[2026-09-03 09:33:46] rysowanie pól              18 ms  /ridemore/rowerzysta/historical 115 pól
[2026-09-03 09:33:46] skarby w kadrze             77 ms  /ridemore/rowerzysta/historical 2 pinezek
[2026-09-03 09:33:46] cykl mapy                   77 ms  /ridemore/rowerzysta/historical 3 zadań
[2026-09-03 09:34:25] skarby w kadrze             60 ms  /ridemore/rowerzysta/historical 2 pinezek
[2026-09-03 09:34:25] pola odkryć                64 ms  /ridemore/rowerzysta/historical 114 pól
[2026-09-03 09:34:25] rysowanie pól              10 ms  /ridemore/rowerzysta/historical 114 pól
[2026-09-03 09:34:25] cykl mapy                   74 ms  /ridemore/rowerzysta/historical 3 zadań
[2026-09-03 09:40:00] trasy ukończone           312 ms  /ridemore/odkrycia           24/24 kafli
[2026-09-03 09:40:00] trasy nieukończone        354 ms  /ridemore/odkrycia           24/24 kafli
[2026-09-03 09:40:00] skarby w kadrze            350 ms  /ridemore/odkrycia           32 pinezek
[2026-09-03 09:40:00] pola odkryć               370 ms  /ridemore/odkrycia           81 pól
[2026-09-03 09:40:00] rysowanie pól               6 ms  /ridemore/odkrycia           81 pól
[2026-09-03 09:40:00] podkład mapy              534 ms  /ridemore/odkrycia           24/24 kafli
[2026-09-03 09:40:00] ślady przejazdów         997 ms  /ridemore/odkrycia           24/24 kafli
[2026-09-03 09:40:00] cykl mapy                1 005 ms  /ridemore/odkrycia           8 zadań
[2026-09-03 09:40:05] trasy ukończone           156 ms  /ridemore/odkrycia           24/24 kafli
[2026-09-03 09:40:05] skarby w kadrze            156 ms  /ridemore/odkrycia           32 pinezek
[2026-09-03 09:40:05] trasy nieukończone        190 ms  /ridemore/odkrycia           24/24 kafli
[2026-09-03 09:40:05] pola odkryć               285 ms  /ridemore/odkrycia           81 pól
[2026-09-03 09:40:05] rysowanie pól               5 ms  /ridemore/odkrycia           81 pól
[2026-09-03 09:40:05] podkład mapy              478 ms  /ridemore/odkrycia           24/24 kafli
[2026-09-03 09:40:05] ślady przejazdów         836 ms  /ridemore/odkrycia           24/24 kafli
[2026-09-03 09:40:05] cykl mapy                  853 ms  /ridemore/odkrycia           8 zadań
[2026-09-03 09:40:09] pola odkryć                59 ms  /ridemore/odkrycia           73 pól
[2026-09-03 09:40:09] rysowanie pól               6 ms  /ridemore/odkrycia           73 pól
[2026-09-03 09:40:09] skarby w kadrze             68 ms  /ridemore/odkrycia           2 pinezek
[2026-09-03 09:40:09] trasy ukończone            88 ms  /ridemore/odkrycia           24/24 kafli
[2026-09-03 09:40:09] trasy nieukończone        111 ms  /ridemore/odkrycia           24/24 kafli
[2026-09-03 09:40:09] podkład mapy              271 ms  /ridemore/odkrycia           24/24 kafli
[2026-09-03 09:40:09] pola odkryć               337 ms  /ridemore/odkrycia           73 pól
[2026-09-03 09:40:09] rysowanie pól               4 ms  /ridemore/odkrycia           73 pól
[2026-09-03 09:40:09] skarby w kadrze            341 ms  /ridemore/odkrycia           2 pinezek
[2026-09-03 09:40:09] ślady przejazdów         640 ms  /ridemore/odkrycia           24/24 kafli
[2026-09-03 09:40:09] cykl mapy                  646 ms  /ridemore/odkrycia           10 zadań
[2026-09-03 09:40:22] skarby w kadrze             26 ms  /ridemore/odkrycia           2 pinezek
[2026-09-03 09:40:22] pola odkryć                36 ms  /ridemore/odkrycia           72 pól
[2026-09-03 09:40:22] rysowanie pól               6 ms  /ridemore/odkrycia           72 pól
[2026-09-03 09:40:22] podkład mapy              118 ms  /ridemore/odkrycia           6/6 kafli
[2026-09-03 09:40:22] trasy ukończone           292 ms  /ridemore/odkrycia           6/6 kafli
[2026-09-03 09:40:22] trasy nieukończone        351 ms  /ridemore/odkrycia           6/6 kafli
[2026-09-03 09:40:22] ślady przejazdów         508 ms  /ridemore/odkrycia           6/6 kafli
[2026-09-03 09:40:22] cykl mapy                  575 ms  /ridemore/odkrycia           7 zadań
[2026-09-03 09:40:22] podkład mapy              126 ms  /ridemore/odkrycia           9/9 kafli
[2026-09-03 09:40:22] pola odkryć                37 ms  /ridemore/odkrycia           62 pól
[2026-09-03 09:40:22] rysowanie pól               3 ms  /ridemore/odkrycia           62 pól
[2026-09-03 09:40:22] skarby w kadrze             41 ms  /ridemore/odkrycia           1 pinezek
[2026-09-03 09:40:22] trasy ukończone           372 ms  /ridemore/odkrycia           9/9 kafli
[2026-09-03 09:40:22] trasy nieukończone        625 ms  /ridemore/odkrycia           9/9 kafli
[2026-09-03 09:40:22] ślady przejazdów         839 ms  /ridemore/odkrycia           9/9 kafli
[2026-09-03 09:40:22] cykl mapy                  929 ms  /ridemore/odkrycia           7 zadań
[2026-09-03 09:40:27] podkład mapy              116 ms  /ridemore/odkrycia           9/9 kafli
[2026-09-03 09:40:27] pola odkryć                28 ms  /ridemore/odkrycia           45 pól
[2026-09-03 09:40:27] rysowanie pól               5 ms  /ridemore/odkrycia           45 pól
[2026-09-03 09:40:27] skarby w kadrze             39 ms  /ridemore/odkrycia           1 pinezek
[2026-09-03 09:40:27] trasy ukończone           327 ms  /ridemore/odkrycia           9/9 kafli
[2026-09-03 09:40:27] trasy nieukończone        566 ms  /ridemore/odkrycia           9/9 kafli
[2026-09-03 09:40:27] ślady przejazdów         745 ms  /ridemore/odkrycia           9/9 kafli
[2026-09-03 09:40:27] cykl mapy                  840 ms  /ridemore/odkrycia           7 zadań
[2026-09-03 09:43:36] podkład mapy              130 ms  /ridemore/odkrycia           1/1 kafli
[2026-09-03 09:43:36] cykl mapy                  130 ms  /ridemore/odkrycia           1 zadań
[2026-09-03 09:43:36] pola odkryć                39 ms  /ridemore/odkrycia           64 pól
[2026-09-03 09:43:36] rysowanie pól               2 ms  /ridemore/odkrycia           64 pól
[2026-09-03 09:43:36] skarby w kadrze             53 ms  /ridemore/odkrycia           2 pinezek
[2026-09-03 09:43:36] trasy ukończone           127 ms  /ridemore/odkrycia           1/1 kafli
[2026-09-03 09:43:36] ślady przejazdów         169 ms  /ridemore/odkrycia           1/1 kafli
[2026-09-03 09:43:36] trasy nieukończone        170 ms  /ridemore/odkrycia           1/1 kafli
[2026-09-03 09:43:36] cykl mapy                  170 ms  /ridemore/odkrycia           6 zadań
[2026-09-03 09:43:36] pola odkryć                47 ms  /ridemore/odkrycia           63 pól
[2026-09-03 09:43:36] rysowanie pól               2 ms  /ridemore/odkrycia           63 pól
[2026-09-03 09:43:36] skarby w kadrze             58 ms  /ridemore/odkrycia           1 pinezek
[2026-09-03 09:43:36] cykl mapy                   58 ms  /ridemore/odkrycia           3 zadań
[2026-09-03 09:43:51] trasy ukończone           195 ms  /ridemore/odkrycia           24/24 kafli
[2026-09-03 09:43:51] trasy nieukończone        209 ms  /ridemore/odkrycia           24/24 kafli
[2026-09-03 09:43:51] podkład mapy              229 ms  /ridemore/odkrycia           24/24 kafli
[2026-09-03 09:43:51] skarby w kadrze            232 ms  /ridemore/odkrycia           32 pinezek
[2026-09-03 09:43:51] pola odkryć               280 ms  /ridemore/odkrycia           81 pól
[2026-09-03 09:43:51] rysowanie pól               5 ms  /ridemore/odkrycia           81 pól
[2026-09-03 09:43:51] ślady przejazdów         803 ms  /ridemore/odkrycia           24/24 kafli
[2026-09-03 09:43:51] cykl mapy                  811 ms  /ridemore/odkrycia           8 zadań
[2026-09-03 09:43:58] ślad przejazdu             17 ms  /ridemore/odkrycia           bez geometrii
[2026-09-03 09:43:58] cykl mapy                   18 ms  /ridemore/odkrycia           1 zadań
[2026-09-03 09:43:58] ślad przejazdu             22 ms  /ridemore/odkrycia           bez geometrii
[2026-09-03 09:43:58] cykl mapy                   22 ms  /ridemore/odkrycia           1 zadań
[2026-09-03 09:44:04] ślad przejazdu             44 ms  /ridemore/odkrycia           bez geometrii
[2026-09-03 09:44:04] cykl mapy                   45 ms  /ridemore/odkrycia           1 zadań
[2026-09-03 09:44:04] ślad przejazdu             42 ms  /ridemore/odkrycia           825 punktów
[2026-09-03 09:44:04] cykl mapy                   42 ms  /ridemore/odkrycia           1 zadań
[2026-09-03 09:44:04] pola odkryć                94 ms  /ridemore/odkrycia           115 pól
[2026-09-03 09:44:04] rysowanie pól              13 ms  /ridemore/odkrycia           115 pól
[2026-09-03 09:44:04] skarby w kadrze            117 ms  /ridemore/odkrycia           2 pinezek
[2026-09-03 09:44:04] trasy ukończone           161 ms  /ridemore/odkrycia           24/24 kafli
[2026-09-03 09:44:04] podkład mapy              172 ms  /ridemore/odkrycia           24/24 kafli
[2026-09-03 09:44:04] trasy nieukończone        178 ms  /ridemore/odkrycia           24/24 kafli
[2026-09-03 09:44:04] pola odkryć               254 ms  /ridemore/odkrycia           115 pól
[2026-09-03 09:44:04] rysowanie pól               9 ms  /ridemore/odkrycia           115 pól
[2026-09-03 09:44:04] skarby w kadrze            268 ms  /ridemore/odkrycia           2 pinezek
[2026-09-03 09:44:04] ślady przejazdów         572 ms  /ridemore/odkrycia           24/24 kafli
[2026-09-03 09:44:04] cykl mapy                  578 ms  /ridemore/odkrycia           10 zadań
[2026-09-03 10:16:47] ślad przejazdu            265 ms  /ridemore/przejazd/126       825 punktów
[2026-09-03 10:16:47] skarby w kadrze            226 ms  /ridemore/przejazd/126       2 pinezek
[2026-09-03 10:16:47] pola odkryć               225 ms  /ridemore/przejazd/126       115 pól
[2026-09-03 10:16:47] rysowanie pól              16 ms  /ridemore/przejazd/126       115 pól
[2026-09-03 10:16:47] podkład mapy              339 ms  /ridemore/przejazd/126       24/24 kafli
[2026-09-03 10:16:47] znane trasy                816 ms  /ridemore/przejazd/126       24/24 kafli
[2026-09-03 10:16:47] cykl mapy                  860 ms  /ridemore/przejazd/126       7 zadań
[2026-09-03 10:16:47] skarby w kadrze             20 ms  /ridemore/przejazd/126       2 pinezek
[2026-09-03 10:16:47] pola odkryć                42 ms  /ridemore/przejazd/126       115 pól
[2026-09-03 10:16:47] rysowanie pól               8 ms  /ridemore/przejazd/126       115 pól
[2026-09-03 10:16:47] cykl mapy                   50 ms  /ridemore/przejazd/126       3 zadań
[2026-09-03 10:17:42] ślad przejazdu             95 ms  /ridemore/przejazd/202       bez geometrii
[2026-09-03 10:17:42] skarby w kadrze             92 ms  /ridemore/przejazd/202       23 pinezek
[2026-09-03 10:17:42] pola odkryć                97 ms  /ridemore/przejazd/202       18 pól
[2026-09-03 10:17:42] rysowanie pól               2 ms  /ridemore/przejazd/202       18 pól
[2026-09-03 10:17:42] cykl mapy                  109 ms  /ridemore/przejazd/202       4 zadań
[2026-09-03 10:17:42] wolne żądanie          1 501 ms  /ridemore/przejazd/202       /ridemore/assets/tiles/slady/kr/6/34/19.png?v=27
[2026-09-03 10:17:42] wolne żądanie          1 502 ms  /ridemore/przejazd/202       /ridemore/assets/tiles/slady/kr/6/35/19.png?v=27
[2026-09-03 10:17:42] wolne żądanie          1 504 ms  /ridemore/przejazd/202       /ridemore/assets/tiles/slady/kr/6/33/20.png?v=27
[2026-09-03 10:17:42] wolne żądanie          1 507 ms  /ridemore/przejazd/202       /ridemore/assets/tiles/slady/kr/6/36/20.png?v=27
[2026-09-03 10:17:42] wolne żądanie          1 508 ms  /ridemore/przejazd/202       /ridemore/assets/tiles/slady/kr/6/33/21.png?v=27
[2026-09-03 10:17:42] wolne żądanie          1 510 ms  /ridemore/przejazd/202       /ridemore/assets/tiles/slady/kr/6/36/21.png?v=27
[2026-09-03 10:17:42] wolne żądanie          1 514 ms  /ridemore/przejazd/202       /ridemore/assets/tiles/slady/kr/6/34/22.png?v=27
[2026-09-03 10:17:42] wolne żądanie          1 516 ms  /ridemore/przejazd/202       /ridemore/assets/tiles/slady/kr/6/35/22.png?v=27
[2026-09-03 10:17:42] wolne żądanie          1 516 ms  /ridemore/przejazd/202       /ridemore/assets/tiles/slady/kr/6/33/19.png?v=27
[2026-09-03 10:17:42] wolne żądanie          1 518 ms  /ridemore/przejazd/202       /ridemore/assets/tiles/slady/kr/6/36/19.png?v=27
[2026-09-03 10:17:42] wolne żądanie          1 521 ms  /ridemore/przejazd/202       /ridemore/assets/tiles/slady/kr/6/33/22.png?v=27
[2026-09-03 10:17:42] wolne żądanie          1 521 ms  /ridemore/przejazd/202       /ridemore/assets/tiles/slady/kr/6/36/22.png?v=27
[2026-09-03 10:17:42] wolne żądanie          1 523 ms  /ridemore/przejazd/202       /ridemore/assets/tiles/slady/kr/6/32/20.png?v=27
[2026-09-03 10:17:42] wolne żądanie          1 526 ms  /ridemore/przejazd/202       /ridemore/assets/tiles/slady/kr/6/37/20.png?v=27
[2026-09-03 10:17:42] wolne żądanie          1 527 ms  /ridemore/przejazd/202       /ridemore/assets/tiles/slady/kr/6/32/21.png?v=27
[2026-09-03 10:17:42] wolne żądanie          1 529 ms  /ridemore/przejazd/202       /ridemore/assets/tiles/slady/kr/6/37/21.png?v=27
[2026-09-03 10:17:42] wolne żądanie          1 532 ms  /ridemore/przejazd/202       /ridemore/assets/tiles/slady/kr/6/32/19.png?v=27
[2026-09-03 10:17:42] wolne żądanie          1 533 ms  /ridemore/przejazd/202       /ridemore/assets/tiles/slady/kr/6/37/19.png?v=27
[2026-09-03 10:17:42] wolne żądanie          1 535 ms  /ridemore/przejazd/202       /ridemore/assets/tiles/slady/kr/6/32/22.png?v=27
[2026-09-03 10:17:42] wolne żądanie          1 538 ms  /ridemore/przejazd/202       /ridemore/assets/tiles/slady/kr/6/37/22.png?v=27
[2026-09-03 10:19:24] podkład mapy               47 ms  /ridemore/przejazd/202       9/9 kafli
[2026-09-03 10:19:24] znane trasy                132 ms  /ridemore/przejazd/202       9/9 kafli
[2026-09-03 10:19:24] cykl mapy                  134 ms  /ridemore/przejazd/202       2 zadań
[2026-09-03 10:19:24] znane trasy                 32 ms  /ridemore/przejazd/202       9/9 kafli
[2026-09-03 10:19:24] skarby w kadrze             35 ms  /ridemore/przejazd/202       23 pinezek
[2026-09-03 10:19:24] pola odkryć                64 ms  /ridemore/przejazd/202       7 pól
[2026-09-03 10:19:24] rysowanie pól              14 ms  /ridemore/przejazd/202       7 pól
[2026-09-03 10:19:24] skarby w kadrze             21 ms  /ridemore/przejazd/202       23 pinezek
[2026-09-03 10:19:24] podkład mapy              280 ms  /ridemore/przejazd/202       9/9 kafli
[2026-09-03 10:19:24] pola odkryć                53 ms  /ridemore/przejazd/202       7 pól
[2026-09-03 10:19:24] rysowanie pól               9 ms  /ridemore/przejazd/202       7 pól
[2026-09-03 10:19:24] cykl mapy                  315 ms  /ridemore/przejazd/202       8 zadań
[2026-09-03 10:20:25] ślad przejazdu             76 ms  /ridemore/przejazd/202       bez geometrii
[2026-09-03 10:20:25] skarby w kadrze             65 ms  /ridemore/przejazd/202       23 pinezek
[2026-09-03 10:20:25] pola odkryć                72 ms  /ridemore/przejazd/202       18 pól
[2026-09-03 10:20:25] rysowanie pól               2 ms  /ridemore/przejazd/202       18 pól
[2026-09-03 10:20:25] cykl mapy                   87 ms  /ridemore/przejazd/202       4 zadań
[2026-09-03 10:20:37] ślad przejazdu             74 ms  /ridemore/przejazd/221       bez geometrii
[2026-09-03 10:20:37] skarby w kadrze             74 ms  /ridemore/przejazd/221       23 pinezek
[2026-09-03 10:20:37] pola odkryć                80 ms  /ridemore/przejazd/221       18 pól
[2026-09-03 10:20:37] rysowanie pól               2 ms  /ridemore/przejazd/221       18 pól
[2026-09-03 10:20:37] cykl mapy                   96 ms  /ridemore/przejazd/221       4 zadań
[2026-09-03 10:20:37] podkład mapy               50 ms  /ridemore/przejazd/221       9/9 kafli
[2026-09-03 10:20:37] znane trasy                 47 ms  /ridemore/przejazd/221       9/9 kafli
[2026-09-03 10:20:37] cykl mapy                   51 ms  /ridemore/przejazd/221       2 zadań
[2026-09-03 10:20:37] podkład mapy               26 ms  /ridemore/przejazd/221       9/9 kafli
[2026-09-03 10:20:37] znane trasy                 25 ms  /ridemore/przejazd/221       9/9 kafli
[2026-09-03 10:20:37] skarby w kadrze             34 ms  /ridemore/przejazd/221       23 pinezek
[2026-09-03 10:20:37] pola odkryć                49 ms  /ridemore/przejazd/221       7 pól
[2026-09-03 10:20:37] rysowanie pól              12 ms  /ridemore/przejazd/221       7 pól
[2026-09-03 10:20:37] cykl mapy                   61 ms  /ridemore/przejazd/221       5 zadań
[2026-09-03 10:20:37] skarby w kadrze             42 ms  /ridemore/przejazd/221       23 pinezek
[2026-09-03 10:20:37] pola odkryć                79 ms  /ridemore/przejazd/221       7 pól
[2026-09-03 10:20:37] rysowanie pól               7 ms  /ridemore/przejazd/221       7 pól
[2026-09-03 10:20:37] cykl mapy                   86 ms  /ridemore/przejazd/221       3 zadań
[2026-09-03 10:25:13] ślad przejazdu             53 ms  /ridemore/przejazd/126       810 punktów
[2026-09-03 10:25:13] cykl mapy                   55 ms  /ridemore/przejazd/126       1 zadań
[2026-09-03 10:25:13] podkład mapy              769 ms  /ridemore/przejazd/126       3/3 kafli
[2026-09-03 10:25:13] znane trasy                838 ms  /ridemore/przejazd/126       3/3 kafli
[2026-09-03 10:25:13] cykl mapy                  839 ms  /ridemore/przejazd/126       2 zadań
[2026-09-03 10:25:42] podkład mapy              419 ms  /ridemore/przejazd/126       15/30 kafli
[2026-09-03 10:25:42] znane trasy                408 ms  /ridemore/przejazd/126       15/15 kafli
[2026-09-03 10:25:42] cykl mapy                  420 ms  /ridemore/przejazd/126       2 zadań
[2026-09-03 10:25:42] skarby w kadrze             19 ms  /ridemore/przejazd/126       1 pinezek
[2026-09-03 10:25:42] pola odkryć                30 ms  /ridemore/przejazd/126       150 pól
[2026-09-03 10:25:42] rysowanie pól              10 ms  /ridemore/przejazd/126       150 pól
[2026-09-03 10:25:42] cykl mapy                   39 ms  /ridemore/przejazd/126       3 zadań
[2026-09-03 10:27:07] ślad przejazdu            189 ms  /ridemore/przejazd/126       825 punktów
[2026-09-03 10:27:07] skarby w kadrze            168 ms  /ridemore/przejazd/126       2 pinezek
[2026-09-03 10:27:07] pola odkryć               166 ms  /ridemore/przejazd/126       114 pól
[2026-09-03 10:27:07] rysowanie pól              13 ms  /ridemore/przejazd/126       114 pól
[2026-09-03 10:27:07] podkład mapy              235 ms  /ridemore/przejazd/126       24/24 kafli
[2026-09-03 10:27:07] znane trasy                265 ms  /ridemore/przejazd/126       24/24 kafli
[2026-09-03 10:27:07] cykl mapy                  289 ms  /ridemore/przejazd/126       7 zadań
[2026-09-03 10:27:07] pola odkryć                38 ms  /ridemore/przejazd/126       114 pól
[2026-09-03 10:27:07] rysowanie pól              18 ms  /ridemore/przejazd/126       114 pól
[2026-09-03 10:27:07] skarby w kadrze             57 ms  /ridemore/przejazd/126       2 pinezek
[2026-09-03 10:27:07] cykl mapy                   57 ms  /ridemore/przejazd/126       3 zadań
[2026-09-03 10:27:27] skarby w kadrze             18 ms  /ridemore/przejazd/126       2 pinezek
[2026-09-03 10:27:27] pola odkryć                23 ms  /ridemore/przejazd/126       114 pól
[2026-09-03 10:27:27] rysowanie pól              23 ms  /ridemore/przejazd/126       114 pól
[2026-09-03 10:27:27] cykl mapy                   46 ms  /ridemore/przejazd/126       3 zadań
[2026-09-03 10:33:00] skarby w kadrze             45 ms  /ridemore/rowerzysta/historical 13 pinezek
[2026-09-03 10:33:00] pola odkryć               310 ms  /ridemore/rowerzysta/historical 81 pól
[2026-09-03 10:33:00] rysowanie pól               4 ms  /ridemore/rowerzysta/historical 81 pól
[2026-09-03 10:33:00] podkład mapy              381 ms  /ridemore/rowerzysta/historical 24/24 kafli
[2026-09-03 10:33:00] trasy ukończone           401 ms  /ridemore/rowerzysta/historical 24/24 kafli
[2026-09-03 10:33:00] trasy nieukończone        421 ms  /ridemore/rowerzysta/historical 24/24 kafli
[2026-09-03 10:33:00] ślady przejazdów       1 149 ms  /ridemore/rowerzysta/historical 24/24 kafli
[2026-09-03 10:33:00] cykl mapy                1 160 ms  /ridemore/rowerzysta/historical 8 zadań
[2026-09-03 10:33:07] skarby w kadrze             35 ms  /ridemore/odkrycia           2 pinezek
[2026-09-03 10:33:07] pola odkryć                65 ms  /ridemore/odkrycia           114 pól
[2026-09-03 10:33:07] rysowanie pól               7 ms  /ridemore/odkrycia           114 pól
[2026-09-03 10:33:07] cykl mapy                   72 ms  /ridemore/odkrycia           3 zadań
[2026-09-03 10:35:46] pola odkryć                57 ms  /ridemore/odkrycia           115 pól
[2026-09-03 10:35:46] rysowanie pól              11 ms  /ridemore/odkrycia           115 pól
[2026-09-03 10:35:46] skarby w kadrze             71 ms  /ridemore/odkrycia           2 pinezek
[2026-09-03 10:35:46] cykl mapy                   72 ms  /ridemore/odkrycia           3 zadań
[2026-09-03 10:35:59] skarby w kadrze            357 ms  /ridemore/odkrycia           32 pinezek
[2026-09-03 10:35:59] trasy ukończone           410 ms  /ridemore/odkrycia           24/24 kafli
[2026-09-03 10:35:59] trasy nieukończone        419 ms  /ridemore/odkrycia           24/24 kafli
[2026-09-03 10:35:59] podkład mapy              604 ms  /ridemore/odkrycia           24/24 kafli
[2026-09-03 10:35:59] pola odkryć               740 ms  /ridemore/odkrycia           81 pól
[2026-09-03 10:35:59] rysowanie pól               5 ms  /ridemore/odkrycia           81 pól
[2026-09-03 10:35:59] ślady przejazdów       1 002 ms  /ridemore/odkrycia           24/24 kafli
[2026-09-03 10:35:59] cykl mapy                1 011 ms  /ridemore/odkrycia           8 zadań
[2026-09-03 10:35:59] ślad przejazdu             21 ms  /ridemore/odkrycia           bez geometrii
[2026-09-03 10:35:59] cykl mapy                   21 ms  /ridemore/odkrycia           1 zadań
[2026-09-03 10:36:05] ślad przejazdu             40 ms  /ridemore/odkrycia           bez geometrii
[2026-09-03 10:36:05] cykl mapy                   40 ms  /ridemore/odkrycia           1 zadań
[2026-09-03 10:36:05] ślad przejazdu             37 ms  /ridemore/odkrycia           5360 punktów
[2026-09-03 10:36:05] cykl mapy                   38 ms  /ridemore/odkrycia           1 zadań
[2026-09-03 10:36:05] pola odkryć                64 ms  /ridemore/odkrycia           118 pól
[2026-09-03 10:36:05] rysowanie pól               3 ms  /ridemore/odkrycia           118 pól
[2026-09-03 10:36:05] skarby w kadrze             67 ms  /ridemore/odkrycia           11 pinezek
[2026-09-03 10:36:05] trasy ukończone           116 ms  /ridemore/odkrycia           24/24 kafli
[2026-09-03 10:36:05] trasy nieukończone        125 ms  /ridemore/odkrycia           24/24 kafli
[2026-09-03 10:36:05] podkład mapy              133 ms  /ridemore/odkrycia           24/24 kafli
[2026-09-03 10:36:05] pola odkryć               267 ms  /ridemore/odkrycia           118 pól
[2026-09-03 10:36:05] rysowanie pól               2 ms  /ridemore/odkrycia           118 pól
[2026-09-03 10:36:05] skarby w kadrze            278 ms  /ridemore/odkrycia           11 pinezek
[2026-09-03 10:36:05] ślady przejazdów         558 ms  /ridemore/odkrycia           24/24 kafli
[2026-09-03 10:36:05] cykl mapy                  563 ms  /ridemore/odkrycia           10 zadań
[2026-09-03 10:36:11] podkład mapy              113 ms  /ridemore/trasy/szlak-testowy 24/24 kafli
[2026-09-03 10:36:11] znane trasy                353 ms  /ridemore/trasy/szlak-testowy 24/24 kafli
[2026-09-03 10:36:11] skarby w kadrze            353 ms  /ridemore/trasy/szlak-testowy 11 pinezek
[2026-09-03 10:36:11] pola odkryć               346 ms  /ridemore/trasy/szlak-testowy 118 pól
[2026-09-03 10:36:11] rysowanie pól               2 ms  /ridemore/trasy/szlak-testowy 118 pól
[2026-09-03 10:36:11] cykl mapy                  368 ms  /ridemore/trasy/szlak-testowy 6 zadań
[2026-09-03 10:36:32] skarby w kadrze             35 ms  /ridemore/trasy/szlak-testowy 10 pinezek
[2026-09-03 10:36:32] pola odkryć               111 ms  /ridemore/trasy/szlak-testowy 118 pól
[2026-09-03 10:36:32] rysowanie pól               3 ms  /ridemore/trasy/szlak-testowy 118 pól
[2026-09-03 10:36:32] cykl mapy                  114 ms  /ridemore/trasy/szlak-testowy 3 zadań
[2026-09-03 10:36:32] pola odkryć                42 ms  /ridemore/trasy/szlak-testowy 118 pól
[2026-09-03 10:36:32] rysowanie pól               3 ms  /ridemore/trasy/szlak-testowy 118 pól
[2026-09-03 10:36:32] skarby w kadrze             69 ms  /ridemore/trasy/szlak-testowy 10 pinezek
[2026-09-03 10:36:32] cykl mapy                   69 ms  /ridemore/trasy/szlak-testowy 3 zadań
[2026-09-03 10:36:42] skarby w kadrze             61 ms  /ridemore/trasy/szlak-testowy 11 pinezek
[2026-09-03 10:36:42] pola odkryć                86 ms  /ridemore/trasy/szlak-testowy 118 pól
[2026-09-03 10:36:42] rysowanie pól               2 ms  /ridemore/trasy/szlak-testowy 118 pól
[2026-09-03 10:36:42] cykl mapy                   88 ms  /ridemore/trasy/szlak-testowy 3 zadań
[2026-09-03 10:36:54] skarby w kadrze             79 ms  /ridemore/trasy/szlak-testowy 3 pinezek
[2026-09-03 10:36:54] cykl mapy                   79 ms  /ridemore/trasy/szlak-testowy 1 zadań
[2026-09-03 10:36:54] skarby w kadrze             16 ms  /ridemore/trasy/szlak-testowy 11 pinezek
[2026-09-03 10:36:54] cykl mapy                   16 ms  /ridemore/trasy/szlak-testowy 1 zadań
[2026-09-03 10:36:54] skarby w kadrze             17 ms  /ridemore/trasy/szlak-testowy 8 pinezek
[2026-09-03 10:36:54] cykl mapy                   17 ms  /ridemore/trasy/szlak-testowy 1 zadań
[2026-09-03 10:38:50] podkład mapy              220 ms  /ridemore/odkrycia           24/24 kafli
[2026-09-03 10:38:50] trasy ukończone           223 ms  /ridemore/odkrycia           24/24 kafli
[2026-09-03 10:38:50] trasy nieukończone        225 ms  /ridemore/odkrycia           24/24 kafli
[2026-09-03 10:38:50] skarby w kadrze            454 ms  /ridemore/odkrycia           32 pinezek
[2026-09-03 10:38:50] pola odkryć               824 ms  /ridemore/odkrycia           81 pól
[2026-09-03 10:38:50] rysowanie pól               3 ms  /ridemore/odkrycia           81 pól
[2026-09-03 10:38:50] ślady przejazdów         912 ms  /ridemore/odkrycia           24/24 kafli
[2026-09-03 10:38:50] cykl mapy                  924 ms  /ridemore/odkrycia           8 zadań
[2026-09-03 10:38:55] ślad przejazdu            109 ms  /ridemore/przejazd/936       13464 punktów
[2026-09-03 10:38:55] skarby w kadrze            113 ms  /ridemore/przejazd/936       0 pinezek
[2026-09-03 10:38:55] podkład mapy              308 ms  /ridemore/przejazd/936       24/24 kafli
[2026-09-03 10:38:55] znane trasy                471 ms  /ridemore/przejazd/936       24/24 kafli
[2026-09-03 10:38:55] skarby w kadrze            114 ms  /ridemore/przejazd/936       0 pinezek
[2026-09-03 10:38:55] pola odkryć               125 ms  /ridemore/przejazd/936       263 pól
[2026-09-03 10:38:55] rysowanie pól               7 ms  /ridemore/przejazd/936       263 pól
[2026-09-03 10:38:55] cykl mapy                  515 ms  /ridemore/przejazd/936       9 zadań
[2026-09-03 10:45:06] trasy ukończone           296 ms  /ridemore/rowerzysta/historical 24/24 kafli
[2026-09-03 10:45:06] podkład mapy              306 ms  /ridemore/rowerzysta/historical 24/24 kafli
[2026-09-03 10:45:06] trasy nieukończone        303 ms  /ridemore/rowerzysta/historical 24/24 kafli
[2026-09-03 10:45:06] skarby w kadrze            314 ms  /ridemore/rowerzysta/historical 13 pinezek
[2026-09-03 10:45:06] pola odkryć               739 ms  /ridemore/rowerzysta/historical 81 pól
[2026-09-03 10:45:06] rysowanie pól               5 ms  /ridemore/rowerzysta/historical 81 pól
[2026-09-03 10:45:06] ślady przejazdów         862 ms  /ridemore/rowerzysta/historical 24/24 kafli
[2026-09-03 10:45:06] cykl mapy                  870 ms  /ridemore/rowerzysta/historical 8 zadań
[2026-09-03 10:45:10] skarby w kadrze             47 ms  /ridemore/rowerzysta/historical 10 pinezek
[2026-09-03 10:45:10] pola odkryć                55 ms  /ridemore/rowerzysta/historical 70 pól
[2026-09-03 10:45:10] rysowanie pól               2 ms  /ridemore/rowerzysta/historical 70 pól
[2026-09-03 10:45:10] trasy ukończone           322 ms  /ridemore/rowerzysta/historical 6/6 kafli
[2026-09-03 10:45:10] trasy nieukończone        398 ms  /ridemore/rowerzysta/historical 6/6 kafli
[2026-09-03 10:45:10] podkład mapy              512 ms  /ridemore/rowerzysta/historical 6/6 kafli
[2026-09-03 10:45:10] ślady przejazdów         521 ms  /ridemore/rowerzysta/historical 6/6 kafli
[2026-09-03 10:45:10] cykl mapy                  572 ms  /ridemore/rowerzysta/historical 7 zadań
[2026-09-03 10:45:14] ślad przejazdu            115 ms  /ridemore/przejazd/929       8130 punktów
[2026-09-03 10:45:14] skarby w kadrze            112 ms  /ridemore/przejazd/929       1 pinezek
[2026-09-03 10:45:14] pola odkryć               205 ms  /ridemore/przejazd/929       252 pól
[2026-09-03 10:45:14] rysowanie pól               9 ms  /ridemore/przejazd/929       252 pól
[2026-09-03 10:45:14] znane trasy                247 ms  /ridemore/przejazd/929       24/24 kafli
[2026-09-03 10:45:14] skarby w kadrze             39 ms  /ridemore/przejazd/929       1 pinezek
[2026-09-03 10:45:14] pola odkryć                60 ms  /ridemore/przejazd/929       252 pól
[2026-09-03 10:45:14] rysowanie pól               6 ms  /ridemore/przejazd/929       252 pól
[2026-09-03 10:45:14] podkład mapy            2 279 ms  /ridemore/przejazd/929       24/24 kafli
[2026-09-03 10:45:14] cykl mapy                2 292 ms  /ridemore/przejazd/929       10 zadań
[2026-09-03 10:45:29] podkład mapy               84 ms  /ridemore/rowerzysta/historical 24/24 kafli
[2026-09-03 10:45:29] trasy ukończone            88 ms  /ridemore/rowerzysta/historical 24/24 kafli
[2026-09-03 10:45:29] trasy nieukończone         91 ms  /ridemore/rowerzysta/historical 24/24 kafli
[2026-09-03 10:45:29] ślady przejazdów          93 ms  /ridemore/rowerzysta/historical 24/24 kafli
[2026-09-03 10:45:29] skarby w kadrze            254 ms  /ridemore/rowerzysta/historical 13 pinezek
[2026-09-03 10:45:29] pola odkryć               267 ms  /ridemore/rowerzysta/historical 81 pól
[2026-09-03 10:45:29] rysowanie pól               5 ms  /ridemore/rowerzysta/historical 81 pól
[2026-09-03 10:45:29] cykl mapy                  296 ms  /ridemore/rowerzysta/historical 8 zadań
[2026-09-03 10:45:33] ślad przejazdu            106 ms  /ridemore/przejazd/936       13464 punktów
[2026-09-03 10:45:33] podkład mapy              124 ms  /ridemore/przejazd/936       24/24 kafli
[2026-09-03 10:45:33] znane trasy                122 ms  /ridemore/przejazd/936       24/24 kafli
[2026-09-03 10:45:33] skarby w kadrze            121 ms  /ridemore/przejazd/936       0 pinezek
[2026-09-03 10:45:33] pola odkryć               116 ms  /ridemore/przejazd/936       263 pól
[2026-09-03 10:45:33] rysowanie pól               9 ms  /ridemore/przejazd/936       263 pól
[2026-09-03 10:45:33] cykl mapy                  156 ms  /ridemore/przejazd/936       7 zadań
[2026-09-03 10:45:33] skarby w kadrze             13 ms  /ridemore/przejazd/936       0 pinezek
[2026-09-03 10:45:33] pola odkryć                32 ms  /ridemore/przejazd/936       263 pól
[2026-09-03 10:45:33] rysowanie pól               5 ms  /ridemore/przejazd/936       263 pól
[2026-09-03 10:45:33] cykl mapy                   37 ms  /ridemore/przejazd/936       3 zadań
[2026-09-03 10:48:20] ślad przejazdu            272 ms  /ridemore/przejazd/119       5360 punktów
[2026-09-03 10:48:20] skarby w kadrze            255 ms  /ridemore/przejazd/119       11 pinezek
[2026-09-03 10:48:20] pola odkryć                48 ms  /ridemore/przejazd/119       118 pól
[2026-09-03 10:48:20] rysowanie pól               5 ms  /ridemore/przejazd/119       118 pól
[2026-09-03 10:48:20] podkład mapy              332 ms  /ridemore/przejazd/119       24/24 kafli
[2026-09-03 10:48:20] znane trasy                358 ms  /ridemore/przejazd/119       24/24 kafli
[2026-09-03 10:48:20] cykl mapy                  387 ms  /ridemore/przejazd/119       8 zadań
[2026-09-03 10:54:39] ślad przejazdu            237 ms  /ridemore/przejazd/126       825 punktów
[2026-09-03 10:54:39] skarby w kadrze            206 ms  /ridemore/przejazd/126       2 pinezek
[2026-09-03 10:54:39] pola odkryć               206 ms  /ridemore/przejazd/126       115 pól
[2026-09-03 10:54:39] rysowanie pól              12 ms  /ridemore/przejazd/126       115 pól
[2026-09-03 10:54:39] podkład mapy              276 ms  /ridemore/przejazd/126       24/24 kafli
[2026-09-03 10:54:39] znane trasy                310 ms  /ridemore/przejazd/126       24/24 kafli
[2026-09-03 10:54:39] cykl mapy                  345 ms  /ridemore/przejazd/126       7 zadań
[2026-09-03 10:54:39] pola odkryć                21 ms  /ridemore/przejazd/126       115 pól
[2026-09-03 10:54:39] rysowanie pól               9 ms  /ridemore/przejazd/126       115 pól
[2026-09-03 10:54:39] skarby w kadrze             40 ms  /ridemore/przejazd/126       2 pinezek
[2026-09-03 10:54:39] cykl mapy                   41 ms  /ridemore/przejazd/126       3 zadań
[2026-09-03 10:55:01] skarby w kadrze            371 ms  /ridemore/trasy/szlak-testowy 11 pinezek
[2026-09-03 10:55:01] pola odkryć               375 ms  /ridemore/trasy/szlak-testowy 118 pól
[2026-09-03 10:55:01] rysowanie pól               4 ms  /ridemore/trasy/szlak-testowy 118 pól
[2026-09-03 10:55:01] podkład mapy              423 ms  /ridemore/trasy/szlak-testowy 24/24 kafli
[2026-09-03 10:55:01] znane trasy                445 ms  /ridemore/trasy/szlak-testowy 24/24 kafli
[2026-09-03 10:55:01] cykl mapy                  449 ms  /ridemore/trasy/szlak-testowy 6 zadań
[2026-09-03 10:55:15] pola odkryć                36 ms  /ridemore/trasy/szlak-testowy 13 pól
[2026-09-03 10:55:15] rysowanie pól               5 ms  /ridemore/trasy/szlak-testowy 13 pól
[2026-09-03 10:55:15] skarby w kadrze             47 ms  /ridemore/trasy/szlak-testowy 1 pinezek
[2026-09-03 10:55:15] podkład mapy              542 ms  /ridemore/trasy/szlak-testowy 18/18 kafli
[2026-09-03 10:55:15] znane trasy                838 ms  /ridemore/trasy/szlak-testowy 18/18 kafli
[2026-09-03 10:55:15] cykl mapy                  840 ms  /ridemore/trasy/szlak-testowy 5 zadań
[2026-09-03 10:55:15] pola odkryć                19 ms  /ridemore/trasy/szlak-testowy 13 pól
[2026-09-03 10:55:15] rysowanie pól               3 ms  /ridemore/trasy/szlak-testowy 13 pól
[2026-09-03 10:55:15] skarby w kadrze             22 ms  /ridemore/trasy/szlak-testowy 1 pinezek
[2026-09-03 10:55:15] cykl mapy                   23 ms  /ridemore/trasy/szlak-testowy 3 zadań
[2026-09-03 10:55:25] ślad przejazdu            207 ms  /ridemore/przejazd/119       5360 punktów
[2026-09-03 10:55:25] skarby w kadrze            201 ms  /ridemore/przejazd/119       11 pinezek
[2026-09-03 10:55:25] pola odkryć               202 ms  /ridemore/przejazd/119       118 pól
[2026-09-03 10:55:25] rysowanie pól               3 ms  /ridemore/przejazd/119       118 pól
[2026-09-03 10:55:25] podkład mapy              251 ms  /ridemore/przejazd/119       24/24 kafli
[2026-09-03 10:55:25] znane trasy                278 ms  /ridemore/przejazd/119       24/24 kafli
[2026-09-03 10:55:25] cykl mapy                  301 ms  /ridemore/przejazd/119       7 zadań
[2026-09-03 10:55:25] skarby w kadrze             30 ms  /ridemore/przejazd/119       11 pinezek
[2026-09-03 10:55:25] pola odkryć                47 ms  /ridemore/przejazd/119       118 pól
[2026-09-03 10:55:25] rysowanie pól               2 ms  /ridemore/przejazd/119       118 pól
[2026-09-03 10:55:25] cykl mapy                   49 ms  /ridemore/przejazd/119       3 zadań
[2026-09-03 10:55:38] pola odkryć                42 ms  /ridemore/przejazd/119       16 pól
[2026-09-03 10:55:38] rysowanie pól               3 ms  /ridemore/przejazd/119       16 pól
[2026-09-03 10:55:38] skarby w kadrze             46 ms  /ridemore/przejazd/119       1 pinezek
[2026-09-03 10:55:38] podkład mapy              702 ms  /ridemore/przejazd/119       24/24 kafli
[2026-09-03 10:55:38] skarby w kadrze             53 ms  /ridemore/przejazd/119       1 pinezek
[2026-09-03 10:55:38] pola odkryć                56 ms  /ridemore/przejazd/119       16 pól
[2026-09-03 10:55:38] rysowanie pól               2 ms  /ridemore/przejazd/119       16 pól
[2026-09-03 10:55:38] znane trasy              1 094 ms  /ridemore/przejazd/119       24/24 kafli
[2026-09-03 10:55:38] cykl mapy                1 097 ms  /ridemore/przejazd/119       8 zadań
[2026-09-03 10:55:57] pola odkryć                22 ms  /ridemore/przejazd/119       16 pól
[2026-09-03 10:55:57] rysowanie pól               2 ms  /ridemore/przejazd/119       16 pól
[2026-09-03 10:55:57] skarby w kadrze             26 ms  /ridemore/przejazd/119       1 pinezek
[2026-09-03 10:55:57] cykl mapy                   27 ms  /ridemore/przejazd/119       3 zadań
[2026-09-03 10:58:50] skarby w kadrze             42 ms  /ridemore/przejazd/936       0 pinezek
[2026-09-03 10:58:50] pola odkryć                83 ms  /ridemore/przejazd/936       263 pól
[2026-09-03 10:58:50] rysowanie pól               7 ms  /ridemore/przejazd/936       263 pól
[2026-09-03 10:58:50] cykl mapy                   90 ms  /ridemore/przejazd/936       3 zadań
[2026-09-03 10:58:55] znane trasy                211 ms  /ridemore/przejazd/936       24/24 kafli
[2026-09-03 10:58:55] ślad przejazdu            245 ms  /ridemore/przejazd/936       13464 punktów
[2026-09-03 10:58:55] skarby w kadrze            242 ms  /ridemore/przejazd/936       0 pinezek
[2026-09-03 10:58:55] pola odkryć               229 ms  /ridemore/przejazd/936       263 pól
[2026-09-03 10:58:55] rysowanie pól               8 ms  /ridemore/przejazd/936       263 pól
[2026-09-03 10:58:55] skarby w kadrze             32 ms  /ridemore/przejazd/936       0 pinezek
[2026-09-03 10:58:55] pola odkryć                46 ms  /ridemore/przejazd/936       263 pól
[2026-09-03 10:58:55] rysowanie pól               6 ms  /ridemore/przejazd/936       263 pól
[2026-09-03 10:58:55] podkład mapy              584 ms  /ridemore/przejazd/936       24/24 kafli
[2026-09-03 10:58:55] cykl mapy                  602 ms  /ridemore/przejazd/936       10 zadań
[2026-09-03 11:01:06] skarby w kadrze             34 ms  /ridemore/przejazd/936       0 pinezek
[2026-09-03 11:01:06] pola odkryć                49 ms  /ridemore/przejazd/936       234 pól
[2026-09-03 11:01:06] rysowanie pól               5 ms  /ridemore/przejazd/936       234 pól
[2026-09-03 11:01:06] cykl mapy                   54 ms  /ridemore/przejazd/936       3 zadań
[2026-09-03 11:01:06] pola odkryć                32 ms  /ridemore/przejazd/936       234 pól
[2026-09-03 11:01:06] rysowanie pól               5 ms  /ridemore/przejazd/936       234 pól
[2026-09-03 11:01:06] skarby w kadrze             44 ms  /ridemore/przejazd/936       0 pinezek
[2026-09-03 11:01:06] cykl mapy                   44 ms  /ridemore/przejazd/936       3 zadań
[2026-09-03 11:01:36] skarby w kadrze             47 ms  /ridemore/przejazd/936       0 pinezek
[2026-09-03 11:01:36] pola odkryć                84 ms  /ridemore/przejazd/936       263 pól
[2026-09-03 11:01:36] rysowanie pól               7 ms  /ridemore/przejazd/936       263 pól
[2026-09-03 11:01:36] cykl mapy                   91 ms  /ridemore/przejazd/936       3 zadań
[2026-09-03 11:01:51] podkład mapy              168 ms  /ridemore/odkrycia?mapa=spolecznosc 24/24 kafli
[2026-09-03 11:01:51] znane trasy                190 ms  /ridemore/odkrycia?mapa=spolecznosc 24/24 kafli
[2026-09-03 11:01:51] skarby w kadrze            189 ms  /ridemore/odkrycia?mapa=spolecznosc 32 pinezek
[2026-09-03 11:01:51] pola odkryć               209 ms  /ridemore/odkrycia?mapa=spolecznosc 81 pól
[2026-09-03 11:01:51] rysowanie pól               5 ms  /ridemore/odkrycia?mapa=spolecznosc 81 pól
[2026-09-03 11:01:51] ślady przejazdów         285 ms  /ridemore/odkrycia?mapa=spolecznosc 24/24 kafli
[2026-09-03 11:01:51] cykl mapy                  290 ms  /ridemore/odkrycia?mapa=spolecznosc 7 zadań
[2026-09-03 11:01:56] znane trasy                323 ms  /ridemore/trasy/szlak-testowy 24/24 kafli
[2026-09-03 11:01:56] podkład mapy              327 ms  /ridemore/trasy/szlak-testowy 24/24 kafli
[2026-09-03 11:01:56] skarby w kadrze            330 ms  /ridemore/trasy/szlak-testowy 11 pinezek
[2026-09-03 11:01:56] pola odkryć               322 ms  /ridemore/trasy/szlak-testowy 118 pól
[2026-09-03 11:01:56] rysowanie pól               2 ms  /ridemore/trasy/szlak-testowy 118 pól
[2026-09-03 11:01:56] cykl mapy                  339 ms  /ridemore/trasy/szlak-testowy 6 zadań
[2026-09-03 11:01:56] pola odkryć                41 ms  /ridemore/trasy/szlak-testowy 118 pól
[2026-09-03 11:01:56] rysowanie pól               2 ms  /ridemore/trasy/szlak-testowy 118 pól
[2026-09-03 11:01:56] skarby w kadrze             43 ms  /ridemore/trasy/szlak-testowy 10 pinezek
[2026-09-03 11:01:56] cykl mapy                   44 ms  /ridemore/trasy/szlak-testowy 3 zadań
[2026-09-03 11:01:56] pola odkryć                22 ms  /ridemore/trasy/szlak-testowy 118 pól
[2026-09-03 11:01:56] rysowanie pól               2 ms  /ridemore/trasy/szlak-testowy 118 pól
[2026-09-03 11:01:56] skarby w kadrze             31 ms  /ridemore/trasy/szlak-testowy 10 pinezek
[2026-09-03 11:01:56] cykl mapy                   32 ms  /ridemore/trasy/szlak-testowy 3 zadań
[2026-09-03 11:15:11] ślad przejazdu             36 ms  /ridemore/przejazd/119       5360 punktów
[2026-09-03 11:15:11] cykl mapy                   36 ms  /ridemore/przejazd/119       1 zadań
[2026-09-03 11:15:11] podkład mapy              190 ms  /ridemore/przejazd/119       3/3 kafli
[2026-09-03 11:15:11] znane trasy                257 ms  /ridemore/przejazd/119       3/3 kafli
[2026-09-03 11:15:11] cykl mapy                  258 ms  /ridemore/przejazd/119       2 zadań
[2026-09-03 11:15:15] skarby w kadrze             19 ms  /ridemore/przejazd/119       9 pinezek
[2026-09-03 11:15:15] pola odkryć                48 ms  /ridemore/przejazd/119       127 pól
[2026-09-03 11:15:15] rysowanie pól               4 ms  /ridemore/przejazd/119       127 pól
[2026-09-03 11:15:15] podkład mapy              257 ms  /ridemore/przejazd/119       18/30 kafli
[2026-09-03 11:15:15] znane trasy                251 ms  /ridemore/przejazd/119       18/18 kafli
[2026-09-03 11:15:15] cykl mapy                  259 ms  /ridemore/przejazd/119       5 zadań
[2026-09-03 11:18:46] podkład mapy              243 ms  /ridemore/trasy/szlak-testowy 16/16 kafli
[2026-09-03 11:18:46] znane trasy                239 ms  /ridemore/trasy/szlak-testowy 16/16 kafli
[2026-09-03 11:18:46] skarby w kadrze            485 ms  /ridemore/trasy/szlak-testowy 10 pinezek
[2026-09-03 11:18:46] pola odkryć               475 ms  /ridemore/trasy/szlak-testowy 118 pól
[2026-09-03 11:18:46] rysowanie pól               3 ms  /ridemore/trasy/szlak-testowy 118 pól
[2026-09-03 11:18:46] cykl mapy                  504 ms  /ridemore/trasy/szlak-testowy 6 zadań
[2026-09-03 12:10:01] podkład mapy              260 ms  /ridemore/trasy/szlak-testowy 16/16 kafli
[2026-09-03 12:10:01] znane trasy                256 ms  /ridemore/trasy/szlak-testowy 16/16 kafli
[2026-09-03 12:10:01] skarby w kadrze            514 ms  /ridemore/trasy/szlak-testowy 10 pinezek
[2026-09-03 12:10:01] pola odkryć               492 ms  /ridemore/trasy/szlak-testowy 118 pól
[2026-09-03 12:10:01] rysowanie pól               3 ms  /ridemore/trasy/szlak-testowy 118 pól
[2026-09-03 12:10:01] cykl mapy                  533 ms  /ridemore/trasy/szlak-testowy 6 zadań
[2026-09-03 12:10:07] pola odkryć                25 ms  /ridemore/trasy/szlak-testowy 35 pól
[2026-09-03 12:10:07] rysowanie pól               2 ms  /ridemore/trasy/szlak-testowy 35 pól
[2026-09-03 12:10:07] skarby w kadrze             33 ms  /ridemore/trasy/szlak-testowy 4 pinezek
[2026-09-03 12:10:07] podkład mapy              106 ms  /ridemore/trasy/szlak-testowy 6/6 kafli
[2026-09-03 12:10:07] znane trasy                160 ms  /ridemore/trasy/szlak-testowy 6/6 kafli
[2026-09-03 12:10:07] cykl mapy                  161 ms  /ridemore/trasy/szlak-testowy 5 zadań
[2026-09-03 12:10:07] podkład mapy               56 ms  /ridemore/trasy/szlak-testowy 9/9 kafli
[2026-09-03 12:10:07] pola odkryć                51 ms  /ridemore/trasy/szlak-testowy 13 pól
[2026-09-03 12:10:07] rysowanie pól               3 ms  /ridemore/trasy/szlak-testowy 13 pól
[2026-09-03 12:10:07] skarby w kadrze             57 ms  /ridemore/trasy/szlak-testowy 1 pinezek
[2026-09-03 12:10:11] znane trasy                190 ms  /ridemore/trasy/szlak-testowy 9/9 kafli
[2026-09-03 12:10:11] cykl mapy                  195 ms  /ridemore/trasy/szlak-testowy 5 zadań
[2026-09-03 12:10:11] pola odkryć                55 ms  /ridemore/trasy/szlak-testowy 13 pól
[2026-09-03 12:10:11] rysowanie pól               3 ms  /ridemore/trasy/szlak-testowy 13 pól
[2026-09-03 12:10:11] skarby w kadrze             58 ms  /ridemore/trasy/szlak-testowy 1 pinezek
[2026-09-03 12:10:11] cykl mapy                   59 ms  /ridemore/trasy/szlak-testowy 3 zadań
[2026-09-03 12:11:48] pola odkryć                29 ms  /ridemore/trasy/szlak-testowy 13 pól
[2026-09-03 12:11:48] rysowanie pól               2 ms  /ridemore/trasy/szlak-testowy 13 pól
[2026-09-03 12:11:48] podkład mapy               36 ms  /ridemore/trasy/szlak-testowy 9/9 kafli
[2026-09-03 12:11:48] skarby w kadrze             41 ms  /ridemore/trasy/szlak-testowy 1 pinezek
[2026-09-03 12:11:48] znane trasy                176 ms  /ridemore/trasy/szlak-testowy 9/9 kafli
[2026-09-03 12:11:48] cykl mapy                  178 ms  /ridemore/trasy/szlak-testowy 5 zadań
[2026-09-03 12:11:58] podkład mapy              199 ms  /ridemore/trasy/szlak-testowy 24/24 kafli
[2026-09-03 12:11:58] pola odkryć               113 ms  /ridemore/trasy/szlak-testowy 9 pól
[2026-09-03 12:11:58] rysowanie pól               1 ms  /ridemore/trasy/szlak-testowy 9 pól
[2026-09-03 12:11:58] skarby w kadrze            118 ms  /ridemore/trasy/szlak-testowy 1 pinezek
[2026-09-03 12:11:58] znane trasy                377 ms  /ridemore/trasy/szlak-testowy 24/24 kafli
[2026-09-03 12:11:58] cykl mapy                  380 ms  /ridemore/trasy/szlak-testowy 5 zadań
[2026-09-03 12:11:58] pola odkryć                39 ms  /ridemore/trasy/szlak-testowy 9 pól
[2026-09-03 12:11:58] rysowanie pól               1 ms  /ridemore/trasy/szlak-testowy 9 pól
[2026-09-03 12:11:58] skarby w kadrze             56 ms  /ridemore/trasy/szlak-testowy 1 pinezek
[2026-09-03 12:11:58] cykl mapy                   57 ms  /ridemore/trasy/szlak-testowy 3 zadań
[2026-09-03 12:11:58] podkład mapy              126 ms  /ridemore/trasy/szlak-testowy 24/24 kafli
[2026-09-03 12:11:58] pola odkryć                77 ms  /ridemore/trasy/szlak-testowy 6 pól
[2026-09-03 12:11:58] rysowanie pól               1 ms  /ridemore/trasy/szlak-testowy 6 pól
[2026-09-03 12:11:58] skarby w kadrze             81 ms  /ridemore/trasy/szlak-testowy 1 pinezek
[2026-09-03 12:11:58] znane trasy                365 ms  /ridemore/trasy/szlak-testowy 24/24 kafli
[2026-09-03 12:11:58] cykl mapy                  368 ms  /ridemore/trasy/szlak-testowy 5 zadań
[2026-09-03 12:11:58] pola odkryć                75 ms  /ridemore/trasy/szlak-testowy 6 pól
[2026-09-03 12:11:58] rysowanie pól               2 ms  /ridemore/trasy/szlak-testowy 6 pól
[2026-09-03 12:11:58] skarby w kadrze             89 ms  /ridemore/trasy/szlak-testowy 1 pinezek
[2026-09-03 12:11:58] cykl mapy                   90 ms  /ridemore/trasy/szlak-testowy 3 zadań
[2026-09-03 12:11:58] podkład mapy              195 ms  /ridemore/trasy/szlak-testowy 18/18 kafli
[2026-09-03 12:11:58] pola odkryć                13 ms  /ridemore/trasy/szlak-testowy 6 pól
[2026-09-03 12:11:58] rysowanie pól               1 ms  /ridemore/trasy/szlak-testowy 6 pól
[2026-09-03 12:11:58] znane trasy                289 ms  /ridemore/trasy/szlak-testowy 18/18 kafli
[2026-09-03 12:11:58] skarby w kadrze             41 ms  /ridemore/trasy/szlak-testowy 1 pinezek
[2026-09-03 12:11:58] cykl mapy                  292 ms  /ridemore/trasy/szlak-testowy 5 zadań
[2026-09-03 12:11:58] pola odkryć                15 ms  /ridemore/trasy/szlak-testowy 6 pól
[2026-09-03 12:11:58] rysowanie pól               1 ms  /ridemore/trasy/szlak-testowy 6 pól
[2026-09-03 12:11:58] skarby w kadrze             20 ms  /ridemore/trasy/szlak-testowy 1 pinezek
[2026-09-03 12:11:58] cykl mapy                   20 ms  /ridemore/trasy/szlak-testowy 3 zadań
[2026-09-03 12:12:06] pola odkryć                18 ms  /ridemore/trasy/szlak-testowy 6 pól
[2026-09-03 12:12:06] rysowanie pól               1 ms  /ridemore/trasy/szlak-testowy 6 pól
[2026-09-03 12:12:06] skarby w kadrze             34 ms  /ridemore/trasy/szlak-testowy 1 pinezek
[2026-09-03 12:12:06] podkład mapy              106 ms  /ridemore/trasy/szlak-testowy 5/5 kafli
[2026-09-03 12:12:06] znane trasy                117 ms  /ridemore/trasy/szlak-testowy 5/5 kafli
[2026-09-03 12:12:06] cykl mapy                  117 ms  /ridemore/trasy/szlak-testowy 5 zadań
[2026-09-03 12:12:13] pola odkryć                22 ms  /ridemore/trasy/szlak-testowy 6 pól
[2026-09-03 12:12:13] rysowanie pól               1 ms  /ridemore/trasy/szlak-testowy 6 pól
[2026-09-03 12:12:13] skarby w kadrze             27 ms  /ridemore/trasy/szlak-testowy 1 pinezek
[2026-09-03 12:12:13] podkład mapy              108 ms  /ridemore/trasy/szlak-testowy 9/9 kafli
[2026-09-03 12:12:13] znane trasy                188 ms  /ridemore/trasy/szlak-testowy 9/9 kafli
[2026-09-03 12:12:13] cykl mapy                  188 ms  /ridemore/trasy/szlak-testowy 5 zadań
[2026-09-03 12:12:13] pola odkryć                18 ms  /ridemore/trasy/szlak-testowy 4 pól
[2026-09-03 12:12:13] rysowanie pól               1 ms  /ridemore/trasy/szlak-testowy 4 pól
[2026-09-03 12:12:13] skarby w kadrze             26 ms  /ridemore/trasy/szlak-testowy 0 pinezek
[2026-09-03 12:12:13] podkład mapy              107 ms  /ridemore/trasy/szlak-testowy 6/6 kafli
[2026-09-03 12:12:13] znane trasy                135 ms  /ridemore/trasy/szlak-testowy 6/6 kafli
[2026-09-03 12:12:13] cykl mapy                  135 ms  /ridemore/trasy/szlak-testowy 5 zadań
[2026-09-03 12:12:13] pola odkryć                20 ms  /ridemore/trasy/szlak-testowy 5 pól
[2026-09-03 12:12:13] rysowanie pól               1 ms  /ridemore/trasy/szlak-testowy 5 pól
[2026-09-03 12:12:13] skarby w kadrze             26 ms  /ridemore/trasy/szlak-testowy 0 pinezek
[2026-09-03 12:12:13] podkład mapy              120 ms  /ridemore/trasy/szlak-testowy 6/6 kafli
[2026-09-03 12:12:13] znane trasy                123 ms  /ridemore/trasy/szlak-testowy 6/6 kafli
[2026-09-03 12:12:13] cykl mapy                  123 ms  /ridemore/trasy/szlak-testowy 5 zadań
[2026-09-03 12:12:13] pola odkryć                20 ms  /ridemore/trasy/szlak-testowy 5 pól
[2026-09-03 12:12:13] rysowanie pól               1 ms  /ridemore/trasy/szlak-testowy 5 pól
[2026-09-03 12:12:13] skarby w kadrze             25 ms  /ridemore/trasy/szlak-testowy 0 pinezek
[2026-09-03 12:12:13] znane trasy                128 ms  /ridemore/trasy/szlak-testowy 6/6 kafli
[2026-09-03 12:12:13] podkład mapy              171 ms  /ridemore/trasy/szlak-testowy 6/6 kafli
[2026-09-03 12:12:13] cykl mapy                  171 ms  /ridemore/trasy/szlak-testowy 5 zadań
[2026-09-03 12:12:17] pola odkryć                19 ms  /ridemore/trasy/szlak-testowy 5 pól
[2026-09-03 12:12:17] rysowanie pól               1 ms  /ridemore/trasy/szlak-testowy 5 pól
[2026-09-03 12:12:17] skarby w kadrze             24 ms  /ridemore/trasy/szlak-testowy 0 pinezek
[2026-09-03 12:12:17] znane trasy                166 ms  /ridemore/trasy/szlak-testowy 9/9 kafli
[2026-09-03 12:12:17] podkład mapy              180 ms  /ridemore/trasy/szlak-testowy 9/9 kafli
[2026-09-03 12:12:17] cykl mapy                  180 ms  /ridemore/trasy/szlak-testowy 5 zadań
[2026-09-03 12:12:17] pola odkryć                17 ms  /ridemore/trasy/szlak-testowy 4 pól
[2026-09-03 12:12:17] rysowanie pól               1 ms  /ridemore/trasy/szlak-testowy 4 pól
[2026-09-03 12:12:17] skarby w kadrze             43 ms  /ridemore/trasy/szlak-testowy 0 pinezek
[2026-09-03 12:12:17] podkład mapy               90 ms  /ridemore/trasy/szlak-testowy 9/9 kafli
[2026-09-03 12:12:17] znane trasy                201 ms  /ridemore/trasy/szlak-testowy 9/9 kafli
[2026-09-03 12:12:17] cykl mapy                  201 ms  /ridemore/trasy/szlak-testowy 5 zadań
[2026-09-03 12:12:17] pola odkryć                18 ms  /ridemore/trasy/szlak-testowy 4 pól
[2026-09-03 12:12:17] rysowanie pól               1 ms  /ridemore/trasy/szlak-testowy 4 pól
[2026-09-03 12:12:17] skarby w kadrze             23 ms  /ridemore/trasy/szlak-testowy 0 pinezek
[2026-09-03 12:12:17] cykl mapy                   23 ms  /ridemore/trasy/szlak-testowy 3 zadań
[2026-09-03 12:12:17] pola odkryć                27 ms  /ridemore/trasy/szlak-testowy 6 pól
[2026-09-03 12:12:17] rysowanie pól               1 ms  /ridemore/trasy/szlak-testowy 6 pól
[2026-09-03 12:12:17] skarby w kadrze             28 ms  /ridemore/trasy/szlak-testowy 0 pinezek
[2026-09-03 12:12:17] podkład mapy              174 ms  /ridemore/trasy/szlak-testowy 14/14 kafli
[2026-09-03 12:12:17] znane trasy                234 ms  /ridemore/trasy/szlak-testowy 14/14 kafli
[2026-09-03 12:12:17] cykl mapy                  238 ms  /ridemore/trasy/szlak-testowy 5 zadań
[2026-09-03 12:12:29] podkład mapy              332 ms  /ridemore/odkrycia           24/24 kafli
[2026-09-03 12:12:29] trasy ukończone           340 ms  /ridemore/odkrycia           24/24 kafli
[2026-09-03 12:12:29] trasy nieukończone        346 ms  /ridemore/odkrycia           24/24 kafli
[2026-09-03 12:12:29] skarby w kadrze            377 ms  /ridemore/odkrycia           32 pinezek
[2026-09-03 12:12:29] pola odkryć               863 ms  /ridemore/odkrycia           81 pól
[2026-09-03 12:12:29] rysowanie pól               3 ms  /ridemore/odkrycia           81 pól
[2026-09-03 12:12:29] ślady przejazdów         966 ms  /ridemore/odkrycia           24/24 kafli
[2026-09-03 12:12:29] cykl mapy                  976 ms  /ridemore/odkrycia           8 zadań
[2026-09-03 12:12:33] znane trasy                110 ms  /ridemore/przejazd/936       24/24 kafli
[2026-09-03 12:12:33] podkład mapy              116 ms  /ridemore/przejazd/936       24/24 kafli
[2026-09-03 12:12:33] ślad przejazdu            131 ms  /ridemore/przejazd/936       13464 punktów
[2026-09-03 12:12:33] skarby w kadrze            129 ms  /ridemore/przejazd/936       0 pinezek
[2026-09-03 12:12:33] pola odkryć               116 ms  /ridemore/przejazd/936       263 pól
[2026-09-03 12:12:33] rysowanie pól              11 ms  /ridemore/przejazd/936       263 pól
[2026-09-03 12:12:33] cykl mapy                  170 ms  /ridemore/przejazd/936       7 zadań
[2026-09-03 12:12:33] skarby w kadrze             37 ms  /ridemore/przejazd/936       0 pinezek
[2026-09-03 12:12:33] pola odkryć                68 ms  /ridemore/przejazd/936       263 pól
[2026-09-03 12:12:33] rysowanie pól               6 ms  /ridemore/przejazd/936       263 pól
[2026-09-03 12:12:33] cykl mapy                   74 ms  /ridemore/przejazd/936       3 zadań
[2026-09-03 12:12:46] trasy ukończone           237 ms  /ridemore/rowerzysta/historical 24/24 kafli
[2026-09-03 12:12:46] podkład mapy              249 ms  /ridemore/rowerzysta/historical 24/24 kafli
[2026-09-03 12:12:46] trasy nieukończone        245 ms  /ridemore/rowerzysta/historical 24/24 kafli
[2026-09-03 12:12:46] skarby w kadrze            284 ms  /ridemore/rowerzysta/historical 13 pinezek
[2026-09-03 12:12:46] pola odkryć               758 ms  /ridemore/rowerzysta/historical 81 pól
[2026-09-03 12:12:46] rysowanie pól               4 ms  /ridemore/rowerzysta/historical 81 pól
[2026-09-03 12:12:46] ślady przejazdów         820 ms  /ridemore/rowerzysta/historical 24/24 kafli
[2026-09-03 12:12:46] cykl mapy                  826 ms  /ridemore/rowerzysta/historical 8 zadań
[2026-09-03 12:13:01] ślad przejazdu             41 ms  /ridemore/rowerzysta/historical bez geometrii
[2026-09-03 12:13:01] cykl mapy                   41 ms  /ridemore/rowerzysta/historical 1 zadań
[2026-09-03 12:17:48] podkład mapy              228 ms  /ridemore/odkrycia           24/24 kafli
[2026-09-03 12:17:48] trasy ukończone           226 ms  /ridemore/odkrycia           24/24 kafli
[2026-09-03 12:17:48] trasy nieukończone        231 ms  /ridemore/odkrycia           24/24 kafli
[2026-09-03 12:17:48] skarby w kadrze            280 ms  /ridemore/odkrycia           32 pinezek
[2026-09-03 12:17:48] pola odkryć               752 ms  /ridemore/odkrycia           81 pól
[2026-09-03 12:17:48] rysowanie pól               4 ms  /ridemore/odkrycia           81 pól
[2026-09-03 12:17:48] ślady przejazdów         875 ms  /ridemore/odkrycia           24/24 kafli
[2026-09-03 12:17:48] cykl mapy                  883 ms  /ridemore/odkrycia           8 zadań
[2026-09-03 12:17:57] skarby w kadrze             90 ms  /ridemore/trasy/asdfasd      0 pinezek
[2026-09-03 12:17:57] podkład mapy              363 ms  /ridemore/trasy/asdfasd      13/20 kafli, błędów 7
[2026-09-03 12:17:57] pola odkryć               358 ms  /ridemore/trasy/asdfasd      0 pól
[2026-09-03 12:17:57] rysowanie pól               4 ms  /ridemore/trasy/asdfasd      0 pól
[2026-09-03 12:17:57] znane trasy                396 ms  /ridemore/trasy/asdfasd      20/20 kafli
[2026-09-03 12:17:57] cykl mapy                  398 ms  /ridemore/trasy/asdfasd      6 zadań
[2026-09-03 12:18:10] podkład mapy               83 ms  /ridemore/trasy/asdfasd      4/4 kafli
[2026-09-03 12:18:10] cykl mapy                   84 ms  /ridemore/trasy/asdfasd      1 zadań
[2026-09-03 12:18:10] pola odkryć                51 ms  /ridemore/trasy/asdfasd      0 pól
[2026-09-03 12:18:10] rysowanie pól               4 ms  /ridemore/trasy/asdfasd      0 pól
[2026-09-03 12:18:10] skarby w kadrze             55 ms  /ridemore/trasy/asdfasd      0 pinezek
[2026-09-03 12:18:10] znane trasy                108 ms  /ridemore/trasy/asdfasd      3/3 kafli
[2026-09-03 12:18:10] cykl mapy                  108 ms  /ridemore/trasy/asdfasd      4 zadań
[2026-09-03 12:18:10] podkład mapy              138 ms  /ridemore/trasy/asdfasd      24/24 kafli
[2026-09-03 12:18:10] pola odkryć               112 ms  /ridemore/trasy/asdfasd      0 pól
[2026-09-03 12:18:10] rysowanie pól               2 ms  /ridemore/trasy/asdfasd      0 pól
[2026-09-03 12:18:10] znane trasy                384 ms  /ridemore/trasy/asdfasd      24/24 kafli
[2026-09-03 12:18:10] skarby w kadrze            132 ms  /ridemore/trasy/asdfasd      0 pinezek
[2026-09-03 12:18:10] cykl mapy                  389 ms  /ridemore/trasy/asdfasd      5 zadań
[2026-09-03 12:18:10] skarby w kadrze             15 ms  /ridemore/trasy/asdfasd      0 pinezek
[2026-09-03 12:18:10] pola odkryć                19 ms  /ridemore/trasy/asdfasd      0 pól
[2026-09-03 12:18:10] rysowanie pól               2 ms  /ridemore/trasy/asdfasd      0 pól
[2026-09-03 12:18:10] cykl mapy                   20 ms  /ridemore/trasy/asdfasd      3 zadań
[2026-09-03 12:18:15] znane trasy                 19 ms  /ridemore/trasy/asdfasd      12/12 kafli
[2026-09-03 12:18:15] podkład mapy               70 ms  /ridemore/trasy/asdfasd      12/12 kafli
[2026-09-03 12:18:15] cykl mapy                   70 ms  /ridemore/trasy/asdfasd      2 zadań
[2026-09-03 12:18:15] pola odkryć                24 ms  /ridemore/trasy/asdfasd      0 pól
[2026-09-03 12:18:15] rysowanie pól               6 ms  /ridemore/trasy/asdfasd      0 pól
[2026-09-03 12:18:15] znane trasy                 36 ms  /ridemore/trasy/asdfasd      6/6 kafli
[2026-09-03 12:18:15] skarby w kadrze             34 ms  /ridemore/trasy/asdfasd      0 pinezek
[2026-09-03 12:18:15] podkład mapy               79 ms  /ridemore/trasy/asdfasd      6/6 kafli
[2026-09-03 12:18:15] cykl mapy                   79 ms  /ridemore/trasy/asdfasd      5 zadań
[2026-09-03 12:18:15] pola odkryć                21 ms  /ridemore/trasy/asdfasd      0 pól
[2026-09-03 12:18:15] rysowanie pól               3 ms  /ridemore/trasy/asdfasd      0 pól
[2026-09-03 12:18:15] skarby w kadrze             25 ms  /ridemore/trasy/asdfasd      0 pinezek
[2026-09-03 12:18:15] cykl mapy                   26 ms  /ridemore/trasy/asdfasd      3 zadań
[2026-09-03 12:18:15] podkład mapy               93 ms  /ridemore/trasy/asdfasd      6/6 kafli
[2026-09-03 12:18:15] znane trasy                121 ms  /ridemore/trasy/asdfasd      6/6 kafli
[2026-09-03 12:18:15] cykl mapy                  122 ms  /ridemore/trasy/asdfasd      2 zadań
[2026-09-03 12:18:15] pola odkryć                34 ms  /ridemore/trasy/asdfasd      0 pól
[2026-09-03 12:18:15] rysowanie pól              11 ms  /ridemore/trasy/asdfasd      0 pól
[2026-09-03 12:18:15] skarby w kadrze             60 ms  /ridemore/trasy/asdfasd      0 pinezek
[2026-09-03 12:18:15] podkład mapy              158 ms  /ridemore/trasy/asdfasd      18/18 kafli
[2026-09-03 12:18:15] skarby w kadrze             71 ms  /ridemore/trasy/asdfasd      0 pinezek
[2026-09-03 12:18:15] pola odkryć                74 ms  /ridemore/trasy/asdfasd      0 pól
[2026-09-03 12:18:15] rysowanie pól               9 ms  /ridemore/trasy/asdfasd      0 pól
[2026-09-03 12:18:15] znane trasy                356 ms  /ridemore/trasy/asdfasd      18/18 kafli
[2026-09-03 12:18:15] cykl mapy                  358 ms  /ridemore/trasy/asdfasd      8 zadań
[2026-09-03 12:18:15] pola odkryć                18 ms  /ridemore/trasy/asdfasd      0 pól
[2026-09-03 12:18:15] rysowanie pól               5 ms  /ridemore/trasy/asdfasd      0 pól
[2026-09-03 12:18:15] skarby w kadrze             24 ms  /ridemore/trasy/asdfasd      0 pinezek
[2026-09-03 12:18:15] cykl mapy                   24 ms  /ridemore/trasy/asdfasd      3 zadań
[2026-09-03 12:18:19] znane trasy                101 ms  /ridemore/trasy/asdfasd      20/20 kafli
[2026-09-03 12:18:19] skarby w kadrze            103 ms  /ridemore/trasy/asdfasd      0 pinezek
[2026-09-03 12:18:19] podkład mapy              120 ms  /ridemore/trasy/asdfasd      20/20 kafli
[2026-09-03 12:18:19] pola odkryć               111 ms  /ridemore/trasy/asdfasd      0 pól
[2026-09-03 12:18:19] rysowanie pól               4 ms  /ridemore/trasy/asdfasd      0 pól
[2026-09-03 12:18:19] cykl mapy                  129 ms  /ridemore/trasy/asdfasd      6 zadań
[2026-09-03 12:18:51] znane trasy                112 ms  /ridemore/trasy/asdfasd      20/20 kafli
[2026-09-03 12:18:51] podkład mapy              116 ms  /ridemore/trasy/asdfasd      20/20 kafli
[2026-09-03 12:18:51] skarby w kadrze            118 ms  /ridemore/trasy/asdfasd      0 pinezek
[2026-09-03 12:18:51] pola odkryć                99 ms  /ridemore/trasy/asdfasd      0 pól
[2026-09-03 12:18:51] rysowanie pól               5 ms  /ridemore/trasy/asdfasd      0 pól
[2026-09-03 12:18:51] cykl mapy                  130 ms  /ridemore/trasy/asdfasd      6 zadań
[2026-09-03 12:20:38] znane trasy                 43 ms  /ridemore/trasy/asdfasd      15/15 kafli
[2026-09-03 12:20:38] podkład mapy              396 ms  /ridemore/trasy/asdfasd      15/27 kafli
[2026-09-03 12:20:38] cykl mapy                  397 ms  /ridemore/trasy/asdfasd      2 zadań
[2026-09-03 12:20:38] pola odkryć                35 ms  /ridemore/trasy/asdfasd      0 pól
[2026-09-03 12:20:38] rysowanie pól               0 ms  /ridemore/trasy/asdfasd      0 pól
[2026-09-03 12:20:38] skarby w kadrze             34 ms  /ridemore/trasy/asdfasd      0 pinezek
[2026-09-03 12:20:38] cykl mapy                   35 ms  /ridemore/trasy/asdfasd      3 zadań
[2026-09-03 14:03:19] skarby w kadrze             15 ms  /ridemore/trasy/asdfasd      0 pinezek
[2026-09-03 14:03:19] pola odkryć                46 ms  /ridemore/trasy/asdfasd      0 pól
[2026-09-03 14:03:19] rysowanie pól               0 ms  /ridemore/trasy/asdfasd      0 pól
[2026-09-03 14:03:19] znane trasy                284 ms  /ridemore/trasy/asdfasd      6/6 kafli
[2026-09-03 14:03:19] podkład mapy              289 ms  /ridemore/trasy/asdfasd      6/6 kafli
[2026-09-03 14:03:19] cykl mapy                  289 ms  /ridemore/trasy/asdfasd      6 zadań
[2026-09-03 14:03:19] pola odkryć                13 ms  /ridemore/trasy/asdfasd      0 pól
[2026-09-03 14:03:19] rysowanie pól               0 ms  /ridemore/trasy/asdfasd      0 pól
[2026-09-03 14:03:19] skarby w kadrze             19 ms  /ridemore/trasy/asdfasd      0 pinezek
[2026-09-03 14:03:19] cykl mapy                   20 ms  /ridemore/trasy/asdfasd      3 zadań
[2026-09-03 14:07:41] podkład mapy              235 ms  /ridemore/odkrycia           24/24 kafli
[2026-09-03 14:07:41] trasy ukończone           229 ms  /ridemore/odkrycia           24/24 kafli
[2026-09-03 14:07:41] trasy nieukończone        232 ms  /ridemore/odkrycia           24/24 kafli
[2026-09-03 14:07:41] skarby w kadrze            302 ms  /ridemore/odkrycia           32 pinezek
[2026-09-03 14:07:41] pola odkryć               986 ms  /ridemore/odkrycia           81 pól
[2026-09-03 14:07:41] rysowanie pól               4 ms  /ridemore/odkrycia           81 pól
[2026-09-03 14:07:41] ślady przejazdów       1 093 ms  /ridemore/odkrycia           24/24 kafli
[2026-09-03 14:07:41] cykl mapy                1 109 ms  /ridemore/odkrycia           8 zadań
[2026-09-03 14:10:45] skarby w kadrze             25 ms  /ridemore/odkrycia           22 pinezek
[2026-09-03 14:10:45] pola odkryć                42 ms  /ridemore/odkrycia           15 pól
[2026-09-03 14:10:45] rysowanie pól               6 ms  /ridemore/odkrycia           15 pól
[2026-09-03 14:10:45] podkład mapy              444 ms  /ridemore/odkrycia           6/6 kafli
[2026-09-03 14:10:45] znane trasy                450 ms  /ridemore/odkrycia           6/6 kafli
[2026-09-03 14:10:45] ślady przejazdów       1 049 ms  /ridemore/odkrycia           6/6 kafli
[2026-09-03 14:10:45] cykl mapy                1 051 ms  /ridemore/odkrycia           7 zadań
[2026-09-03 14:11:00] podkład mapy               16 ms  /ridemore/odkrycia?mapa=spolecznosc 6/6 kafli
[2026-09-03 14:11:00] znane trasy                 14 ms  /ridemore/odkrycia?mapa=spolecznosc 6/6 kafli
[2026-09-03 14:11:00] ślady przejazdów          15 ms  /ridemore/odkrycia?mapa=spolecznosc 6/6 kafli
[2026-09-03 14:11:00] skarby w kadrze             27 ms  /ridemore/odkrycia?mapa=spolecznosc 22 pinezek
[2026-09-03 14:11:00] pola odkryć                35 ms  /ridemore/odkrycia?mapa=spolecznosc 15 pól
[2026-09-03 14:11:00] rysowanie pól               5 ms  /ridemore/odkrycia?mapa=spolecznosc 15 pól
[2026-09-03 14:11:00] cykl mapy                   49 ms  /ridemore/odkrycia?mapa=spolecznosc 7 zadań
[2026-09-03 14:11:23] pola odkryć                13 ms  /ridemore/odkrycia?mapa=spolecznosc 0 pól
[2026-09-03 14:11:23] rysowanie pól               2 ms  /ridemore/odkrycia?mapa=spolecznosc 0 pól
[2026-09-03 14:11:23] skarby w kadrze             15 ms  /ridemore/odkrycia?mapa=spolecznosc 1 pinezek
[2026-09-03 14:11:23] podkład mapy              145 ms  /ridemore/odkrycia?mapa=spolecznosc 6/6 kafli
[2026-09-03 14:11:23] znane trasy                246 ms  /ridemore/odkrycia?mapa=spolecznosc 6/6 kafli
[2026-09-03 14:11:23] ślady przejazdów         381 ms  /ridemore/odkrycia?mapa=spolecznosc 6/6 kafli
[2026-09-03 14:11:23] cykl mapy                  383 ms  /ridemore/odkrycia?mapa=spolecznosc 6 zadań
[2026-09-03 14:11:23] pola odkryć                21 ms  /ridemore/odkrycia?mapa=spolecznosc 0 pól
[2026-09-03 14:11:23] rysowanie pól               1 ms  /ridemore/odkrycia?mapa=spolecznosc 0 pól
[2026-09-03 14:11:23] skarby w kadrze             22 ms  /ridemore/odkrycia?mapa=spolecznosc 1 pinezek
[2026-09-03 14:11:23] cykl mapy                   23 ms  /ridemore/odkrycia?mapa=spolecznosc 3 zadań
[2026-09-03 14:11:23] pola odkryć                20 ms  /ridemore/odkrycia?mapa=spolecznosc 0 pól
[2026-09-03 14:11:23] rysowanie pól               1 ms  /ridemore/odkrycia?mapa=spolecznosc 0 pól
[2026-09-03 14:11:23] skarby w kadrze             30 ms  /ridemore/odkrycia?mapa=spolecznosc 1 pinezek
[2026-09-03 14:11:23] cykl mapy                   31 ms  /ridemore/odkrycia?mapa=spolecznosc 3 zadań
[2026-09-03 14:16:12] podkład mapy              277 ms  /ridemore/odkrycia           24/24 kafli
[2026-09-03 14:16:12] trasy ukończone           276 ms  /ridemore/odkrycia           24/24 kafli
[2026-09-03 14:16:12] trasy nieukończone        280 ms  /ridemore/odkrycia           24/24 kafli
[2026-09-03 14:16:12] skarby w kadrze            511 ms  /ridemore/odkrycia           32 pinezek
[2026-09-03 14:16:12] pola odkryć               890 ms  /ridemore/odkrycia           81 pól
[2026-09-03 14:16:12] rysowanie pól               2 ms  /ridemore/odkrycia           81 pól
[2026-09-03 14:16:12] ślady przejazdów         917 ms  /ridemore/odkrycia           24/24 kafli
[2026-09-03 14:16:12] cykl mapy                  924 ms  /ridemore/odkrycia           8 zadań
[2026-09-03 14:16:12] pola odkryć                27 ms  /ridemore/odkrycia           16 pól
[2026-09-03 14:16:12] rysowanie pól               5 ms  /ridemore/odkrycia           16 pól
[2026-09-03 14:16:12] skarby w kadrze             65 ms  /ridemore/odkrycia           1 pinezek
[2026-09-03 14:16:12] podkład mapy              116 ms  /ridemore/odkrycia           24/24 kafli
[2026-09-03 14:16:12] trasy ukończone           747 ms  /ridemore/odkrycia           24/24 kafli
[2026-09-03 14:16:12] trasy nieukończone      1 323 ms  /ridemore/odkrycia           24/24 kafli
[2026-09-03 14:16:12] wolne żądanie          1 512 ms  /ridemore/odkrycia           /ridemore/assets/tiles/slady/me/15/18415/11225.png?v=1
[2026-09-03 14:16:12] wolne żądanie          1 527 ms  /ridemore/odkrycia           /ridemore/assets/tiles/slady/me/15/18416/11225.png?v=1
[2026-09-03 14:16:12] wolne żądanie          1 551 ms  /ridemore/odkrycia           /ridemore/assets/tiles/slady/me/15/18414/11222.png?v=1
[2026-09-03 14:16:12] wolne żądanie          1 567 ms  /ridemore/odkrycia           /ridemore/assets/tiles/slady/me/15/18417/11222.png?v=1
[2026-09-03 14:16:12] wolne żądanie          1 572 ms  /ridemore/odkrycia           /ridemore/assets/tiles/slady/me/15/18414/11225.png?v=1
[2026-09-03 14:16:12] wolne żądanie          1 589 ms  /ridemore/odkrycia           /ridemore/assets/tiles/slady/me/15/18417/11225.png?v=1
[2026-09-03 14:16:12] wolne żądanie          1 603 ms  /ridemore/odkrycia           /ridemore/assets/tiles/slady/me/15/18413/11223.png?v=1
[2026-09-03 14:16:12] wolne żądanie          1 624 ms  /ridemore/odkrycia           /ridemore/assets/tiles/slady/me/15/18418/11223.png?v=1
[2026-09-03 14:16:12] wolne żądanie          1 639 ms  /ridemore/odkrycia           /ridemore/assets/tiles/slady/me/15/18413/11224.png?v=1
[2026-09-03 14:16:12] wolne żądanie          1 663 ms  /ridemore/odkrycia           /ridemore/assets/tiles/slady/me/15/18418/11224.png?v=1
[2026-09-03 14:16:12] wolne żądanie          1 691 ms  /ridemore/odkrycia           /ridemore/assets/tiles/slady/me/15/18413/11222.png?v=1
[2026-09-03 14:16:12] wolne żądanie          1 712 ms  /ridemore/odkrycia           /ridemore/assets/tiles/slady/me/15/18418/11222.png?v=1
[2026-09-03 14:16:12] pola odkryć             1 482 ms  /ridemore/odkrycia           16 pól
[2026-09-03 14:16:12] rysowanie pól               2 ms  /ridemore/odkrycia           16 pól
[2026-09-03 14:16:12] skarby w kadrze          1 486 ms  /ridemore/odkrycia           1 pinezek
[2026-09-03 14:16:12] wolne żądanie          1 719 ms  /ridemore/odkrycia           /ridemore/assets/tiles/slady/me/15/18413/11225.png?v=1
[2026-09-03 14:16:12] wolne żądanie          1 740 ms  /ridemore/odkrycia           /ridemore/assets/tiles/slady/me/15/18418/11225.png?v=1
[2026-09-03 14:16:12] ślady przejazdów       1 766 ms  /ridemore/odkrycia           24/24 kafli
[2026-09-03 14:16:12] cykl mapy                1 775 ms  /ridemore/odkrycia           10 zadań
[2026-09-03 14:31:24] skarby w kadrze             15 ms  /ridemore/odkrycia           1 pinezek
[2026-09-03 14:31:24] pola odkryć                19 ms  /ridemore/odkrycia           18 pól
[2026-09-03 14:31:24] rysowanie pól               3 ms  /ridemore/odkrycia           18 pól
[2026-09-03 14:31:24] cykl mapy                   23 ms  /ridemore/odkrycia           3 zadań
[2026-09-03 14:31:28] ślad przejazdu             37 ms  /ridemore/odkrycia           825 punktów
[2026-09-03 14:31:28] cykl mapy                   37 ms  /ridemore/odkrycia           1 zadań
[2026-09-03 14:31:28] trasy ukończone           446 ms  /ridemore/odkrycia           28/48 kafli
[2026-09-03 14:31:28] trasy nieukończone        466 ms  /ridemore/odkrycia           24/48 kafli
[2026-09-03 14:31:28] podkład mapy              471 ms  /ridemore/odkrycia           26/48 kafli
[2026-09-03 14:31:28] skarby w kadrze            204 ms  /ridemore/odkrycia           2 pinezek
[2026-09-03 14:31:28] pola odkryć               209 ms  /ridemore/odkrycia           115 pól
[2026-09-03 14:31:28] rysowanie pól              19 ms  /ridemore/odkrycia           115 pól
[2026-09-03 14:31:28] pola odkryć               422 ms  /ridemore/odkrycia           115 pól
[2026-09-03 14:31:28] rysowanie pól               7 ms  /ridemore/odkrycia           115 pól
[2026-09-03 14:31:28] skarby w kadrze            445 ms  /ridemore/odkrycia           2 pinezek
[2026-09-03 14:31:28] ślady przejazdów       1 015 ms  /ridemore/odkrycia           24/48 kafli
[2026-09-03 14:31:28] cykl mapy                1 022 ms  /ridemore/odkrycia           10 zadań
[2026-09-03 14:31:32] znane trasy                204 ms  /ridemore/przejazd/126       24/24 kafli
[2026-09-03 14:31:32] podkład mapy              208 ms  /ridemore/przejazd/126       24/24 kafli
[2026-09-03 14:31:32] ślad przejazdu            234 ms  /ridemore/przejazd/126       825 punktów
[2026-09-03 14:31:32] skarby w kadrze            220 ms  /ridemore/przejazd/126       2 pinezek
[2026-09-03 14:31:32] pola odkryć               206 ms  /ridemore/przejazd/126       115 pól
[2026-09-03 14:31:32] rysowanie pól              10 ms  /ridemore/przejazd/126       115 pól
[2026-09-03 14:31:32] cykl mapy                  250 ms  /ridemore/przejazd/126       7 zadań
[2026-09-03 14:31:32] pola odkryć                14 ms  /ridemore/przejazd/126       115 pól
[2026-09-03 14:31:32] rysowanie pól               5 ms  /ridemore/przejazd/126       115 pól
[2026-09-03 14:31:32] skarby w kadrze             29 ms  /ridemore/przejazd/126       2 pinezek
[2026-09-03 14:31:32] cykl mapy                   29 ms  /ridemore/przejazd/126       3 zadań
[2026-09-04 10:04:59] trasy ukończone           223 ms  /ridemore/odkrycia           24/24 kafli
[2026-09-04 10:04:59] trasy nieukończone        237 ms  /ridemore/odkrycia           24/24 kafli
[2026-09-04 10:04:59] podkład mapy              249 ms  /ridemore/odkrycia           24/24 kafli
[2026-09-04 10:04:59] skarby w kadrze            573 ms  /ridemore/odkrycia           32 pinezek
[2026-09-04 10:04:59] pola odkryć             1 093 ms  /ridemore/odkrycia           81 pól
[2026-09-04 10:04:59] rysowanie pól               3 ms  /ridemore/odkrycia           81 pól
[2026-09-04 10:04:59] ślady przejazdów       1 175 ms  /ridemore/odkrycia           24/24 kafli
[2026-09-04 10:04:59] cykl mapy                1 187 ms  /ridemore/odkrycia           8 zadań
[2026-09-04 10:06:29] skarby w kadrze            128 ms  /ridemore/events/weekend-szosowy-beskidy?termin=4 25 pinezek
[2026-09-04 10:06:29] podkład mapy              565 ms  /ridemore/events/weekend-szosowy-beskidy?termin=4 29/36 kafli
[2026-09-04 10:06:29] pola odkryć               159 ms  /ridemore/events/weekend-szosowy-beskidy?termin=4 81 pól
[2026-09-04 10:06:29] rysowanie pól               4 ms  /ridemore/events/weekend-szosowy-beskidy?termin=4 81 pól
[2026-09-04 10:06:29] skarby w kadrze             75 ms  /ridemore/events/weekend-szosowy-beskidy?termin=4 25 pinezek
[2026-09-04 10:06:29] pola odkryć                95 ms  /ridemore/events/weekend-szosowy-beskidy?termin=4 81 pól
[2026-09-04 10:06:29] rysowanie pól               2 ms  /ridemore/events/weekend-szosowy-beskidy?termin=4 81 pól
[2026-09-04 10:06:29] podkład mapy              109 ms  /ridemore/events/weekend-szosowy-beskidy?termin=4 18/18 kafli
[2026-09-04 10:06:29] znane trasy                800 ms  /ridemore/events/weekend-szosowy-beskidy?termin=4 30/54 kafli
[2026-09-04 10:06:29] cykl mapy                  855 ms  /ridemore/events/weekend-szosowy-beskidy?termin=4 13 zadań
[2026-09-04 11:03:01] podkład mapy              298 ms  /ridemore/odkrycia           24/24 kafli
[2026-09-04 11:03:01] trasy ukończone           302 ms  /ridemore/odkrycia           24/24 kafli
[2026-09-04 11:03:01] trasy nieukończone        305 ms  /ridemore/odkrycia           24/24 kafli
[2026-09-04 11:03:01] skarby w kadrze            392 ms  /ridemore/odkrycia           32 pinezek
[2026-09-04 11:03:01] ślady przejazdów         903 ms  /ridemore/odkrycia           24/24 kafli
[2026-09-04 11:03:01] pola odkryć               889 ms  /ridemore/odkrycia           81 pól
[2026-09-04 11:03:01] rysowanie pól               3 ms  /ridemore/odkrycia           81 pól
[2026-09-04 11:03:01] cykl mapy                  923 ms  /ridemore/odkrycia           8 zadań
[2026-09-04 11:05:16] trasy ukończone           247 ms  /ridemore/odkrycia           24/24 kafli
[2026-09-04 11:05:16] trasy nieukończone        273 ms  /ridemore/odkrycia           24/24 kafli
[2026-09-04 11:05:16] skarby w kadrze            317 ms  /ridemore/odkrycia           32 pinezek
[2026-09-04 11:05:16] podkład mapy              578 ms  /ridemore/odkrycia           24/24 kafli
[2026-09-04 11:05:16] ślady przejazdów         824 ms  /ridemore/odkrycia           24/24 kafli
[2026-09-04 11:05:16] pola odkryć               794 ms  /ridemore/odkrycia           81 pól
[2026-09-04 11:05:16] rysowanie pól               2 ms  /ridemore/odkrycia           81 pól
[2026-09-04 11:05:16] cykl mapy                  862 ms  /ridemore/odkrycia           8 zadań
[2026-09-04 11:05:16] podkład mapy               98 ms  /ridemore/odkrycia           18/18 kafli
[2026-09-04 11:05:16] trasy ukończone            97 ms  /ridemore/odkrycia           18/18 kafli
[2026-09-04 11:05:16] trasy nieukończone        108 ms  /ridemore/odkrycia           18/18 kafli
[2026-09-04 11:05:16] ślady przejazdów         512 ms  /ridemore/odkrycia           18/18 kafli
[2026-09-04 11:05:16] skarby w kadrze            264 ms  /ridemore/odkrycia           23 pinezek
[2026-09-04 11:05:16] pola odkryć                28 ms  /ridemore/odkrycia           50 pól
[2026-09-04 11:05:16] rysowanie pól              10 ms  /ridemore/odkrycia           50 pól
[2026-09-04 11:05:16] cykl mapy                  562 ms  /ridemore/odkrycia           8 zadań
[2026-09-04 11:05:23] podkład mapy              122 ms  /ridemore/trasy/szlak-testowy 24/24 kafli
[2026-09-04 11:05:23] znane trasy                121 ms  /ridemore/trasy/szlak-testowy 24/24 kafli
[2026-09-04 11:05:23] skarby w kadrze            383 ms  /ridemore/trasy/szlak-testowy 11 pinezek
[2026-09-04 11:05:23] pola odkryć               369 ms  /ridemore/trasy/szlak-testowy 118 pól
[2026-09-04 11:05:23] rysowanie pól               2 ms  /ridemore/trasy/szlak-testowy 118 pól
[2026-09-04 11:05:23] cykl mapy                  394 ms  /ridemore/trasy/szlak-testowy 6 zadań
[2026-09-04 11:07:03] pola odkryć                21 ms  /ridemore/trasy/szlak-testowy 101 pól
[2026-09-04 11:07:03] rysowanie pól               2 ms  /ridemore/trasy/szlak-testowy 101 pól
[2026-09-04 11:07:03] skarby w kadrze             24 ms  /ridemore/trasy/szlak-testowy 8 pinezek
[2026-09-04 11:07:03] cykl mapy                   24 ms  /ridemore/trasy/szlak-testowy 3 zadań
[2026-09-04 11:07:13] skarby w kadrze             25 ms  /ridemore/trasy/szlak-testowy 1 pinezek
[2026-09-04 11:07:13] pola odkryć                35 ms  /ridemore/trasy/szlak-testowy 13 pól
[2026-09-04 11:07:13] rysowanie pól               2 ms  /ridemore/trasy/szlak-testowy 13 pól
[2026-09-04 11:07:13] podkład mapy               63 ms  /ridemore/trasy/szlak-testowy 18/18 kafli
[2026-09-04 11:07:13] pola odkryć                15 ms  /ridemore/trasy/szlak-testowy 13 pól
[2026-09-04 11:07:13] rysowanie pól               2 ms  /ridemore/trasy/szlak-testowy 13 pól
[2026-09-04 11:07:13] skarby w kadrze             20 ms  /ridemore/trasy/szlak-testowy 1 pinezek
[2026-09-04 11:07:13] znane trasy                290 ms  /ridemore/trasy/szlak-testowy 18/18 kafli
[2026-09-04 11:07:13] cykl mapy                  292 ms  /ridemore/trasy/szlak-testowy 8 zadań
[2026-09-04 20:03:54] znane trasy                292 ms  /ridemore/trasy/szlak-testowy 18/18 kafli
[2026-09-04 20:03:54] skarby w kadrze             48 ms  /ridemore/trasy/szlak-testowy 9 pinezek
[2026-09-04 20:03:54] pola odkryć                80 ms  /ridemore/trasy/szlak-testowy 127 pól
[2026-09-04 20:03:54] rysowanie pól               0 ms  /ridemore/trasy/szlak-testowy 127 pól
[2026-09-04 20:03:54] podkład mapy              921 ms  /ridemore/trasy/szlak-testowy 18/30 kafli
[2026-09-04 20:03:54] cykl mapy                  921 ms  /ridemore/trasy/szlak-testowy 5 zadań
[2026-09-04 20:23:50] podkład mapy               89 ms  /ridemore/trasy/szlak-testowy 18/30 kafli
[2026-09-04 20:23:50] znane trasy                 87 ms  /ridemore/trasy/szlak-testowy 18/18 kafli
[2026-09-04 20:23:50] pola odkryć               136 ms  /ridemore/trasy/szlak-testowy 127 pól
[2026-09-04 20:23:50] rysowanie pól               0 ms  /ridemore/trasy/szlak-testowy 127 pól
[2026-09-04 20:23:50] skarby w kadrze            141 ms  /ridemore/trasy/szlak-testowy 9 pinezek
[2026-09-04 20:23:50] ślady przejazdów         548 ms  /ridemore/trasy/szlak-testowy 18/18 kafli
[2026-09-04 20:23:50] cykl mapy                  564 ms  /ridemore/trasy/szlak-testowy 6 zadań
[2026-09-04 20:25:22] trasy ukończone           201 ms  /ridemore/odkrycia           18/18 kafli
[2026-09-04 20:25:22] skarby w kadrze            210 ms  /ridemore/odkrycia           30 pinezek
[2026-09-04 20:25:22] trasy nieukończone        253 ms  /ridemore/odkrycia           18/18 kafli
[2026-09-04 20:25:22] podkład mapy              479 ms  /ridemore/odkrycia           18/18 kafli
[2026-09-04 20:25:22] ślady przejazdów         743 ms  /ridemore/odkrycia           18/18 kafli
[2026-09-04 20:25:22] pola odkryć               762 ms  /ridemore/odkrycia           81 pól
[2026-09-04 20:25:22] rysowanie pól               4 ms  /ridemore/odkrycia           81 pól
[2026-09-04 20:25:22] cykl mapy                  813 ms  /ridemore/odkrycia           8 zadań
[2026-09-04 20:25:38] skarby w kadrze            151 ms  /ridemore/trasy/szlak-testowy 10 pinezek
[2026-09-04 20:25:38] pola odkryć               151 ms  /ridemore/trasy/szlak-testowy 118 pól
[2026-09-04 20:25:38] rysowanie pól               5 ms  /ridemore/trasy/szlak-testowy 118 pól
[2026-09-04 20:25:38] znane trasy                208 ms  /ridemore/trasy/szlak-testowy 18/18 kafli
[2026-09-04 20:25:38] ślady przejazdów         239 ms  /ridemore/trasy/szlak-testowy 18/18 kafli
[2026-09-04 20:25:38] podkład mapy              306 ms  /ridemore/trasy/szlak-testowy 18/18 kafli
[2026-09-04 20:25:38] cykl mapy                  306 ms  /ridemore/trasy/szlak-testowy 7 zadań
[2026-09-04 20:26:18] skarby w kadrze            285 ms  /ridemore/trasy/jhjh-aqua-velo 9 pinezek
[2026-09-04 20:26:18] podkład mapy              391 ms  /ridemore/trasy/jhjh-aqua-velo 18/18 kafli
[2026-09-04 20:26:18] znane trasy                628 ms  /ridemore/trasy/jhjh-aqua-velo 18/18 kafli
[2026-09-04 20:26:18] pola odkryć               928 ms  /ridemore/trasy/jhjh-aqua-velo 47 pól
[2026-09-04 20:26:18] rysowanie pól               3 ms  /ridemore/trasy/jhjh-aqua-velo 47 pól
[2026-09-04 20:26:18] ślady przejazdów         987 ms  /ridemore/trasy/jhjh-aqua-velo 18/18 kafli
[2026-09-04 20:26:18] cykl mapy                1 001 ms  /ridemore/trasy/jhjh-aqua-velo 7 zadań
[2026-09-04 20:28:22] skarby w kadrze            244 ms  /ridemore/trasy/wislana-trasa 10 pinezek
[2026-09-04 20:28:22] podkład mapy              389 ms  /ridemore/trasy/wislana-trasa 18/18 kafli
[2026-09-04 20:28:22] znane trasy                427 ms  /ridemore/trasy/wislana-trasa 18/18 kafli
[2026-09-04 20:28:22] ślady przejazdów         770 ms  /ridemore/trasy/wislana-trasa 18/18 kafli
[2026-09-04 20:28:22] pola odkryć               765 ms  /ridemore/trasy/wislana-trasa 50 pól
[2026-09-04 20:28:22] rysowanie pól              15 ms  /ridemore/trasy/wislana-trasa 50 pól
[2026-09-04 20:28:22] cykl mapy                  813 ms  /ridemore/trasy/wislana-trasa 7 zadań
[2026-09-04 20:28:32] podkład mapy              153 ms  /ridemore/trasy/wislana-trasa 18/18 kafli
[2026-09-04 20:28:32] znane trasy                182 ms  /ridemore/trasy/wislana-trasa 18/18 kafli
[2026-09-04 20:28:32] ślady przejazdów         199 ms  /ridemore/trasy/wislana-trasa 18/18 kafli
[2026-09-04 20:28:32] skarby w kadrze            255 ms  /ridemore/trasy/wislana-trasa 10 pinezek
[2026-09-04 20:28:32] pola odkryć               285 ms  /ridemore/trasy/wislana-trasa 50 pól
[2026-09-04 20:28:32] rysowanie pól              11 ms  /ridemore/trasy/wislana-trasa 50 pól
[2026-09-04 20:28:32] cykl mapy                  330 ms  /ridemore/trasy/wislana-trasa 7 zadań
[2026-09-04 20:28:39] skarby w kadrze            278 ms  /ridemore/rowerzysta/historical 0 pinezek
[2026-09-04 20:28:39] podkład mapy              324 ms  /ridemore/rowerzysta/historical 18/18 kafli
[2026-09-04 20:28:39] pola odkryć               287 ms  /ridemore/rowerzysta/historical 128 pól
[2026-09-04 20:28:39] rysowanie pól               7 ms  /ridemore/rowerzysta/historical 128 pól
[2026-09-04 20:28:39] trasy ukończone           951 ms  /ridemore/rowerzysta/historical 18/18 kafli
[2026-09-04 20:28:39] wolne żądanie          1 502 ms  /ridemore/rowerzysta/historical /ridemore/assets/tiles/slady/kn-historical/14/9166/5533.png?v=3
[2026-09-04 20:28:39] wolne żądanie          1 551 ms  /ridemore/rowerzysta/historical /ridemore/assets/tiles/slady/me/14/9169/5534.png?v=1
[2026-09-04 20:28:39] wolne żądanie          1 575 ms  /ridemore/rowerzysta/historical /ridemore/assets/tiles/slady/me/14/9169/5535.png?v=1
[2026-09-04 20:28:39] wolne żądanie          1 607 ms  /ridemore/rowerzysta/historical /ridemore/assets/tiles/slady/me/14/9168/5535.png?v=1
[2026-09-04 20:28:39] wolne żądanie          1 615 ms  /ridemore/rowerzysta/historical /ridemore/assets/tiles/slady/me/14/9171/5533.png?v=1
[2026-09-04 20:28:39] wolne żądanie          1 678 ms  /ridemore/rowerzysta/historical /ridemore/assets/tiles/slady/kn-historical/14/9170/5535.png?v=3
[2026-09-04 20:28:39] wolne żądanie          1 709 ms  /ridemore/rowerzysta/historical /ridemore/assets/tiles/slady/kn-historical/14/9166/5534.png?v=3
[2026-09-04 20:28:39] wolne żądanie          1 730 ms  /ridemore/rowerzysta/historical /ridemore/assets/tiles/slady/me/14/9168/5533.png?v=1
[2026-09-04 20:28:39] wolne żądanie          1 766 ms  /ridemore/rowerzysta/historical /ridemore/assets/tiles/slady/kn-historical/14/9166/5535.png?v=3
[2026-09-04 20:28:39] wolne żądanie          1 775 ms  /ridemore/rowerzysta/historical /ridemore/assets/tiles/slady/me/14/9166/5533.png?v=1
[2026-09-04 20:28:39] wolne żądanie          1 828 ms  /ridemore/rowerzysta/historical /ridemore/assets/tiles/slady/me/14/9170/5533.png?v=1
[2026-09-04 20:28:39] wolne żądanie          1 865 ms  /ridemore/rowerzysta/historical /ridemore/assets/tiles/slady/kn-historical/14/9167/5535.png?v=3
[2026-09-04 20:28:39] wolne żądanie          1 928 ms  /ridemore/rowerzysta/historical /ridemore/assets/tiles/slady/kn-historical/14/9171/5534.png?v=3
[2026-09-04 20:28:39] wolne żądanie          1 956 ms  /ridemore/rowerzysta/historical /ridemore/assets/tiles/slady/me/14/9171/5535.png?v=1
[2026-09-04 20:28:39] wolne żądanie          2 007 ms  /ridemore/rowerzysta/historical /ridemore/assets/tiles/slady/me/14/9167/5534.png?v=1
[2026-09-04 20:28:39] wolne żądanie          2 027 ms  /ridemore/rowerzysta/historical /ridemore/assets/tiles/slady/me/14/9168/5534.png?v=1
[2026-09-04 20:28:39] wolne żądanie          2 054 ms  /ridemore/rowerzysta/historical /ridemore/assets/tiles/slady/kn-historical/14/9171/5533.png?v=3
[2026-09-04 20:28:39] wolne żądanie          2 068 ms  /ridemore/rowerzysta/historical /ridemore/assets/tiles/slady/me/14/9167/5535.png?v=1
[2026-09-04 20:28:39] wolne żądanie          2 120 ms  /ridemore/rowerzysta/historical /ridemore/assets/tiles/slady/me/14/9169/5533.png?v=1
[2026-09-04 20:28:39] wolne żądanie          2 138 ms  /ridemore/rowerzysta/historical /ridemore/assets/tiles/slady/me/14/9167/5533.png?v=1
[2026-09-04 20:28:39] wolne żądanie          2 158 ms  /ridemore/rowerzysta/historical /ridemore/assets/tiles/slady/me/14/9166/5534.png?v=1
[2026-09-04 20:28:39] wolne żądanie          2 219 ms  /ridemore/rowerzysta/historical /ridemore/assets/tiles/slady/kn-historical/14/9171/5535.png?v=3
[2026-09-04 20:28:39] trasy nieukończone      2 233 ms  /ridemore/rowerzysta/historical 18/18 kafli
[2026-09-04 20:28:39] wolne żądanie          2 265 ms  /ridemore/rowerzysta/historical /ridemore/assets/tiles/slady/me/14/9170/5534.png?v=1
[2026-09-04 20:28:39] wolne żądanie          2 283 ms  /ridemore/rowerzysta/historical /ridemore/assets/tiles/slady/me/14/9170/5535.png?v=1
[2026-09-04 20:28:39] ślady przejazdów       2 294 ms  /ridemore/rowerzysta/historical 18/18 kafli
[2026-09-04 20:28:39] cykl mapy                2 303 ms  /ridemore/rowerzysta/historical 8 zadań
[2026-09-04 20:55:03] podkład mapy              331 ms  /ridemore/odkrycia           18/30 kafli
[2026-09-04 20:55:03] znane trasy                661 ms  /ridemore/odkrycia           18/18 kafli
[2026-09-04 20:55:03] skarby w kadrze            669 ms  /ridemore/odkrycia           31 pinezek
[2026-09-04 20:55:03] pola odkryć               687 ms  /ridemore/odkrycia           81 pól
[2026-09-04 20:55:03] rysowanie pól               8 ms  /ridemore/odkrycia           81 pól
[2026-09-04 20:55:03] ślady przejazdów         880 ms  /ridemore/odkrycia           18/18 kafli
[2026-09-04 20:55:03] cykl mapy                  898 ms  /ridemore/odkrycia           6 zadań
[2026-09-04 20:55:17] pola odkryć               154 ms  /ridemore/odkrycia           15 pól
[2026-09-04 20:55:17] rysowanie pól               1 ms  /ridemore/odkrycia           15 pól
[2026-09-04 20:55:17] skarby w kadrze            173 ms  /ridemore/odkrycia           11 pinezek
[2026-09-04 20:55:17] pola odkryć                69 ms  /ridemore/odkrycia           15 pól
[2026-09-04 20:55:17] rysowanie pól               1 ms  /ridemore/odkrycia           15 pól
[2026-09-04 20:55:17] skarby w kadrze             84 ms  /ridemore/odkrycia           11 pinezek
[2026-09-04 20:55:17] znane trasy                785 ms  /ridemore/odkrycia           25/36 kafli
[2026-09-04 20:55:17] podkład mapy              827 ms  /ridemore/odkrycia           28/36 kafli
[2026-09-04 20:55:17] ślady przejazdów       1 109 ms  /ridemore/odkrycia           18/36 kafli
[2026-09-04 20:55:17] cykl mapy                1 116 ms  /ridemore/odkrycia           9 zadań
[2026-09-04 20:55:27] podkład mapy              109 ms  /ridemore/odkrycia           6/6 kafli
[2026-09-04 20:55:27] znane trasy                181 ms  /ridemore/odkrycia           6/6 kafli
[2026-09-04 20:55:27] skarby w kadrze             35 ms  /ridemore/odkrycia           11 pinezek
[2026-09-04 20:55:27] pola odkryć                48 ms  /ridemore/odkrycia           6 pól
[2026-09-04 20:55:27] rysowanie pól              13 ms  /ridemore/odkrycia           6 pól
[2026-09-04 20:55:27] podkład mapy              145 ms  /ridemore/odkrycia           12/12 kafli
[2026-09-04 20:55:27] znane trasy                312 ms  /ridemore/odkrycia           12/12 kafli
[2026-09-04 20:55:27] skarby w kadrze             76 ms  /ridemore/odkrycia           11 pinezek
[2026-09-04 20:55:27] pola odkryć                91 ms  /ridemore/odkrycia           6 pól
[2026-09-04 20:55:27] rysowanie pól              10 ms  /ridemore/odkrycia           6 pól
[2026-09-04 20:55:27] ślady przejazdów         801 ms  /ridemore/odkrycia           18/18 kafli
[2026-09-04 20:55:27] cykl mapy                  805 ms  /ridemore/odkrycia           11 zadań
[2026-09-04 20:56:10] podkład mapy               75 ms  /ridemore/odkrycia           18/30 kafli
[2026-09-04 20:56:10] znane trasy                 92 ms  /ridemore/odkrycia           18/18 kafli
[2026-09-04 20:56:10] skarby w kadrze            112 ms  /ridemore/odkrycia           31 pinezek
[2026-09-04 20:56:10] ślady przejazdów         128 ms  /ridemore/odkrycia           18/18 kafli
[2026-09-04 20:56:10] pola odkryć               135 ms  /ridemore/odkrycia           81 pól
[2026-09-04 20:56:10] rysowanie pól               6 ms  /ridemore/odkrycia           81 pól
[2026-09-04 20:56:10] cykl mapy                  161 ms  /ridemore/odkrycia           6 zadań
[2026-09-04 20:56:10] skarby w kadrze             21 ms  /ridemore/odkrycia           31 pinezek
[2026-09-04 20:56:10] pola odkryć                42 ms  /ridemore/odkrycia           81 pól
[2026-09-04 20:56:10] rysowanie pól               1 ms  /ridemore/odkrycia           81 pól
[2026-09-04 20:56:10] cykl mapy                   43 ms  /ridemore/odkrycia           3 zadań
[2026-09-04 20:56:19] pola odkryć                25 ms  /ridemore/odkrycia           51 pól
[2026-09-04 20:56:19] rysowanie pól               1 ms  /ridemore/odkrycia           51 pól
[2026-09-04 20:56:19] skarby w kadrze             52 ms  /ridemore/odkrycia           23 pinezek
[2026-09-04 20:56:19] cykl mapy                   52 ms  /ridemore/odkrycia           3 zadań
[2026-09-04 20:56:35] podkład mapy              188 ms  /ridemore/odkrycia           15/15 kafli
[2026-09-04 20:56:35] znane trasy                425 ms  /ridemore/odkrycia           15/15 kafli
[2026-09-04 20:56:35] skarby w kadrze            430 ms  /ridemore/odkrycia           8 pinezek
[2026-09-04 20:56:35] pola odkryć               177 ms  /ridemore/odkrycia           42 pól
[2026-09-04 20:56:35] rysowanie pól              10 ms  /ridemore/odkrycia           42 pól
[2026-09-04 20:56:35] ślady przejazdów         717 ms  /ridemore/odkrycia           15/15 kafli
[2026-09-04 20:56:35] cykl mapy                  724 ms  /ridemore/odkrycia           7 zadań
[2026-09-04 20:57:36] skarby w kadrze             90 ms  /ridemore/odkrycia           8 pinezek
[2026-09-04 20:57:36] pola odkryć               104 ms  /ridemore/odkrycia           42 pól
[2026-09-04 20:57:36] rysowanie pól               2 ms  /ridemore/odkrycia           42 pól
[2026-09-04 20:57:36] pola odkryć               332 ms  /ridemore/odkrycia           10 pól
[2026-09-04 20:57:36] rysowanie pól               3 ms  /ridemore/odkrycia           10 pól
[2026-09-04 20:57:36] skarby w kadrze            338 ms  /ridemore/odkrycia           1 pinezek
[2026-09-04 20:57:36] pola odkryć               122 ms  /ridemore/odkrycia           10 pól
[2026-09-04 20:57:36] rysowanie pól               1 ms  /ridemore/odkrycia           10 pól
[2026-09-04 20:57:36] skarby w kadrze            140 ms  /ridemore/odkrycia           1 pinezek
[2026-09-04 20:57:36] podkład mapy              795 ms  /ridemore/odkrycia           24/24 kafli
[2026-09-04 20:57:36] pola odkryć                58 ms  /ridemore/odkrycia           10 pól
[2026-09-04 20:57:36] rysowanie pól               1 ms  /ridemore/odkrycia           10 pól
[2026-09-04 20:57:36] skarby w kadrze             61 ms  /ridemore/odkrycia           1 pinezek
[2026-09-04 20:57:36] znane trasy                946 ms  /ridemore/odkrycia           24/24 kafli
[2026-09-04 20:57:36] ślady przejazdów         968 ms  /ridemore/odkrycia           24/24 kafli
[2026-09-04 20:57:36] cykl mapy                  985 ms  /ridemore/odkrycia           15 zadań
[2026-09-04 20:59:48] podkład mapy               93 ms  /ridemore/odkrycia           18/30 kafli
[2026-09-04 20:59:48] znane trasy                 85 ms  /ridemore/odkrycia           18/18 kafli
[2026-09-04 20:59:48] ślady przejazdów          83 ms  /ridemore/odkrycia           18/18 kafli
[2026-09-04 20:59:48] cykl mapy                  101 ms  /ridemore/odkrycia           3 zadań
[2026-09-04 20:59:48] skarby w kadrze             57 ms  /ridemore/odkrycia           31 pinezek
[2026-09-04 20:59:48] pola odkryć                67 ms  /ridemore/odkrycia           81 pól
[2026-09-04 20:59:48] rysowanie pól               4 ms  /ridemore/odkrycia           81 pól
[2026-09-04 20:59:48] cykl mapy                   71 ms  /ridemore/odkrycia           3 zadań
[2026-09-04 21:05:37] skarby w kadrze             34 ms  /ridemore/odkrycia           23 pinezek
[2026-09-04 21:05:37] pola odkryć                64 ms  /ridemore/odkrycia           51 pól
[2026-09-04 21:05:37] rysowanie pól               3 ms  /ridemore/odkrycia           51 pól
[2026-09-04 21:05:37] cykl mapy                   67 ms  /ridemore/odkrycia           3 zadań
[2026-09-04 21:05:49] podkład mapy              231 ms  /ridemore/odkrycia           6/6 kafli
[2026-09-04 21:05:49] skarby w kadrze             29 ms  /ridemore/odkrycia           27 pinezek
[2026-09-04 21:05:49] pola odkryć                47 ms  /ridemore/odkrycia           68 pól
[2026-09-04 21:05:49] rysowanie pól               3 ms  /ridemore/odkrycia           68 pól
[2026-09-04 21:05:49] znane trasy                184 ms  /ridemore/odkrycia           6/6 kafli
[2026-09-04 21:05:49] ślady przejazdów         305 ms  /ridemore/odkrycia           6/6 kafli
[2026-09-04 21:05:49] cykl mapy                  513 ms  /ridemore/odkrycia           6 zadań
[2026-09-04 21:11:31] pola odkryć                92 ms  /ridemore/odkrycia           81 pól
[2026-09-04 21:11:31] rysowanie pól               7 ms  /ridemore/odkrycia           81 pól
[2026-09-04 21:11:31] skarby w kadrze            117 ms  /ridemore/odkrycia           32 pinezek
[2026-09-04 21:11:31] podkład mapy              167 ms  /ridemore/odkrycia           24/24 kafli
[2026-09-04 21:11:31] znane trasy                375 ms  /ridemore/odkrycia           24/24 kafli
[2026-09-04 21:11:31] ślady przejazdów         566 ms  /ridemore/odkrycia           24/24 kafli
[2026-09-04 21:11:31] cykl mapy                  576 ms  /ridemore/odkrycia           7 zadań
[2026-09-04 21:12:28] pola odkryć                33 ms  /ridemore/odkrycia           81 pól
[2026-09-04 21:12:28] rysowanie pól               2 ms  /ridemore/odkrycia           81 pól
[2026-09-04 21:12:28] skarby w kadrze             35 ms  /ridemore/odkrycia           32 pinezek
[2026-09-04 21:12:28] cykl mapy                   36 ms  /ridemore/odkrycia           3 zadań
[2026-09-04 21:12:40] pola odkryć                79 ms  /ridemore/odkrycia           19 pól
[2026-09-04 21:12:40] rysowanie pól               7 ms  /ridemore/odkrycia           19 pól
[2026-09-04 21:12:40] skarby w kadrze             87 ms  /ridemore/odkrycia           1 pinezek
[2026-09-04 21:12:40] pola odkryć               435 ms  /ridemore/odkrycia           19 pól
[2026-09-04 21:12:40] rysowanie pól               7 ms  /ridemore/odkrycia           19 pól
[2026-09-04 21:12:40] znane trasy                701 ms  /ridemore/odkrycia           24/24 kafli
[2026-09-04 21:12:40] skarby w kadrze            444 ms  /ridemore/odkrycia           1 pinezek
[2026-09-04 21:12:40] ślady przejazdów       1 041 ms  /ridemore/odkrycia           24/24 kafli
[2026-09-04 21:12:40] podkład mapy            1 456 ms  /ridemore/odkrycia           24/24 kafli
[2026-09-04 21:12:40] cykl mapy                1 457 ms  /ridemore/odkrycia           9 zadań
[2026-09-04 21:15:54] skarby w kadrze             85 ms  /ridemore/odkrycia           32 pinezek
[2026-09-04 21:15:54] pola odkryć                92 ms  /ridemore/odkrycia           81 pól
[2026-09-04 21:15:54] rysowanie pól               7 ms  /ridemore/odkrycia           81 pól
[2026-09-04 21:15:54] podkład mapy              136 ms  /ridemore/odkrycia           24/24 kafli
[2026-09-04 21:15:54] znane trasy                159 ms  /ridemore/odkrycia           24/24 kafli
[2026-09-04 21:15:54] ślady przejazdów         181 ms  /ridemore/odkrycia           24/24 kafli
[2026-09-04 21:15:54] cykl mapy                  186 ms  /ridemore/odkrycia           7 zadań
[2026-09-04 21:16:27] pola odkryć                27 ms  /ridemore/odkrycia           81 pól
[2026-09-04 21:16:27] rysowanie pól               3 ms  /ridemore/odkrycia           81 pól
[2026-09-04 21:16:27] skarby w kadrze             31 ms  /ridemore/odkrycia           32 pinezek
[2026-09-04 21:16:27] cykl mapy                   32 ms  /ridemore/odkrycia           3 zadań
[2026-09-04 21:17:39] podkład mapy               39 ms  /ridemore/odkrycia           6/6 kafli
[2026-09-04 21:17:39] ślady przejazdów          52 ms  /ridemore/odkrycia           6/6 kafli
[2026-09-04 21:17:39] znane trasy                 53 ms  /ridemore/odkrycia           6/6 kafli
[2026-09-04 21:17:39] skarby w kadrze             53 ms  /ridemore/odkrycia           30 pinezek
[2026-09-04 21:17:39] pola odkryć                69 ms  /ridemore/odkrycia           77 pól
[2026-09-04 21:17:39] rysowanie pól               3 ms  /ridemore/odkrycia           77 pól
[2026-09-04 21:17:39] cykl mapy                   73 ms  /ridemore/odkrycia           6 zadań
[2026-09-04 21:19:02] podkład mapy              559 ms  /ridemore/odkrycia           6/6 kafli
[2026-09-04 21:19:02] cykl mapy                  560 ms  /ridemore/odkrycia           1 zadań
[2026-09-04 21:19:27] skarby w kadrze             27 ms  /ridemore/odkrycia           11 pinezek
[2026-09-04 21:19:27] pola odkryć                46 ms  /ridemore/odkrycia           26 pól
[2026-09-04 21:19:27] rysowanie pól               2 ms  /ridemore/odkrycia           26 pól
[2026-09-04 21:19:27] podkład mapy              190 ms  /ridemore/odkrycia           12/12 kafli
[2026-09-04 21:19:27] ślady przejazdów         780 ms  /ridemore/odkrycia           18/18 kafli
[2026-09-04 21:19:27] znane trasy                793 ms  /ridemore/odkrycia           18/18 kafli
[2026-09-04 21:19:27] cykl mapy                  794 ms  /ridemore/odkrycia           6 zadań
[2026-09-04 21:21:00] pola odkryć                60 ms  /ridemore/odkrycia           0 pól
[2026-09-04 21:21:00] rysowanie pól               1 ms  /ridemore/odkrycia           0 pól
[2026-09-04 21:21:00] skarby w kadrze             64 ms  /ridemore/odkrycia           10 pinezek
[2026-09-04 21:21:00] podkład mapy              266 ms  /ridemore/odkrycia           6/6 kafli
[2026-09-04 21:21:00] ślady przejazdów         331 ms  /ridemore/odkrycia           6/6 kafli
[2026-09-04 21:21:00] znane trasy                347 ms  /ridemore/odkrycia           6/6 kafli
[2026-09-04 21:21:00] cykl mapy                  348 ms  /ridemore/odkrycia           6 zadań
[2026-09-04 21:21:00] pola odkryć                42 ms  /ridemore/odkrycia           0 pól
[2026-09-04 21:21:00] rysowanie pól               1 ms  /ridemore/odkrycia           0 pól
[2026-09-04 21:21:00] skarby w kadrze             57 ms  /ridemore/odkrycia           9 pinezek
[2026-09-04 21:21:00] cykl mapy                   58 ms  /ridemore/odkrycia           3 zadań
[2026-09-04 21:22:49] skarby w kadrze             35 ms  /ridemore/odkrycia           31 pinezek
[2026-09-04 21:22:49] pola odkryć                96 ms  /ridemore/odkrycia           81 pól
[2026-09-04 21:22:49] rysowanie pól               5 ms  /ridemore/odkrycia           81 pól
[2026-09-04 21:22:49] podkład mapy              132 ms  /ridemore/odkrycia           18/18 kafli
[2026-09-04 21:22:49] znane trasy                149 ms  /ridemore/odkrycia           18/18 kafli
[2026-09-04 21:22:49] ślady przejazdów         164 ms  /ridemore/odkrycia           18/18 kafli
[2026-09-04 21:22:49] cykl mapy                  169 ms  /ridemore/odkrycia           7 zadań
[2026-09-04 21:23:43] skarby w kadrze             64 ms  /ridemore/odkrycia           30 pinezek
[2026-09-04 21:23:43] pola odkryć                79 ms  /ridemore/odkrycia           81 pól
[2026-09-04 21:23:43] rysowanie pól               4 ms  /ridemore/odkrycia           81 pól
[2026-09-04 21:23:43] cykl mapy                   83 ms  /ridemore/odkrycia           3 zadań
[2026-09-04 21:24:54] skarby w kadrze             35 ms  /ridemore/odkrycia           30 pinezek
[2026-09-04 21:24:54] pola odkryć                59 ms  /ridemore/odkrycia           77 pól
[2026-09-04 21:24:54] rysowanie pól               2 ms  /ridemore/odkrycia           77 pól
[2026-09-04 21:24:54] cykl mapy                   61 ms  /ridemore/odkrycia           3 zadań
[2026-09-04 21:24:54] skarby w kadrze             41 ms  /ridemore/odkrycia           27 pinezek
[2026-09-04 21:24:54] pola odkryć                57 ms  /ridemore/odkrycia           70 pól
[2026-09-04 21:24:54] rysowanie pól               1 ms  /ridemore/odkrycia           70 pól
[2026-09-04 21:24:54] cykl mapy                   59 ms  /ridemore/odkrycia           3 zadań
[2026-09-04 21:24:54] skarby w kadrze             41 ms  /ridemore/odkrycia           24 pinezek
[2026-09-04 21:24:54] pola odkryć                60 ms  /ridemore/odkrycia           54 pól
[2026-09-04 21:24:54] rysowanie pól               1 ms  /ridemore/odkrycia           54 pól
[2026-09-04 21:24:54] cykl mapy                   61 ms  /ridemore/odkrycia           3 zadań
[2026-09-04 21:25:01] pola odkryć                32 ms  /ridemore/odkrycia           54 pól
[2026-09-04 21:25:01] rysowanie pól               1 ms  /ridemore/odkrycia           54 pól
[2026-09-04 21:25:01] skarby w kadrze             46 ms  /ridemore/odkrycia           24 pinezek
[2026-09-04 21:25:01] cykl mapy                   46 ms  /ridemore/odkrycia           3 zadań
[2026-09-04 21:25:01] skarby w kadrze             40 ms  /ridemore/odkrycia           24 pinezek
[2026-09-04 21:25:01] pola odkryć                56 ms  /ridemore/odkrycia           56 pól
[2026-09-04 21:25:01] rysowanie pól               1 ms  /ridemore/odkrycia           56 pól
[2026-09-04 21:25:01] cykl mapy                   57 ms  /ridemore/odkrycia           3 zadań
[2026-09-04 21:25:01] skarby w kadrze             41 ms  /ridemore/odkrycia           24 pinezek
[2026-09-04 21:25:01] pola odkryć                52 ms  /ridemore/odkrycia           56 pól
[2026-09-04 21:25:01] rysowanie pól               1 ms  /ridemore/odkrycia           56 pól
[2026-09-04 21:25:01] cykl mapy                   54 ms  /ridemore/odkrycia           3 zadań
[2026-09-04 21:25:01] skarby w kadrze             40 ms  /ridemore/odkrycia           20 pinezek
[2026-09-04 21:25:01] pola odkryć                54 ms  /ridemore/odkrycia           51 pól
[2026-09-04 21:25:01] rysowanie pól               1 ms  /ridemore/odkrycia           51 pól
[2026-09-04 21:25:01] cykl mapy                   55 ms  /ridemore/odkrycia           3 zadań
[2026-09-04 21:25:01] pola odkryć                26 ms  /ridemore/odkrycia           51 pól
[2026-09-04 21:25:01] rysowanie pól               1 ms  /ridemore/odkrycia           51 pól
[2026-09-04 21:25:01] skarby w kadrze             38 ms  /ridemore/odkrycia           20 pinezek
[2026-09-04 21:25:01] cykl mapy                   39 ms  /ridemore/odkrycia           3 zadań
[2026-09-04 21:25:01] podkład mapy               21 ms  /ridemore/odkrycia           6/6 kafli
[2026-09-04 21:25:01] znane trasy                 24 ms  /ridemore/odkrycia           6/6 kafli
[2026-09-04 21:25:01] ślady przejazdów          25 ms  /ridemore/odkrycia           6/6 kafli
[2026-09-04 21:25:01] cykl mapy                   25 ms  /ridemore/odkrycia           3 zadań
[2026-09-04 21:25:05] pola odkryć                35 ms  /ridemore/odkrycia           51 pól
[2026-09-04 21:25:05] rysowanie pól               1 ms  /ridemore/odkrycia           51 pól
[2026-09-04 21:25:05] skarby w kadrze             42 ms  /ridemore/odkrycia           20 pinezek
[2026-09-04 21:25:05] cykl mapy                   43 ms  /ridemore/odkrycia           3 zadań
[2026-09-04 21:25:10] skarby w kadrze             37 ms  /ridemore/odkrycia           18 pinezek
[2026-09-04 21:25:10] pola odkryć                46 ms  /ridemore/odkrycia           48 pól
[2026-09-04 21:25:10] rysowanie pól               2 ms  /ridemore/odkrycia           48 pól
[2026-09-04 21:25:10] cykl mapy                   48 ms  /ridemore/odkrycia           3 zadań
[2026-09-04 21:25:10] skarby w kadrze             21 ms  /ridemore/odkrycia           18 pinezek
[2026-09-04 21:25:10] pola odkryć                38 ms  /ridemore/odkrycia           48 pól
[2026-09-04 21:25:10] rysowanie pól               1 ms  /ridemore/odkrycia           48 pól
[2026-09-04 21:25:10] cykl mapy                   39 ms  /ridemore/odkrycia           3 zadań
[2026-09-04 21:26:12] skarby w kadrze             29 ms  /ridemore/trasy/wislana-trasa 10 pinezek
[2026-09-04 21:26:12] pola odkryć                52 ms  /ridemore/trasy/wislana-trasa 50 pól
[2026-09-04 21:26:12] rysowanie pól               0 ms  /ridemore/trasy/wislana-trasa 50 pól
[2026-09-04 21:26:12] podkład mapy              376 ms  /ridemore/trasy/wislana-trasa 15/15 kafli
[2026-09-04 21:26:12] znane trasy                643 ms  /ridemore/trasy/wislana-trasa 15/15 kafli
[2026-09-04 21:26:12] ślady przejazdów       1 059 ms  /ridemore/trasy/wislana-trasa 15/15 kafli
[2026-09-04 21:26:12] cykl mapy                1 065 ms  /ridemore/trasy/wislana-trasa 7 zadań
[2026-09-04 21:29:31] ślady przejazdów          74 ms  /ridemore/odkrycia           18/18 kafli
[2026-09-04 21:29:31] podkład mapy               99 ms  /ridemore/odkrycia           18/30 kafli
[2026-09-04 21:29:31] znane trasy                 82 ms  /ridemore/odkrycia           18/18 kafli
[2026-09-04 21:29:31] cykl mapy                  100 ms  /ridemore/odkrycia           3 zadań
[2026-09-04 21:29:31] skarby w kadrze             36 ms  /ridemore/odkrycia           31 pinezek
[2026-09-04 21:29:31] pola odkryć                75 ms  /ridemore/odkrycia           81 pól
[2026-09-04 21:29:31] rysowanie pól               4 ms  /ridemore/odkrycia           81 pól
[2026-09-04 21:29:31] cykl mapy                   79 ms  /ridemore/odkrycia           3 zadań
[2026-09-05 10:13:10] skarby w kadrze            419 ms  /ridemore/rowerzysta/historical 0 pinezek
[2026-09-05 10:13:10] pola odkryć               428 ms  /ridemore/rowerzysta/historical 170 pól
[2026-09-05 10:13:10] rysowanie pól               5 ms  /ridemore/rowerzysta/historical 170 pól
[2026-09-05 10:13:10] cykl mapy                  432 ms  /ridemore/rowerzysta/historical 3 zadań
[2026-09-05 10:35:18] ślad przejazdu             32 ms  /ridemore/przejazd/9858      16057 punktów
[2026-09-05 10:35:18] cykl mapy                   33 ms  /ridemore/przejazd/9858      1 zadań
[2026-09-05 10:35:18] podkład mapy              226 ms  /ridemore/przejazd/9858      3/3 kafli
[2026-09-05 10:35:18] znane trasy                279 ms  /ridemore/przejazd/9858      3/3 kafli
[2026-09-05 10:35:18] cykl mapy                  281 ms  /ridemore/przejazd/9858      2 zadań
[2026-09-05 10:35:55] podkład mapy              281 ms  /ridemore/przejazd/9858      15/30 kafli
[2026-09-05 10:35:55] znane trasy                282 ms  /ridemore/przejazd/9858      15/15 kafli
[2026-09-05 10:35:55] cykl mapy                  289 ms  /ridemore/przejazd/9858      2 zadań
[2026-09-05 10:35:55] pola odkryć                45 ms  /ridemore/przejazd/9858      133 pól
[2026-09-05 10:35:55] rysowanie pól               3 ms  /ridemore/przejazd/9858      133 pól
[2026-09-05 10:35:55] skarby w kadrze             56 ms  /ridemore/przejazd/9858      5 pinezek
[2026-09-05 10:35:55] cykl mapy                   57 ms  /ridemore/przejazd/9858      3 zadań
[2026-09-05 10:37:27] ślad przejazdu             47 ms  /ridemore/przejazd/9858      16057 punktów
[2026-09-05 10:37:27] cykl mapy                   48 ms  /ridemore/przejazd/9858      1 zadań
[2026-09-05 10:37:27] podkład mapy               21 ms  /ridemore/przejazd/9858      3/3 kafli
[2026-09-05 10:37:27] znane trasy                 25 ms  /ridemore/przejazd/9858      3/3 kafli
[2026-09-05 10:37:27] cykl mapy                   26 ms  /ridemore/przejazd/9858      2 zadań
[2026-09-05 10:37:31] podkład mapy               55 ms  /ridemore/przejazd/9858      15/30 kafli
[2026-09-05 10:37:31] znane trasy                 59 ms  /ridemore/przejazd/9858      15/15 kafli
[2026-09-05 10:37:31] cykl mapy                   67 ms  /ridemore/przejazd/9858      2 zadań
[2026-09-05 10:37:31] skarby w kadrze             21 ms  /ridemore/przejazd/9858      5 pinezek
[2026-09-05 10:37:31] pola odkryć                38 ms  /ridemore/przejazd/9858      133 pól
[2026-09-05 10:37:31] rysowanie pól               2 ms  /ridemore/przejazd/9858      133 pól
[2026-09-05 10:37:31] cykl mapy                   41 ms  /ridemore/przejazd/9858      3 zadań
[2026-09-05 10:38:29] ślad przejazdu             48 ms  /ridemore/przejazd/9858      16057 punktów
[2026-09-05 10:38:29] cykl mapy                   48 ms  /ridemore/przejazd/9858      1 zadań
[2026-09-05 10:38:29] podkład mapy               21 ms  /ridemore/przejazd/9858      3/3 kafli
[2026-09-05 10:38:29] znane trasy                 21 ms  /ridemore/przejazd/9858      3/3 kafli
[2026-09-05 10:38:29] cykl mapy                   22 ms  /ridemore/przejazd/9858      2 zadań
[2026-09-05 11:07:30] ślad przejazdu             44 ms  /ridemore/przejazd/10018     16057 punktów
[2026-09-05 11:07:30] cykl mapy                   44 ms  /ridemore/przejazd/10018     1 zadań
[2026-09-05 11:07:30] znane trasy                557 ms  /ridemore/przejazd/10018     3/3 kafli
[2026-09-05 11:07:30] podkład mapy              564 ms  /ridemore/przejazd/10018     3/3 kafli
[2026-09-05 11:07:30] cykl mapy                  564 ms  /ridemore/przejazd/10018     2 zadań
[2026-09-05 12:41:13] podkład mapy              341 ms  /ridemore/odkrycia           24/24 kafli
[2026-09-05 12:41:13] skarby w kadrze            367 ms  /ridemore/odkrycia           32 pinezek
[2026-09-05 12:41:13] trasy ukończone         1 005 ms  /ridemore/odkrycia           24/24 kafli
[2026-09-05 12:41:13] wolne żądanie          1 504 ms  /ridemore/odkrycia           /ridemore/assets/tiles/slady/kn-historical/8/140/87.png?v=3
[2026-09-05 12:41:13] wolne żądanie          1 529 ms  /ridemore/odkrycia           /ridemore/assets/tiles/slady/kn-historical/8/145/87.png?v=3
[2026-09-05 12:41:13] wolne żądanie          1 550 ms  /ridemore/odkrycia           /ridemore/assets/tiles/slady/kn-historical/8/140/85.png?v=3
[2026-09-05 12:41:13] wolne żądanie          1 586 ms  /ridemore/odkrycia           /ridemore/assets/tiles/slady/kn-historical/8/145/85.png?v=3
[2026-09-05 12:41:13] wolne żądanie          1 608 ms  /ridemore/odkrycia           /ridemore/assets/tiles/slady/kn-historical/8/140/88.png?v=3
[2026-09-05 12:41:13] wolne żądanie          1 642 ms  /ridemore/odkrycia           /ridemore/assets/tiles/slady/kn-historical/8/145/88.png?v=3
[2026-09-05 12:41:13] trasy nieukończone      1 658 ms  /ridemore/odkrycia           24/24 kafli
[2026-09-05 12:41:13] wolne żądanie          1 666 ms  /ridemore/odkrycia           /ridemore/assets/tiles/slady/me/8/142/86.png?v=1
[2026-09-05 12:41:13] wolne żądanie          1 685 ms  /ridemore/odkrycia           /ridemore/assets/tiles/slady/me/8/143/86.png?v=1
[2026-09-05 12:41:13] wolne żądanie          1 711 ms  /ridemore/odkrycia           /ridemore/assets/tiles/slady/me/8/142/87.png?v=1
[2026-09-05 12:41:13] wolne żądanie          1 740 ms  /ridemore/odkrycia           /ridemore/assets/tiles/slady/me/8/143/87.png?v=1
[2026-09-05 12:41:13] wolne żądanie          1 771 ms  /ridemore/odkrycia           /ridemore/assets/tiles/slady/me/8/142/85.png?v=1
[2026-09-05 12:41:13] wolne żądanie          1 798 ms  /ridemore/odkrycia           /ridemore/assets/tiles/slady/me/8/143/85.png?v=1
[2026-09-05 12:41:13] wolne żądanie          1 811 ms  /ridemore/odkrycia           /ridemore/assets/tiles/slady/me/8/141/86.png?v=1
[2026-09-05 12:41:13] wolne żądanie          1 839 ms  /ridemore/odkrycia           /ridemore/assets/tiles/slady/me/8/144/86.png?v=1
[2026-09-05 12:41:13] wolne żądanie          1 866 ms  /ridemore/odkrycia           /ridemore/assets/tiles/slady/me/8/141/87.png?v=1
[2026-09-05 12:41:13] wolne żądanie          1 877 ms  /ridemore/odkrycia           /ridemore/assets/tiles/slady/me/8/144/87.png?v=1
[2026-09-05 12:41:13] wolne żądanie          1 909 ms  /ridemore/odkrycia           /ridemore/assets/tiles/slady/me/8/142/88.png?v=1
[2026-09-05 12:41:13] wolne żądanie          1 936 ms  /ridemore/odkrycia           /ridemore/assets/tiles/slady/me/8/143/88.png?v=1
[2026-09-05 12:41:13] wolne żądanie          1 960 ms  /ridemore/odkrycia           /ridemore/assets/tiles/slady/me/8/141/85.png?v=1
[2026-09-05 12:41:13] wolne żądanie          1 973 ms  /ridemore/odkrycia           /ridemore/assets/tiles/slady/me/8/144/85.png?v=1
[2026-09-05 12:41:13] wolne żądanie          1 986 ms  /ridemore/odkrycia           /ridemore/assets/tiles/slady/me/8/141/88.png?v=1
[2026-09-05 12:41:13] wolne żądanie          1 998 ms  /ridemore/odkrycia           /ridemore/assets/tiles/slady/me/8/144/88.png?v=1
[2026-09-05 12:41:13] wolne żądanie          2 027 ms  /ridemore/odkrycia           /ridemore/assets/tiles/slady/me/8/140/86.png?v=1
[2026-09-05 12:41:13] wolne żądanie          2 043 ms  /ridemore/odkrycia           /ridemore/assets/tiles/slady/me/8/145/86.png?v=1
[2026-09-05 12:41:13] wolne żądanie          2 056 ms  /ridemore/odkrycia           /ridemore/assets/tiles/slady/me/8/140/87.png?v=1
[2026-09-05 12:41:13] wolne żądanie          2 077 ms  /ridemore/odkrycia           /ridemore/assets/tiles/slady/me/8/145/87.png?v=1
[2026-09-05 12:41:13] wolne żądanie          2 105 ms  /ridemore/odkrycia           /ridemore/assets/tiles/slady/me/8/140/85.png?v=1
[2026-09-05 12:41:13] wolne żądanie          2 118 ms  /ridemore/odkrycia           /ridemore/assets/tiles/slady/me/8/145/85.png?v=1
[2026-09-05 12:41:13] wolne żądanie          2 129 ms  /ridemore/odkrycia           /ridemore/assets/tiles/slady/me/8/140/88.png?v=1
[2026-09-05 12:41:13] wolne żądanie          2 160 ms  /ridemore/odkrycia           /ridemore/assets/tiles/slady/me/8/145/88.png?v=1
[2026-09-05 12:41:13] ślady przejazdów       2 175 ms  /ridemore/odkrycia           24/24 kafli
[2026-09-05 12:41:13] pola odkryć             2 185 ms  /ridemore/odkrycia           81 pól
[2026-09-05 12:41:13] rysowanie pól               3 ms  /ridemore/odkrycia           81 pól
[2026-09-05 12:41:13] cykl mapy                2 219 ms  /ridemore/odkrycia           8 zadań
[2026-09-05 12:41:13] wolne żądanie          2 184 ms  /ridemore/odkrycia           /ridemore/api/discovery/cells?scope=me&zoom=8&north=51.13455469147683&south=48.66557095325139&east=25.010375976562504&west=17.902221679687504
[2026-09-05 12:58:32] pola odkryć                17 ms  /ridemore/odkrycia/podglad-gra 0 pól
[2026-09-05 12:58:32] rysowanie pól               1 ms  /ridemore/odkrycia/podglad-gra 0 pól
[2026-09-05 12:58:32] skarby w kadrze             22 ms  /ridemore/odkrycia/podglad-gra 7 pinezek
[2026-09-05 12:58:32] skarby w kadrze             21 ms  /ridemore/odkrycia/podglad-gra 7 pinezek
[2026-09-05 12:58:32] pola odkryć                36 ms  /ridemore/odkrycia/podglad-gra 0 pól
[2026-09-05 12:58:32] rysowanie pól               1 ms  /ridemore/odkrycia/podglad-gra 0 pól
[2026-09-05 12:58:32] wolne żądanie          1 512 ms  /ridemore/odkrycia/podglad-gra /ridemore/assets/tiles/slady/kd-me/8/141/85.png?v=1
[2026-09-05 12:58:32] wolne żądanie          1 525 ms  /ridemore/odkrycia/podglad-gra /ridemore/assets/tiles/slady/kd-me/8/142/85.png?v=1
[2026-09-05 12:58:32] wolne żądanie          1 539 ms  /ridemore/odkrycia/podglad-gra /ridemore/assets/tiles/slady/kd-me/8/140/84.png?v=1
[2026-09-05 12:58:32] podkład mapy            1 563 ms  /ridemore/odkrycia/podglad-gra 18/18 kafli
[2026-09-05 12:58:32] wolne żądanie          1 550 ms  /ridemore/odkrycia/podglad-gra /ridemore/assets/tiles/slady/kd-me/8/143/84.png?v=1
[2026-09-05 12:58:32] wolne żądanie          1 568 ms  /ridemore/odkrycia/podglad-gra /ridemore/assets/tiles/slady/kd-me/8/140/83.png?v=1
[2026-09-05 12:58:32] wolne żądanie          1 584 ms  /ridemore/odkrycia/podglad-gra /ridemore/assets/tiles/slady/kd-me/8/143/83.png?v=1
[2026-09-05 12:58:32] wolne żądanie          1 600 ms  /ridemore/odkrycia/podglad-gra /ridemore/assets/tiles/slady/kd-me/8/140/85.png?v=1
[2026-09-05 12:58:32] wolne żądanie          1 631 ms  /ridemore/odkrycia/podglad-gra /ridemore/assets/tiles/slady/kd-me/8/143/85.png?v=1
[2026-09-05 12:58:32] wolne żądanie          1 670 ms  /ridemore/odkrycia/podglad-gra /ridemore/assets/tiles/slady/kd-me/8/139/84.png?v=1
[2026-09-05 12:58:32] wolne żądanie          1 702 ms  /ridemore/odkrycia/podglad-gra /ridemore/assets/tiles/slady/kd-me/8/144/84.png?v=1
[2026-09-05 12:58:32] wolne żądanie          1 730 ms  /ridemore/odkrycia/podglad-gra /ridemore/assets/tiles/slady/kd-me/8/139/83.png?v=1
[2026-09-05 12:58:32] wolne żądanie          1 760 ms  /ridemore/odkrycia/podglad-gra /ridemore/assets/tiles/slady/kd-me/8/144/83.png?v=1
[2026-09-05 12:58:32] wolne żądanie          1 795 ms  /ridemore/odkrycia/podglad-gra /ridemore/assets/tiles/slady/kd-me/8/139/85.png?v=1
[2026-09-05 12:58:32] wolne żądanie          1 811 ms  /ridemore/odkrycia/podglad-gra /ridemore/assets/tiles/slady/kd-me/8/144/85.png?v=1
[2026-09-05 12:58:32] trasy ukończone         1 828 ms  /ridemore/odkrycia/podglad-gra 18/18 kafli
[2026-09-05 12:58:32] wolne żądanie          1 852 ms  /ridemore/odkrycia/podglad-gra /ridemore/assets/tiles/slady/kn-me/8/141/84.png?v=1
[2026-09-05 12:58:32] wolne żądanie          1 877 ms  /ridemore/odkrycia/podglad-gra /ridemore/assets/tiles/slady/kn-me/8/142/84.png?v=1
[2026-09-05 12:58:32] wolne żądanie          1 890 ms  /ridemore/odkrycia/podglad-gra /ridemore/assets/tiles/slady/kn-me/8/141/83.png?v=1
[2026-09-05 12:58:32] wolne żądanie          1 903 ms  /ridemore/odkrycia/podglad-gra /ridemore/assets/tiles/slady/kn-me/8/142/83.png?v=1
[2026-09-05 12:58:32] wolne żądanie          1 914 ms  /ridemore/odkrycia/podglad-gra /ridemore/assets/tiles/slady/kn-me/8/141/85.png?v=1
[2026-09-05 12:58:32] wolne żądanie          1 947 ms  /ridemore/odkrycia/podglad-gra /ridemore/assets/tiles/slady/kn-me/8/142/85.png?v=1
[2026-09-05 12:58:32] wolne żądanie          1 963 ms  /ridemore/odkrycia/podglad-gra /ridemore/assets/tiles/slady/kn-me/8/140/84.png?v=1
[2026-09-05 12:58:32] wolne żądanie          1 985 ms  /ridemore/odkrycia/podglad-gra /ridemore/assets/tiles/slady/kn-me/8/143/84.png?v=1
[2026-09-05 12:58:32] wolne żądanie          1 997 ms  /ridemore/odkrycia/podglad-gra /ridemore/assets/tiles/slady/kn-me/8/140/83.png?v=1
[2026-09-05 12:58:32] wolne żądanie          2 042 ms  /ridemore/odkrycia/podglad-gra /ridemore/assets/tiles/slady/kn-me/8/143/83.png?v=1
[2026-09-05 12:58:32] wolne żądanie          2 076 ms  /ridemore/odkrycia/podglad-gra /ridemore/assets/tiles/slady/kn-me/8/140/85.png?v=1
[2026-09-05 12:58:32] wolne żądanie          2 100 ms  /ridemore/odkrycia/podglad-gra /ridemore/assets/tiles/slady/kn-me/8/143/85.png?v=1
[2026-09-05 12:58:32] wolne żądanie          2 130 ms  /ridemore/odkrycia/podglad-gra /ridemore/assets/tiles/slady/kn-me/8/139/84.png?v=1
[2026-09-05 12:58:32] wolne żądanie          2 174 ms  /ridemore/odkrycia/podglad-gra /ridemore/assets/tiles/slady/kn-me/8/144/84.png?v=1
[2026-09-05 12:58:32] wolne żądanie          2 189 ms  /ridemore/odkrycia/podglad-gra /ridemore/assets/tiles/slady/kn-me/8/139/83.png?v=1
[2026-09-05 12:58:32] wolne żądanie          2 214 ms  /ridemore/odkrycia/podglad-gra /ridemore/assets/tiles/slady/kn-me/8/144/83.png?v=1
[2026-09-05 12:58:32] wolne żądanie          2 231 ms  /ridemore/odkrycia/podglad-gra /ridemore/assets/tiles/slady/kn-me/8/139/85.png?v=1
[2026-09-05 12:58:32] wolne żądanie          2 250 ms  /ridemore/odkrycia/podglad-gra /ridemore/assets/tiles/slady/kn-me/8/144/85.png?v=1
[2026-09-05 12:58:32] trasy nieukończone      2 264 ms  /ridemore/odkrycia/podglad-gra 18/18 kafli
[2026-09-05 12:58:32] wolne żądanie          2 260 ms  /ridemore/odkrycia/podglad-gra /ridemore/assets/tiles/slady/me/8/141/84.png?v=1
[2026-09-05 12:58:32] wolne żądanie          2 271 ms  /ridemore/odkrycia/podglad-gra /ridemore/assets/tiles/slady/me/8/142/84.png?v=1
[2026-09-05 12:58:32] wolne żądanie          2 282 ms  /ridemore/odkrycia/podglad-gra /ridemore/assets/tiles/slady/me/8/141/83.png?v=1
[2026-09-05 12:58:32] wolne żądanie          2 294 ms  /ridemore/odkrycia/podglad-gra /ridemore/assets/tiles/slady/me/8/142/83.png?v=1
[2026-09-05 12:58:32] wolne żądanie          2 305 ms  /ridemore/odkrycia/podglad-gra /ridemore/assets/tiles/slady/me/8/141/85.png?v=1
[2026-09-05 12:58:32] wolne żądanie          2 317 ms  /ridemore/odkrycia/podglad-gra /ridemore/assets/tiles/slady/me/8/142/85.png?v=1
[2026-09-05 12:58:32] wolne żądanie          2 331 ms  /ridemore/odkrycia/podglad-gra /ridemore/assets/tiles/slady/me/8/140/84.png?v=1
[2026-09-05 12:58:32] wolne żądanie          2 341 ms  /ridemore/odkrycia/podglad-gra /ridemore/assets/tiles/slady/me/8/143/84.png?v=1
[2026-09-05 12:58:32] wolne żądanie          2 382 ms  /ridemore/odkrycia/podglad-gra /ridemore/assets/tiles/slady/me/8/140/83.png?v=1
[2026-09-05 12:58:32] wolne żądanie          2 399 ms  /ridemore/odkrycia/podglad-gra /ridemore/assets/tiles/slady/me/8/143/83.png?v=1
[2026-09-05 12:58:32] wolne żądanie          2 414 ms  /ridemore/odkrycia/podglad-gra /ridemore/assets/tiles/slady/me/8/140/85.png?v=1
[2026-09-05 12:58:32] wolne żądanie          2 448 ms  /ridemore/odkrycia/podglad-gra /ridemore/assets/tiles/slady/me/8/143/85.png?v=1
[2026-09-05 12:58:32] wolne żądanie          2 475 ms  /ridemore/odkrycia/podglad-gra /ridemore/assets/tiles/slady/me/8/139/84.png?v=1
[2026-09-05 12:58:32] wolne żądanie          2 502 ms  /ridemore/odkrycia/podglad-gra /ridemore/assets/tiles/slady/me/8/144/84.png?v=1
[2026-09-05 12:58:32] wolne żądanie          2 527 ms  /ridemore/odkrycia/podglad-gra /ridemore/assets/tiles/slady/me/8/139/83.png?v=1
[2026-09-05 12:58:32] wolne żądanie          2 544 ms  /ridemore/odkrycia/podglad-gra /ridemore/assets/tiles/slady/me/8/144/83.png?v=1
[2026-09-05 12:58:32] wolne żądanie          2 577 ms  /ridemore/odkrycia/podglad-gra /ridemore/assets/tiles/slady/me/8/139/85.png?v=1
[2026-09-05 12:58:32] wolne żądanie          2 603 ms  /ridemore/odkrycia/podglad-gra /ridemore/assets/tiles/slady/me/8/144/85.png?v=1
[2026-09-05 12:58:32] ślady przejazdów       2 615 ms  /ridemore/odkrycia/podglad-gra 18/18 kafli
[2026-09-05 12:58:32] cykl mapy                2 630 ms  /ridemore/odkrycia/podglad-gra 10 zadań
[2026-09-05 12:58:55] podkład mapy              114 ms  /ridemore/odkrycia/podglad-gra 5/5 kafli
[2026-09-05 12:58:55] trasy ukończone           169 ms  /ridemore/odkrycia/podglad-gra 5/5 kafli
[2026-09-05 12:58:55] skarby w kadrze             28 ms  /ridemore/odkrycia/podglad-gra 22 pinezek
[2026-09-05 12:58:55] pola odkryć               177 ms  /ridemore/odkrycia/podglad-gra 0 pól
[2026-09-05 12:58:55] rysowanie pól               1 ms  /ridemore/odkrycia/podglad-gra 0 pól
[2026-09-05 12:58:55] pola odkryć               139 ms  /ridemore/odkrycia/podglad-gra 0 pól
[2026-09-05 12:58:55] rysowanie pól               1 ms  /ridemore/odkrycia/podglad-gra 0 pól
[2026-09-05 12:58:55] skarby w kadrze            146 ms  /ridemore/odkrycia/podglad-gra 22 pinezek
[2026-09-05 12:58:55] trasy ukończone           535 ms  /ridemore/odkrycia/podglad-gra 14/14 kafli
[2026-09-05 12:58:55] podkład mapy              542 ms  /ridemore/odkrycia/podglad-gra 14/14 kafli
[2026-09-05 12:58:55] trasy nieukończone      1 040 ms  /ridemore/odkrycia/podglad-gra 17/19 kafli
[2026-09-05 12:58:55] ślady przejazdów       1 279 ms  /ridemore/odkrycia/podglad-gra 16/19 kafli
[2026-09-05 12:58:55] cykl mapy                1 281 ms  /ridemore/odkrycia/podglad-gra 12 zadań
[2026-09-05 12:59:24] podkład mapy               13 ms  /ridemore/odkrycia           3/3 kafli
[2026-09-05 12:59:24] trasy ukończone           167 ms  /ridemore/odkrycia           3/3 kafli
[2026-09-05 12:59:24] trasy nieukończone        216 ms  /ridemore/odkrycia           3/3 kafli
[2026-09-05 12:59:24] ślady przejazdów         317 ms  /ridemore/odkrycia           3/3 kafli
[2026-09-05 12:59:24] cykl mapy                  321 ms  /ridemore/odkrycia           4 zadań
[2026-09-05 13:00:10] podkład mapy               23 ms  /ridemore/odkrycia           15/15 kafli
[2026-09-05 13:00:10] cykl mapy                   24 ms  /ridemore/odkrycia           1 zadań
[2026-09-05 13:00:10] pola odkryć               261 ms  /ridemore/odkrycia           0 pól
[2026-09-05 13:00:10] rysowanie pól               9 ms  /ridemore/odkrycia           0 pól
[2026-09-05 13:00:10] skarby w kadrze            271 ms  /ridemore/odkrycia           23 pinezek
[2026-09-05 13:00:10] pola odkryć                15 ms  /ridemore/odkrycia           0 pól
[2026-09-05 13:00:10] rysowanie pól               6 ms  /ridemore/odkrycia           0 pól
[2026-09-05 13:00:10] skarby w kadrze             34 ms  /ridemore/odkrycia           23 pinezek
[2026-09-05 13:00:10] podkład mapy            1 277 ms  /ridemore/odkrycia           20/23 kafli
[2026-09-05 13:00:10] trasy ukończone         1 609 ms  /ridemore/odkrycia           29/31 kafli
[2026-09-05 13:00:10] wolne żądanie          1 510 ms  /ridemore/odkrycia           /ridemore/assets/tiles/slady/kn-me/5/15/10.png?v=1
[2026-09-05 13:00:10] wolne żądanie          1 530 ms  /ridemore/odkrycia           /ridemore/assets/tiles/slady/kn-me/5/20/10.png?v=1
[2026-09-05 13:00:10] wolne żądanie          1 542 ms  /ridemore/odkrycia           /ridemore/assets/tiles/slady/kn-me/5/15/9.png?v=1
[2026-09-05 13:00:10] wolne żądanie          1 554 ms  /ridemore/odkrycia           /ridemore/assets/tiles/slady/kn-me/5/20/9.png?v=1
[2026-09-05 13:00:10] wolne żądanie          1 565 ms  /ridemore/odkrycia           /ridemore/assets/tiles/slady/kn-me/5/15/11.png?v=1
[2026-09-05 13:00:10] wolne żądanie          1 579 ms  /ridemore/odkrycia           /ridemore/assets/tiles/slady/kn-me/5/20/11.png?v=1
[2026-09-05 13:00:10] trasy nieukończone      1 854 ms  /ridemore/odkrycia           21/31 kafli
[2026-09-05 13:00:10] wolne żądanie          1 597 ms  /ridemore/odkrycia           /ridemore/assets/tiles/slady/me/5/17/10.png?v=1
[2026-09-05 13:00:10] wolne żądanie          1 615 ms  /ridemore/odkrycia           /ridemore/assets/tiles/slady/me/5/18/10.png?v=1
[2026-09-05 13:00:10] wolne żądanie          1 620 ms  /ridemore/odkrycia           /ridemore/assets/tiles/slady/me/5/17/9.png?v=1
[2026-09-05 13:00:10] wolne żądanie          1 667 ms  /ridemore/odkrycia           /ridemore/assets/tiles/slady/me/5/18/9.png?v=1
[2026-09-05 13:00:10] wolne żądanie          1 689 ms  /ridemore/odkrycia           /ridemore/assets/tiles/slady/me/5/17/11.png?v=1
[2026-09-05 13:00:10] wolne żądanie          1 727 ms  /ridemore/odkrycia           /ridemore/assets/tiles/slady/me/5/18/11.png?v=1
[2026-09-05 13:00:10] wolne żądanie          1 752 ms  /ridemore/odkrycia           /ridemore/assets/tiles/slady/me/5/16/10.png?v=1
[2026-09-05 13:00:10] wolne żądanie          1 795 ms  /ridemore/odkrycia           /ridemore/assets/tiles/slady/me/5/19/10.png?v=1
[2026-09-05 13:00:10] wolne żądanie          1 827 ms  /ridemore/odkrycia           /ridemore/assets/tiles/slady/me/5/16/9.png?v=1
[2026-09-05 13:00:10] wolne żądanie          1 839 ms  /ridemore/odkrycia           /ridemore/assets/tiles/slady/me/5/19/9.png?v=1
[2026-09-05 13:00:10] wolne żądanie          1 858 ms  /ridemore/odkrycia           /ridemore/assets/tiles/slady/me/5/16/11.png?v=1
[2026-09-05 13:00:10] wolne żądanie          1 881 ms  /ridemore/odkrycia           /ridemore/assets/tiles/slady/me/5/19/11.png?v=1
[2026-09-05 13:00:10] wolne żądanie          1 910 ms  /ridemore/odkrycia           /ridemore/assets/tiles/slady/me/5/15/10.png?v=1
[2026-09-05 13:00:10] wolne żądanie          1 925 ms  /ridemore/odkrycia           /ridemore/assets/tiles/slady/me/5/20/10.png?v=1
[2026-09-05 13:00:10] wolne żądanie          1 936 ms  /ridemore/odkrycia           /ridemore/assets/tiles/slady/me/5/15/9.png?v=1
[2026-09-05 13:00:10] wolne żądanie          1 955 ms  /ridemore/odkrycia           /ridemore/assets/tiles/slady/me/5/20/9.png?v=1
[2026-09-05 13:00:10] wolne żądanie          1 970 ms  /ridemore/odkrycia           /ridemore/assets/tiles/slady/me/5/15/11.png?v=1
[2026-09-05 13:00:10] wolne żądanie          1 989 ms  /ridemore/odkrycia           /ridemore/assets/tiles/slady/me/5/20/11.png?v=1
[2026-09-05 13:00:10] ślady przejazdów       2 263 ms  /ridemore/odkrycia           18/31 kafli
[2026-09-05 13:00:10] cykl mapy                2 268 ms  /ridemore/odkrycia           10 zadań
[2026-09-05 13:00:51] skarby w kadrze             26 ms  /ridemore/odkrycia/podglad-gra 23 pinezek
[2026-09-05 13:00:51] podkład mapy              433 ms  /ridemore/odkrycia/podglad-gra 21/21 kafli
[2026-09-05 13:00:51] trasy ukończone           896 ms  /ridemore/odkrycia/podglad-gra 21/21 kafli
[2026-09-05 13:00:51] pola odkryć                48 ms  /ridemore/odkrycia/podglad-gra 0 pól
[2026-09-05 13:00:51] rysowanie pól               1 ms  /ridemore/odkrycia/podglad-gra 0 pól
[2026-09-05 13:00:51] skarby w kadrze             55 ms  /ridemore/odkrycia/podglad-gra 23 pinezek
[2026-09-05 13:00:51] trasy nieukończone      1 326 ms  /ridemore/odkrycia/podglad-gra 21/21 kafli
[2026-09-05 13:00:51] wolne żądanie          1 509 ms  /ridemore/odkrycia/podglad-gra /ridemore/assets/tiles/slady/me/6/36/22.png?v=1
[2026-09-05 13:00:51] wolne żądanie          1 520 ms  /ridemore/odkrycia/podglad-gra /ridemore/assets/tiles/slady/me/6/32/20.png?v=1
[2026-09-05 13:00:51] wolne żądanie          1 532 ms  /ridemore/odkrycia/podglad-gra /ridemore/assets/tiles/slady/me/6/37/20.png?v=1
[2026-09-05 13:00:51] wolne żądanie          1 684 ms  /ridemore/odkrycia/podglad-gra /ridemore/assets/tiles/slady/me/6/32/21.png?v=1
[2026-09-05 13:00:51] wolne żądanie          1 703 ms  /ridemore/odkrycia/podglad-gra /ridemore/assets/tiles/slady/me/6/37/21.png?v=1
[2026-09-05 13:00:51] wolne żądanie          1 715 ms  /ridemore/odkrycia/podglad-gra /ridemore/assets/tiles/slady/me/6/32/19.png?v=1
[2026-09-05 13:00:51] wolne żądanie          1 727 ms  /ridemore/odkrycia/podglad-gra /ridemore/assets/tiles/slady/me/6/37/19.png?v=1
[2026-09-05 13:00:51] wolne żądanie          1 739 ms  /ridemore/odkrycia/podglad-gra /ridemore/assets/tiles/slady/me/6/32/22.png?v=1
[2026-09-05 13:00:51] wolne żądanie          1 755 ms  /ridemore/odkrycia/podglad-gra /ridemore/assets/tiles/slady/me/6/37/22.png?v=1
[2026-09-05 13:00:51] ślady przejazdów       1 768 ms  /ridemore/odkrycia/podglad-gra 21/21 kafli
[2026-09-05 13:00:51] cykl mapy                1 778 ms  /ridemore/odkrycia/podglad-gra 8 zadań
[2026-09-05 13:00:51] podkład mapy               34 ms  /ridemore/odkrycia/podglad-gra 18/18 kafli
[2026-09-05 13:00:51] pola odkryć                30 ms  /ridemore/odkrycia/podglad-gra 0 pól
[2026-09-05 13:00:51] rysowanie pól               0 ms  /ridemore/odkrycia/podglad-gra 0 pól
[2026-09-05 13:00:51] skarby w kadrze             33 ms  /ridemore/odkrycia/podglad-gra 13 pinezek
[2026-09-05 13:00:51] pola odkryć               155 ms  /ridemore/odkrycia/podglad-gra 0 pól
[2026-09-05 13:00:51] rysowanie pól               0 ms  /ridemore/odkrycia/podglad-gra 0 pól
[2026-09-05 13:00:51] skarby w kadrze            187 ms  /ridemore/odkrycia/podglad-gra 13 pinezek
[2026-09-05 13:00:51] trasy ukończone           515 ms  /ridemore/odkrycia/podglad-gra 18/18 kafli
[2026-09-05 13:00:51] trasy nieukończone        869 ms  /ridemore/odkrycia/podglad-gra 18/18 kafli
[2026-09-05 13:00:55] ślady przejazdów       1 281 ms  /ridemore/odkrycia/podglad-gra 18/18 kafli
[2026-09-05 13:00:55] cykl mapy                1 287 ms  /ridemore/odkrycia/podglad-gra 10 zadań
[2026-09-05 13:02:11] skarby w kadrze             24 ms  /ridemore/odkrycia/podglad-gra?mapa=spolecznosc 32 pinezek
[2026-09-05 13:02:11] pola odkryć                61 ms  /ridemore/odkrycia/podglad-gra?mapa=spolecznosc 81 pól
[2026-09-05 13:02:11] rysowanie pól               4 ms  /ridemore/odkrycia/podglad-gra?mapa=spolecznosc 81 pól
[2026-09-05 13:02:11] podkład mapy              732 ms  /ridemore/odkrycia/podglad-gra?mapa=spolecznosc 24/24 kafli
[2026-09-05 13:02:11] znane trasy                780 ms  /ridemore/odkrycia/podglad-gra?mapa=spolecznosc 24/24 kafli
[2026-09-05 13:02:11] ślady przejazdów         848 ms  /ridemore/odkrycia/podglad-gra?mapa=spolecznosc 24/24 kafli
[2026-09-05 13:02:11] cykl mapy                  854 ms  /ridemore/odkrycia/podglad-gra?mapa=spolecznosc 7 zadań
[2026-09-05 13:02:33] skarby w kadrze             42 ms  /ridemore/odkrycia/podglad-gra?mapa=spolecznosc 32 pinezek
[2026-09-05 13:02:33] pola odkryć                50 ms  /ridemore/odkrycia/podglad-gra?mapa=spolecznosc 81 pól
[2026-09-05 13:02:33] rysowanie pól               1 ms  /ridemore/odkrycia/podglad-gra?mapa=spolecznosc 81 pól
[2026-09-05 13:02:33] cykl mapy                   51 ms  /ridemore/odkrycia/podglad-gra?mapa=spolecznosc 3 zadań
[2026-09-05 13:02:58] skarby w kadrze             45 ms  /ridemore/odkrycia/podglad-gra?mapa=spolecznosc 22 pinezek
[2026-09-05 13:02:58] pola odkryć                61 ms  /ridemore/odkrycia/podglad-gra?mapa=spolecznosc 15 pól
[2026-09-05 13:02:58] rysowanie pól               5 ms  /ridemore/odkrycia/podglad-gra?mapa=spolecznosc 15 pól
[2026-09-05 13:02:58] podkład mapy              294 ms  /ridemore/odkrycia/podglad-gra?mapa=spolecznosc 6/6 kafli
[2026-09-05 13:02:58] znane trasy                462 ms  /ridemore/odkrycia/podglad-gra?mapa=spolecznosc 6/6 kafli
[2026-09-05 13:02:58] ślady przejazdów         566 ms  /ridemore/odkrycia/podglad-gra?mapa=spolecznosc 6/6 kafli
[2026-09-05 13:02:58] cykl mapy                  568 ms  /ridemore/odkrycia/podglad-gra?mapa=spolecznosc 7 zadań
[2026-09-05 13:03:25] pola odkryć                23 ms  /ridemore/odkrycia/podglad-gra?mapa=spolecznosc 15 pól
[2026-09-05 13:03:25] rysowanie pól               2 ms  /ridemore/odkrycia/podglad-gra?mapa=spolecznosc 15 pól
[2026-09-05 13:03:25] skarby w kadrze             25 ms  /ridemore/odkrycia/podglad-gra?mapa=spolecznosc 22 pinezek
[2026-09-05 13:03:25] cykl mapy                   25 ms  /ridemore/odkrycia/podglad-gra?mapa=spolecznosc 3 zadań
[2026-09-05 13:57:33] podkład mapy              401 ms  /ridemore/odkrycia/podglad-gra 24/24 kafli
[2026-09-05 13:57:33] trasy ukończone           454 ms  /ridemore/odkrycia/podglad-gra 24/24 kafli
[2026-09-05 13:57:33] skarby w kadrze            600 ms  /ridemore/odkrycia/podglad-gra 32 pinezek
[2026-09-05 13:57:33] trasy nieukończone        706 ms  /ridemore/odkrycia/podglad-gra 24/24 kafli
[2026-09-05 13:57:33] ślady przejazdów       1 204 ms  /ridemore/odkrycia/podglad-gra 24/24 kafli
[2026-09-05 13:57:33] pola odkryć             1 128 ms  /ridemore/odkrycia/podglad-gra 81 pól
[2026-09-05 13:57:33] rysowanie pól               3 ms  /ridemore/odkrycia/podglad-gra 81 pól
[2026-09-05 13:57:33] cykl mapy                1 239 ms  /ridemore/odkrycia/podglad-gra 8 zadań
[2026-09-05 13:57:47] skarby w kadrze             68 ms  /ridemore/odkrycia/podglad-gra 9 pinezek
[2026-09-05 13:57:47] pola odkryć                80 ms  /ridemore/odkrycia/podglad-gra 57 pól
[2026-09-05 13:57:47] rysowanie pól               2 ms  /ridemore/odkrycia/podglad-gra 57 pól
[2026-09-05 13:57:47] podkład mapy              331 ms  /ridemore/odkrycia/podglad-gra 28/28 kafli
[2026-09-05 13:57:47] podkład mapy               94 ms  /ridemore/odkrycia/podglad-gra 6/6 kafli
[2026-09-05 13:57:47] skarby w kadrze            730 ms  /ridemore/odkrycia/podglad-gra 11 pinezek
[2026-09-05 13:57:47] podkład mapy              223 ms  /ridemore/odkrycia/podglad-gra 18/18 kafli
[2026-09-05 13:57:47] pola odkryć               764 ms  /ridemore/odkrycia/podglad-gra 47 pól
[2026-09-05 13:57:47] rysowanie pól              16 ms  /ridemore/odkrycia/podglad-gra 47 pól
[2026-09-05 13:57:47] trasy ukończone         2 060 ms  /ridemore/odkrycia/podglad-gra 46/52 kafli
[2026-09-05 13:57:47] skarby w kadrze            942 ms  /ridemore/odkrycia/podglad-gra 7 pinezek
[2026-09-05 13:57:47] pola odkryć               711 ms  /ridemore/odkrycia/podglad-gra 47 pól
[2026-09-05 13:57:47] rysowanie pól               2 ms  /ridemore/odkrycia/podglad-gra 47 pól
[2026-09-05 13:57:47] ślady przejazdów       2 565 ms  /ridemore/odkrycia/podglad-gra 2/54 kafli
[2026-09-05 13:57:47] skarby w kadrze             33 ms  /ridemore/odkrycia/podglad-gra 5 pinezek
[2026-09-05 13:57:47] pola odkryć                36 ms  /ridemore/odkrycia/podglad-gra 133 pól
[2026-09-05 13:57:47] rysowanie pól               9 ms  /ridemore/odkrycia/podglad-gra 133 pól
[2026-09-05 13:57:47] podkład mapy              166 ms  /ridemore/odkrycia/podglad-gra 18/18 kafli
[2026-09-05 13:57:47] trasy ukończone           656 ms  /ridemore/odkrycia/podglad-gra 18/18 kafli
[2026-09-05 13:57:47] podkład mapy              127 ms  /ridemore/odkrycia/podglad-gra 6/6 kafli
[2026-09-05 13:57:47] pola odkryć               688 ms  /ridemore/odkrycia/podglad-gra 133 pól
[2026-09-05 13:57:47] rysowanie pól               1 ms  /ridemore/odkrycia/podglad-gra 133 pól
[2026-09-05 13:57:47] skarby w kadrze            707 ms  /ridemore/odkrycia/podglad-gra 5 pinezek
[2026-09-05 13:57:47] podkład mapy              167 ms  /ridemore/odkrycia/podglad-gra 18/18 kafli
[2026-09-05 13:57:47] skarby w kadrze            336 ms  /ridemore/odkrycia/podglad-gra 6 pinezek
[2026-09-05 13:57:51] podkład mapy              123 ms  /ridemore/odkrycia/podglad-gra 9/9 kafli
[2026-09-05 13:57:51] podkład mapy              140 ms  /ridemore/odkrycia/podglad-gra 24/24 kafli
[2026-09-05 13:57:51] skarby w kadrze            146 ms  /ridemore/odkrycia/podglad-gra 10 pinezek
[2026-09-05 13:57:51] pola odkryć               166 ms  /ridemore/odkrycia/podglad-gra 47 pól
[2026-09-05 13:57:51] rysowanie pól               1 ms  /ridemore/odkrycia/podglad-gra 47 pól
[2026-09-05 13:57:51] trasy ukończone         1 355 ms  /ridemore/odkrycia/podglad-gra 35/62 kafli
[2026-09-05 13:57:51] trasy nieukończone      4 960 ms  /ridemore/odkrycia/podglad-gra 59/132 kafli
[2026-09-05 13:57:51] pola odkryć               771 ms  /ridemore/odkrycia/podglad-gra 47 pól
[2026-09-05 13:57:51] rysowanie pól               1 ms  /ridemore/odkrycia/podglad-gra 47 pól
[2026-09-05 13:57:51] skarby w kadrze            786 ms  /ridemore/odkrycia/podglad-gra 10 pinezek
[2026-09-05 13:57:51] ślady przejazdów       2 806 ms  /ridemore/odkrycia/podglad-gra 30/80 kafli
[2026-09-05 13:57:51] cykl mapy                5 443 ms  /ridemore/odkrycia/podglad-gra 41 zadań
[2026-09-05 13:57:51] podkład mapy              139 ms  /ridemore/odkrycia/podglad-gra 8/8 kafli
[2026-09-05 13:57:51] podkład mapy              204 ms  /ridemore/odkrycia/podglad-gra 28/28 kafli
[2026-09-05 13:57:51] skarby w kadrze            195 ms  /ridemore/odkrycia/podglad-gra 19 pinezek
[2026-09-05 13:57:51] pola odkryć               219 ms  /ridemore/odkrycia/podglad-gra 60 pól
[2026-09-05 13:57:51] rysowanie pól               2 ms  /ridemore/odkrycia/podglad-gra 60 pól
[2026-09-05 13:57:51] trasy ukończone           751 ms  /ridemore/odkrycia/podglad-gra 33/36 kafli
[2026-09-05 13:57:51] trasy nieukończone        986 ms  /ridemore/odkrycia/podglad-gra 28/36 kafli
[2026-09-05 13:57:51] podkład mapy                9 ms  /ridemore/odkrycia/podglad-gra 6/6 kafli
[2026-09-05 13:57:51] trasy ukończone            23 ms  /ridemore/odkrycia/podglad-gra 6/6 kafli
[2026-09-05 13:57:51] trasy nieukończone         23 ms  /ridemore/odkrycia/podglad-gra 6/6 kafli
[2026-09-05 13:57:51] skarby w kadrze            106 ms  /ridemore/odkrycia/podglad-gra 32 pinezek
[2026-09-05 13:57:51] pola odkryć               114 ms  /ridemore/odkrycia/podglad-gra 81 pól
[2026-09-05 13:57:51] rysowanie pól               1 ms  /ridemore/odkrycia/podglad-gra 81 pól
[2026-09-05 13:57:51] ślady przejazdów       1 551 ms  /ridemore/odkrycia/podglad-gra 34/42 kafli
[2026-09-05 13:57:51] cykl mapy                1 558 ms  /ridemore/odkrycia/podglad-gra 16 zadań
[2026-09-05 13:58:07] skarby w kadrze             42 ms  /ridemore/odkrycia/podglad-gra 32 pinezek
[2026-09-05 13:58:07] pola odkryć                64 ms  /ridemore/odkrycia/podglad-gra 81 pól
[2026-09-05 13:58:07] rysowanie pól               1 ms  /ridemore/odkrycia/podglad-gra 81 pól
[2026-09-05 13:58:07] cykl mapy                   65 ms  /ridemore/odkrycia/podglad-gra 3 zadań
[2026-09-05 13:58:25] skarby w kadrze            421 ms  /ridemore/odkrycia/podglad-gra 42 pinezek
[2026-09-05 13:58:25] podkład mapy              922 ms  /ridemore/odkrycia/podglad-gra 24/24 kafli
[2026-09-05 13:58:25] trasy ukończone         1 320 ms  /ridemore/odkrycia/podglad-gra 24/24 kafli
[2026-09-05 13:58:25] wolne żądanie          1 533 ms  /ridemore/odkrycia/podglad-gra /ridemore/assets/tiles/slady/kn-historical/7/74/44.png?v=3
[2026-09-05 13:58:25] trasy nieukończone      1 800 ms  /ridemore/odkrycia/podglad-gra 24/24 kafli
[2026-09-05 13:58:25] wolne żądanie          1 542 ms  /ridemore/odkrycia/podglad-gra /ridemore/assets/tiles/slady/me/7/71/41.png?v=1
[2026-09-05 13:58:25] wolne żądanie          1 573 ms  /ridemore/odkrycia/podglad-gra /ridemore/assets/tiles/slady/me/7/72/41.png?v=1
[2026-09-05 13:58:25] wolne żądanie          1 587 ms  /ridemore/odkrycia/podglad-gra /ridemore/assets/tiles/slady/me/7/71/44.png?v=1
[2026-09-05 13:58:25] wolne żądanie          1 718 ms  /ridemore/odkrycia/podglad-gra /ridemore/assets/tiles/slady/me/7/72/44.png?v=1
[2026-09-05 13:58:25] wolne żądanie          1 732 ms  /ridemore/odkrycia/podglad-gra /ridemore/assets/tiles/slady/me/7/70/41.png?v=1
[2026-09-05 13:58:25] wolne żądanie          1 746 ms  /ridemore/odkrycia/podglad-gra /ridemore/assets/tiles/slady/me/7/73/41.png?v=1
[2026-09-05 13:58:25] wolne żądanie          1 774 ms  /ridemore/odkrycia/podglad-gra /ridemore/assets/tiles/slady/me/7/70/44.png?v=1
[2026-09-05 13:58:25] wolne żądanie          1 787 ms  /ridemore/odkrycia/podglad-gra /ridemore/assets/tiles/slady/me/7/73/44.png?v=1
[2026-09-05 13:58:25] wolne żądanie          1 801 ms  /ridemore/odkrycia/podglad-gra /ridemore/assets/tiles/slady/me/7/69/42.png?v=1
[2026-09-05 13:58:25] wolne żądanie          1 814 ms  /ridemore/odkrycia/podglad-gra /ridemore/assets/tiles/slady/me/7/74/42.png?v=1
[2026-09-05 13:58:25] wolne żądanie          1 837 ms  /ridemore/odkrycia/podglad-gra /ridemore/assets/tiles/slady/me/7/69/43.png?v=1
[2026-09-05 13:58:25] wolne żądanie          1 869 ms  /ridemore/odkrycia/podglad-gra /ridemore/assets/tiles/slady/me/7/74/43.png?v=1
[2026-09-05 13:58:25] wolne żądanie          1 882 ms  /ridemore/odkrycia/podglad-gra /ridemore/assets/tiles/slady/me/7/69/41.png?v=1
[2026-09-05 13:58:25] wolne żądanie          1 894 ms  /ridemore/odkrycia/podglad-gra /ridemore/assets/tiles/slady/me/7/74/41.png?v=1
[2026-09-05 13:58:25] wolne żądanie          1 905 ms  /ridemore/odkrycia/podglad-gra /ridemore/assets/tiles/slady/me/7/69/44.png?v=1
[2026-09-05 13:58:25] wolne żądanie          1 936 ms  /ridemore/odkrycia/podglad-gra /ridemore/assets/tiles/slady/me/7/74/44.png?v=1
[2026-09-05 13:58:25] ślady przejazdów       2 202 ms  /ridemore/odkrycia/podglad-gra 24/24 kafli
[2026-09-05 13:58:25] pola odkryć             1 708 ms  /ridemore/odkrycia/podglad-gra 15 pól
[2026-09-05 13:58:25] rysowanie pól               8 ms  /ridemore/odkrycia/podglad-gra 15 pól
[2026-09-05 13:58:25] cykl mapy                2 233 ms  /ridemore/odkrycia/podglad-gra 8 zadań
[2026-09-05 13:58:25] wolne żądanie          1 707 ms  /ridemore/odkrycia/podglad-gra /ridemore/api/discovery/cells?scope=me&zoom=7&north=52.569672996900756&south=47.657987988142274&east=29.24560546875&west=15.029296875000002
[2026-09-05 13:58:51] podkład mapy              287 ms  /ridemore/odkrycia?mapa=spolecznosc 24/24 kafli
[2026-09-05 13:58:51] znane trasy                334 ms  /ridemore/odkrycia?mapa=spolecznosc 24/24 kafli
[2026-09-05 13:58:51] skarby w kadrze            374 ms  /ridemore/odkrycia?mapa=spolecznosc 32 pinezek
[2026-09-05 13:58:51] pola odkryć               415 ms  /ridemore/odkrycia?mapa=spolecznosc 81 pól
[2026-09-05 13:58:51] rysowanie pól               2 ms  /ridemore/odkrycia?mapa=spolecznosc 81 pól
[2026-09-05 13:58:51] ślady przejazdów         463 ms  /ridemore/odkrycia?mapa=spolecznosc 24/24 kafli
[2026-09-05 13:58:51] cykl mapy                  468 ms  /ridemore/odkrycia?mapa=spolecznosc 7 zadań
[2026-09-05 13:58:59] podkład mapy              103 ms  /ridemore/odkrycia/podglad-gra 24/24 kafli
[2026-09-05 13:58:59] trasy ukończone           149 ms  /ridemore/odkrycia/podglad-gra 24/24 kafli
[2026-09-05 13:58:59] trasy nieukończone        162 ms  /ridemore/odkrycia/podglad-gra 24/24 kafli
[2026-09-05 13:58:59] skarby w kadrze            274 ms  /ridemore/odkrycia/podglad-gra 32 pinezek
[2026-09-05 13:58:59] ślady przejazdów         684 ms  /ridemore/odkrycia/podglad-gra 24/24 kafli
[2026-09-05 13:58:59] pola odkryć               700 ms  /ridemore/odkrycia/podglad-gra 81 pól
[2026-09-05 13:58:59] rysowanie pól               2 ms  /ridemore/odkrycia/podglad-gra 81 pól
[2026-09-05 13:58:59] cykl mapy                  738 ms  /ridemore/odkrycia/podglad-gra 8 zadań
[2026-09-05 13:59:49] skarby w kadrze             37 ms  /ridemore/odkrycia/podglad-gra 22 pinezek
[2026-09-05 13:59:49] pola odkryć               157 ms  /ridemore/odkrycia/podglad-gra 81 pól
[2026-09-05 13:59:49] rysowanie pól               2 ms  /ridemore/odkrycia/podglad-gra 81 pól
[2026-09-05 13:59:49] cykl mapy                  159 ms  /ridemore/odkrycia/podglad-gra 3 zadań
[2026-09-05 13:59:49] skarby w kadrze             45 ms  /ridemore/odkrycia/podglad-gra 22 pinezek
[2026-09-05 13:59:49] pola odkryć                63 ms  /ridemore/odkrycia/podglad-gra 81 pól
[2026-09-05 13:59:49] rysowanie pól               2 ms  /ridemore/odkrycia/podglad-gra 81 pól
[2026-09-05 13:59:49] cykl mapy                   65 ms  /ridemore/odkrycia/podglad-gra 3 zadań
[2026-09-05 14:02:03] skarby w kadrze             28 ms  /ridemore/odkrycia/podglad-gra 32 pinezek
[2026-09-05 14:02:03] pola odkryć                50 ms  /ridemore/odkrycia/podglad-gra 81 pól
[2026-09-05 14:02:03] rysowanie pól               2 ms  /ridemore/odkrycia/podglad-gra 81 pól
[2026-09-05 14:02:03] cykl mapy                   53 ms  /ridemore/odkrycia/podglad-gra 3 zadań
[2026-09-05 14:03:52] podkład mapy               40 ms  /ridemore/odkrycia/podglad-gra 8/8 kafli
[2026-09-05 14:03:52] trasy ukończone            57 ms  /ridemore/odkrycia/podglad-gra 8/8 kafli
[2026-09-05 14:03:52] trasy nieukończone         58 ms  /ridemore/odkrycia/podglad-gra 8/8 kafli
[2026-09-05 14:03:52] ślady przejazdów         215 ms  /ridemore/odkrycia/podglad-gra 8/8 kafli
[2026-09-05 14:03:52] cykl mapy                  219 ms  /ridemore/odkrycia/podglad-gra 4 zadań
[2026-09-05 14:03:52] skarby w kadrze             54 ms  /ridemore/odkrycia/podglad-gra 44 pinezek
[2026-09-05 14:03:52] trasy ukończone           100 ms  /ridemore/odkrycia/podglad-gra 16/16 kafli
[2026-09-05 14:03:52] pola odkryć               101 ms  /ridemore/odkrycia/podglad-gra 15 pól
[2026-09-05 14:03:52] rysowanie pól              19 ms  /ridemore/odkrycia/podglad-gra 15 pól
[2026-09-05 14:03:52] podkład mapy              295 ms  /ridemore/odkrycia/podglad-gra 16/16 kafli
[2026-09-05 14:03:52] trasy nieukończone        297 ms  /ridemore/odkrycia/podglad-gra 16/16 kafli
[2026-09-05 14:03:52] skarby w kadrze             95 ms  /ridemore/odkrycia/podglad-gra 44 pinezek
[2026-09-05 14:03:52] ślady przejazdów         374 ms  /ridemore/odkrycia/podglad-gra 16/16 kafli
[2026-09-05 14:03:52] pola odkryć               117 ms  /ridemore/odkrycia/podglad-gra 15 pól
[2026-09-05 14:03:52] rysowanie pól              14 ms  /ridemore/odkrycia/podglad-gra 15 pól
[2026-09-05 14:03:52] cykl mapy                  391 ms  /ridemore/odkrycia/podglad-gra 10 zadań
[2026-09-05 14:03:52] podkład mapy               92 ms  /ridemore/odkrycia/podglad-gra 3/3 kafli
[2026-09-05 14:03:52] cykl mapy                   92 ms  /ridemore/odkrycia/podglad-gra 1 zadań
[2026-09-05 14:03:52] pola odkryć                43 ms  /ridemore/odkrycia/podglad-gra 15 pól
[2026-09-05 14:03:52] rysowanie pól               8 ms  /ridemore/odkrycia/podglad-gra 15 pól
[2026-09-05 14:03:52] skarby w kadrze             52 ms  /ridemore/odkrycia/podglad-gra 37 pinezek
[2026-09-05 14:03:52] trasy ukończone           176 ms  /ridemore/odkrycia/podglad-gra 3/3 kafli
[2026-09-05 14:03:52] trasy nieukończone        267 ms  /ridemore/odkrycia/podglad-gra 3/3 kafli
[2026-09-05 14:03:52] ślady przejazdów         275 ms  /ridemore/odkrycia/podglad-gra 3/3 kafli
[2026-09-05 14:03:52] cykl mapy                  276 ms  /ridemore/odkrycia/podglad-gra 6 zadań
[2026-09-05 14:03:52] podkład mapy              106 ms  /ridemore/odkrycia/podglad-gra 6/6 kafli
[2026-09-05 14:03:52] cykl mapy                  106 ms  /ridemore/odkrycia/podglad-gra 1 zadań
[2026-09-05 14:03:52] skarby w kadrze             31 ms  /ridemore/odkrycia/podglad-gra 48 pinezek
[2026-09-05 14:03:52] pola odkryć                50 ms  /ridemore/odkrycia/podglad-gra 8 pól
[2026-09-05 14:03:52] rysowanie pól               8 ms  /ridemore/odkrycia/podglad-gra 8 pól
[2026-09-05 14:03:52] trasy ukończone           342 ms  /ridemore/odkrycia/podglad-gra 6/6 kafli
[2026-09-05 14:03:52] trasy nieukończone        420 ms  /ridemore/odkrycia/podglad-gra 6/6 kafli
[2026-09-05 14:03:52] ślady przejazdów         553 ms  /ridemore/odkrycia/podglad-gra 6/6 kafli
[2026-09-05 14:03:52] cykl mapy                  555 ms  /ridemore/odkrycia/podglad-gra 6 zadań
[2026-09-05 14:03:59] skarby w kadrze             75 ms  /ridemore/odkrycia/podglad-gra 47 pinezek
[2026-09-05 14:03:59] pola odkryć                94 ms  /ridemore/odkrycia/podglad-gra 9 pól
[2026-09-05 14:03:59] rysowanie pól              12 ms  /ridemore/odkrycia/podglad-gra 9 pól
[2026-09-05 14:03:59] cykl mapy                  105 ms  /ridemore/odkrycia/podglad-gra 3 zadań
[2026-09-05 14:08:46] skarby w kadrze             23 ms  /ridemore/odkrycia/podglad-gra 23 pinezek
[2026-09-05 14:08:46] podkład mapy               42 ms  /ridemore/odkrycia/podglad-gra 21/21 kafli
[2026-09-05 14:08:46] trasy ukończone           438 ms  /ridemore/odkrycia/podglad-gra 21/21 kafli
[2026-09-05 14:08:46] trasy nieukończone        836 ms  /ridemore/odkrycia/podglad-gra 21/21 kafli
[2026-09-05 14:08:46] pola odkryć                30 ms  /ridemore/odkrycia/podglad-gra 0 pól
[2026-09-05 14:08:46] rysowanie pól               1 ms  /ridemore/odkrycia/podglad-gra 0 pól
[2026-09-05 14:08:46] skarby w kadrze             36 ms  /ridemore/odkrycia/podglad-gra 23 pinezek
[2026-09-05 14:08:46] ślady przejazdów       1 215 ms  /ridemore/odkrycia/podglad-gra 21/21 kafli
[2026-09-05 14:08:46] cykl mapy                1 219 ms  /ridemore/odkrycia/podglad-gra 8 zadań
[2026-09-05 14:09:20] podkład mapy               39 ms  /ridemore/odkrycia/podglad-gra 18/18 kafli
[2026-09-05 14:09:20] skarby w kadrze             28 ms  /ridemore/odkrycia/podglad-gra 13 pinezek
[2026-09-05 14:09:20] pola odkryć                39 ms  /ridemore/odkrycia/podglad-gra 0 pól
[2026-09-05 14:09:20] rysowanie pól               1 ms  /ridemore/odkrycia/podglad-gra 0 pól
[2026-09-05 14:09:20] pola odkryć               111 ms  /ridemore/odkrycia/podglad-gra 0 pól
[2026-09-05 14:09:20] rysowanie pól               1 ms  /ridemore/odkrycia/podglad-gra 0 pól
[2026-09-05 14:09:20] skarby w kadrze            120 ms  /ridemore/odkrycia/podglad-gra 13 pinezek
[2026-09-05 14:09:20] trasy ukończone           491 ms  /ridemore/odkrycia/podglad-gra 18/18 kafli
[2026-09-05 14:09:20] trasy nieukończone        952 ms  /ridemore/odkrycia/podglad-gra 18/18 kafli
[2026-09-05 14:09:20] ślady przejazdów       1 246 ms  /ridemore/odkrycia/podglad-gra 18/18 kafli
[2026-09-05 14:09:20] cykl mapy                1 256 ms  /ridemore/odkrycia/podglad-gra 10 zadań
[2026-09-05 14:10:49] skarby w kadrze             16 ms  /ridemore/odkrycia/podglad-gra 7 pinezek
[2026-09-05 14:10:49] pola odkryć                49 ms  /ridemore/odkrycia/podglad-gra 0 pól
[2026-09-05 14:10:49] rysowanie pól               1 ms  /ridemore/odkrycia/podglad-gra 0 pól
[2026-09-05 14:10:49] podkład mapy               26 ms  /ridemore/odkrycia/podglad-gra 18/18 kafli
[2026-09-05 14:10:49] pola odkryć               123 ms  /ridemore/odkrycia/podglad-gra 0 pól
[2026-09-05 14:10:49] rysowanie pól               0 ms  /ridemore/odkrycia/podglad-gra 0 pól
[2026-09-05 14:10:49] skarby w kadrze            149 ms  /ridemore/odkrycia/podglad-gra 7 pinezek
[2026-09-05 14:10:49] trasy ukończone           477 ms  /ridemore/odkrycia/podglad-gra 18/18 kafli
[2026-09-05 14:10:49] trasy nieukończone        792 ms  /ridemore/odkrycia/podglad-gra 18/18 kafli
[2026-09-05 14:10:49] ślady przejazdów       1 145 ms  /ridemore/odkrycia/podglad-gra 18/18 kafli
[2026-09-05 14:10:49] cykl mapy                1 186 ms  /ridemore/odkrycia/podglad-gra 10 zadań
[2026-09-05 14:16:49] trasy ukończone           178 ms  /ridemore/odkrycia           24/24 kafli
[2026-09-05 14:16:49] podkład mapy              184 ms  /ridemore/odkrycia           24/24 kafli
[2026-09-05 14:16:49] trasy nieukończone        189 ms  /ridemore/odkrycia           24/24 kafli
[2026-09-05 14:16:49] skarby w kadrze            198 ms  /ridemore/odkrycia           32 pinezek
[2026-09-05 14:16:49] ślady przejazdów         648 ms  /ridemore/odkrycia           24/24 kafli
[2026-09-05 14:16:49] pola odkryć               644 ms  /ridemore/odkrycia           81 pól
[2026-09-05 14:16:49] rysowanie pól               4 ms  /ridemore/odkrycia           81 pól
[2026-09-05 14:16:49] cykl mapy                  679 ms  /ridemore/odkrycia           8 zadań
[2026-09-05 14:16:53] trasy ukończone           373 ms  /ridemore/odkrycia/podglad-gra 24/24 kafli
[2026-09-05 14:16:53] podkład mapy              386 ms  /ridemore/odkrycia/podglad-gra 24/24 kafli
[2026-09-05 14:16:53] trasy nieukończone        378 ms  /ridemore/odkrycia/podglad-gra 24/24 kafli
[2026-09-05 14:16:53] skarby w kadrze            516 ms  /ridemore/odkrycia/podglad-gra 32 pinezek
[2026-09-05 14:16:53] pola odkryć               968 ms  /ridemore/odkrycia/podglad-gra 81 pól
[2026-09-05 14:16:53] rysowanie pól               3 ms  /ridemore/odkrycia/podglad-gra 81 pól
[2026-09-05 14:16:53] ślady przejazdów       1 068 ms  /ridemore/odkrycia/podglad-gra 24/24 kafli
[2026-09-05 14:16:53] cykl mapy                1 083 ms  /ridemore/odkrycia/podglad-gra 8 zadań
[2026-09-05 14:17:51] trasy nieukończone        300 ms  /ridemore/odkrycia/podglad-gra 2/26 kafli
[2026-09-05 14:17:51] podkład mapy              307 ms  /ridemore/odkrycia/podglad-gra 24/26 kafli
[2026-09-05 14:17:51] trasy ukończone           305 ms  /ridemore/odkrycia/podglad-gra 8/26 kafli
[2026-09-05 14:17:51] trasy ukończone            93 ms  /ridemore/odkrycia/podglad-gra 16/16 kafli
[2026-09-05 14:17:51] podkład mapy              101 ms  /ridemore/odkrycia/podglad-gra 16/16 kafli
[2026-09-05 14:17:51] trasy nieukończone         97 ms  /ridemore/odkrycia/podglad-gra 16/16 kafli
[2026-09-05 14:17:51] skarby w kadrze            135 ms  /ridemore/odkrycia/podglad-gra 32 pinezek
[2026-09-05 14:17:51] pola odkryć               166 ms  /ridemore/odkrycia/podglad-gra 81 pól
[2026-09-05 14:17:51] rysowanie pól               6 ms  /ridemore/odkrycia/podglad-gra 81 pól
[2026-09-05 14:17:51] skarby w kadrze             94 ms  /ridemore/odkrycia/podglad-gra 32 pinezek
[2026-09-05 14:17:51] ślady przejazdów         905 ms  /ridemore/odkrycia/podglad-gra 18/42 kafli
[2026-09-05 14:17:51] pola odkryć               114 ms  /ridemore/odkrycia/podglad-gra 81 pól
[2026-09-05 14:17:51] rysowanie pól               1 ms  /ridemore/odkrycia/podglad-gra 81 pól
[2026-09-05 14:17:51] cykl mapy                  924 ms  /ridemore/odkrycia/podglad-gra 15 zadań
[2026-09-05 14:36:50] trasy ukończone           368 ms  /ridemore/odkrycia/podglad-gra 18/18 kafli
[2026-09-05 14:36:50] podkład mapy              405 ms  /ridemore/odkrycia/podglad-gra 18/30 kafli
[2026-09-05 14:36:50] pola odkryć                34 ms  /ridemore/odkrycia/podglad-gra 2 pól
[2026-09-05 14:36:50] rysowanie pól               1 ms  /ridemore/odkrycia/podglad-gra 2 pól
[2026-09-05 14:36:50] skarby w kadrze             37 ms  /ridemore/odkrycia/podglad-gra 22 pinezek
[2026-09-05 14:36:50] trasy nieukończone        660 ms  /ridemore/odkrycia/podglad-gra 18/18 kafli
[2026-09-05 14:36:50] ślady przejazdów         921 ms  /ridemore/odkrycia/podglad-gra 18/18 kafli
[2026-09-05 14:36:50] cykl mapy                  937 ms  /ridemore/odkrycia/podglad-gra 7 zadań
[2026-09-05 14:43:28] trasy ukończone           312 ms  /ridemore/odkrycia/podglad-gra 24/24 kafli
[2026-09-05 14:43:28] trasy nieukończone        360 ms  /ridemore/odkrycia/podglad-gra 24/24 kafli
[2026-09-05 14:43:28] skarby w kadrze            406 ms  /ridemore/odkrycia/podglad-gra 32 pinezek
[2026-09-05 14:43:28] pola odkryć               437 ms  /ridemore/odkrycia/podglad-gra 81 pól
[2026-09-05 14:43:28] rysowanie pól               3 ms  /ridemore/odkrycia/podglad-gra 81 pól
[2026-09-05 14:43:28] podkład mapy              538 ms  /ridemore/odkrycia/podglad-gra 24/24 kafli
[2026-09-05 14:43:28] ślady przejazdów         832 ms  /ridemore/odkrycia/podglad-gra 24/24 kafli
[2026-09-05 14:43:28] cykl mapy                  840 ms  /ridemore/odkrycia/podglad-gra 8 zadań
[2026-09-05 14:43:49] skarby w kadrze             48 ms  /ridemore/odkrycia/podglad-gra 11 pinezek
[2026-09-05 14:43:49] pola odkryć                63 ms  /ridemore/odkrycia/podglad-gra 118 pól
[2026-09-05 14:43:49] rysowanie pól               3 ms  /ridemore/odkrycia/podglad-gra 118 pól
[2026-09-05 14:43:49] podkład mapy              125 ms  /ridemore/odkrycia/podglad-gra 18/18 kafli
[2026-09-05 14:43:49] pola odkryć               131 ms  /ridemore/odkrycia/podglad-gra 118 pól
[2026-09-05 14:43:49] rysowanie pól               2 ms  /ridemore/odkrycia/podglad-gra 118 pól
[2026-09-05 14:43:49] skarby w kadrze            133 ms  /ridemore/odkrycia/podglad-gra 11 pinezek
[2026-09-05 14:43:49] trasy nieukończone        693 ms  /ridemore/odkrycia/podglad-gra 4/22 kafli
[2026-09-05 14:43:49] skarby w kadrze             52 ms  /ridemore/odkrycia/podglad-gra 2 pinezek
[2026-09-05 14:43:49] pola odkryć                64 ms  /ridemore/odkrycia/podglad-gra 61 pól
[2026-09-05 14:43:49] rysowanie pól               1 ms  /ridemore/odkrycia/podglad-gra 61 pól
[2026-09-05 14:43:49] podkład mapy              170 ms  /ridemore/odkrycia/podglad-gra 24/24 kafli
[2026-09-05 14:43:49] pola odkryć               143 ms  /ridemore/odkrycia/podglad-gra 61 pól
[2026-09-05 14:43:49] rysowanie pól               2 ms  /ridemore/odkrycia/podglad-gra 61 pól
[2026-09-05 14:43:49] skarby w kadrze            145 ms  /ridemore/odkrycia/podglad-gra 2 pinezek
[2026-09-05 14:43:49] trasy ukończone         1 481 ms  /ridemore/odkrycia/podglad-gra 41/42 kafli
[2026-09-05 14:43:49] podkład mapy               93 ms  /ridemore/odkrycia/podglad-gra 9/9 kafli
[2026-09-05 14:43:49] trasy nieukończone      1 440 ms  /ridemore/odkrycia/podglad-gra 24/24 kafli
[2026-09-05 14:43:49] wolne żądanie          1 500 ms  /ridemore/odkrycia/podglad-gra /ridemore/assets/tiles/slady/me/12/2305/1405.png?v=1
[2026-09-05 14:43:49] wolne żądanie          1 512 ms  /ridemore/odkrycia/podglad-gra /ridemore/assets/tiles/slady/me/12/2304/1403.png?v=1
[2026-09-05 14:43:49] wolne żądanie          1 546 ms  /ridemore/odkrycia/podglad-gra /ridemore/assets/tiles/slady/me/12/2305/1403.png?v=1
[2026-09-05 14:43:49] wolne żądanie          1 570 ms  /ridemore/odkrycia/podglad-gra /ridemore/assets/tiles/slady/me/12/2303/1404.png?v=1
[2026-09-05 14:43:49] wolne żądanie          1 584 ms  /ridemore/odkrycia/podglad-gra /ridemore/assets/tiles/slady/me/12/2306/1404.png?v=1
[2026-09-05 14:43:49] wolne żądanie          1 617 ms  /ridemore/odkrycia/podglad-gra /ridemore/assets/tiles/slady/me/12/2303/1405.png?v=1
[2026-09-05 14:43:49] wolne żądanie          1 649 ms  /ridemore/odkrycia/podglad-gra /ridemore/assets/tiles/slady/me/12/2306/1405.png?v=1
[2026-09-05 14:43:49] wolne żądanie          1 661 ms  /ridemore/odkrycia/podglad-gra /ridemore/assets/tiles/slady/me/12/2304/1406.png?v=1
[2026-09-05 14:43:49] podkład mapy               96 ms  /ridemore/odkrycia/podglad-gra 7/7 kafli
[2026-09-05 14:43:49] wolne żądanie          1 688 ms  /ridemore/odkrycia/podglad-gra /ridemore/assets/tiles/slady/me/12/2305/1406.png?v=1
[2026-09-05 14:43:49] wolne żądanie          1 699 ms  /ridemore/odkrycia/podglad-gra /ridemore/assets/tiles/slady/me/12/2303/1403.png?v=1
[2026-09-05 14:43:49] wolne żądanie          1 735 ms  /ridemore/odkrycia/podglad-gra /ridemore/assets/tiles/slady/me/12/2306/1403.png?v=1
[2026-09-05 14:43:49] wolne żądanie          1 767 ms  /ridemore/odkrycia/podglad-gra /ridemore/assets/tiles/slady/me/12/2303/1406.png?v=1
[2026-09-05 14:43:49] wolne żądanie          1 778 ms  /ridemore/odkrycia/podglad-gra /ridemore/assets/tiles/slady/me/12/2306/1406.png?v=1
[2026-09-05 14:43:49] wolne żądanie          1 808 ms  /ridemore/odkrycia/podglad-gra /ridemore/assets/tiles/slady/me/12/2302/1404.png?v=1
[2026-09-05 14:43:49] wolne żądanie          1 841 ms  /ridemore/odkrycia/podglad-gra /ridemore/assets/tiles/slady/me/12/2307/1404.png?v=1
[2026-09-05 14:43:49] wolne żądanie          1 853 ms  /ridemore/odkrycia/podglad-gra /ridemore/assets/tiles/slady/me/12/2302/1405.png?v=1
[2026-09-05 14:43:49] wolne żądanie          1 864 ms  /ridemore/odkrycia/podglad-gra /ridemore/assets/tiles/slady/me/12/2307/1405.png?v=1
[2026-09-05 14:43:49] wolne żądanie          1 893 ms  /ridemore/odkrycia/podglad-gra /ridemore/assets/tiles/slady/me/12/2302/1403.png?v=1
[2026-09-05 14:43:49] wolne żądanie          1 905 ms  /ridemore/odkrycia/podglad-gra /ridemore/assets/tiles/slady/me/12/2307/1403.png?v=1
[2026-09-05 14:43:49] wolne żądanie          1 917 ms  /ridemore/odkrycia/podglad-gra /ridemore/assets/tiles/slady/me/12/2302/1406.png?v=1
[2026-09-05 14:43:49] wolne żądanie          1 950 ms  /ridemore/odkrycia/podglad-gra /ridemore/assets/tiles/slady/me/12/2307/1406.png?v=1
[2026-09-05 14:43:49] skarby w kadrze             37 ms  /ridemore/odkrycia/podglad-gra 5 pinezek
[2026-09-05 14:43:49] pola odkryć                40 ms  /ridemore/odkrycia/podglad-gra 229 pól
[2026-09-05 14:43:49] rysowanie pól               4 ms  /ridemore/odkrycia/podglad-gra 229 pól
[2026-09-05 14:43:49] trasy ukończone           456 ms  /ridemore/odkrycia/podglad-gra 12/12 kafli
[2026-09-05 14:43:49] trasy nieukończone        814 ms  /ridemore/odkrycia/podglad-gra 12/12 kafli
[2026-09-05 14:43:49] ślady przejazdów       3 776 ms  /ridemore/odkrycia/podglad-gra 39/58 kafli
[2026-09-05 14:43:49] cykl mapy                3 789 ms  /ridemore/odkrycia/podglad-gra 25 zadań
[2026-09-05 14:44:00] podkład mapy              140 ms  /ridemore/trasy/jhjh-aqua-velo 24/24 kafli
[2026-09-05 14:44:00] skarby w kadrze            192 ms  /ridemore/trasy/jhjh-aqua-velo 9 pinezek
[2026-09-05 14:44:00] znane trasy                584 ms  /ridemore/trasy/jhjh-aqua-velo 24/24 kafli
[2026-09-05 14:44:00] pola odkryć               907 ms  /ridemore/trasy/jhjh-aqua-velo 47 pól
[2026-09-05 14:44:00] rysowanie pól               2 ms  /ridemore/trasy/jhjh-aqua-velo 47 pól
[2026-09-05 14:44:00] ślady przejazdów         942 ms  /ridemore/trasy/jhjh-aqua-velo 24/24 kafli
[2026-09-05 14:44:00] cykl mapy                  948 ms  /ridemore/trasy/jhjh-aqua-velo 7 zadań
[2026-09-05 14:44:05] podkład mapy              184 ms  /ridemore/trasy/jhjh-aqua-velo 24/24 kafli
[2026-09-05 14:44:05] pola odkryć               166 ms  /ridemore/trasy/jhjh-aqua-velo 27 pól
[2026-09-05 14:44:05] rysowanie pól               7 ms  /ridemore/trasy/jhjh-aqua-velo 27 pól
[2026-09-05 14:44:05] skarby w kadrze            180 ms  /ridemore/trasy/jhjh-aqua-velo 1 pinezek
[2026-09-05 14:44:05] podkład mapy              186 ms  /ridemore/trasy/jhjh-aqua-velo 20/20 kafli
[2026-09-05 14:44:05] znane trasy                772 ms  /ridemore/trasy/jhjh-aqua-velo 33/44 kafli
[2026-09-05 14:44:05] skarby w kadrze            507 ms  /ridemore/trasy/jhjh-aqua-velo 0 pinezek
[2026-09-05 14:44:05] pola odkryć               185 ms  /ridemore/trasy/jhjh-aqua-velo 72 pól
[2026-09-05 14:44:05] rysowanie pól               1 ms  /ridemore/trasy/jhjh-aqua-velo 72 pól
[2026-09-05 14:44:05] ślady przejazdów       1 040 ms  /ridemore/trasy/jhjh-aqua-velo 20/44 kafli
[2026-09-05 14:44:05] cykl mapy                1 046 ms  /ridemore/trasy/jhjh-aqua-velo 11 zadań
[2026-09-05 17:32:18] podkład mapy              425 ms  /ridemore/odkrycia           24/24 kafli
[2026-09-05 17:32:18] skarby w kadrze          1 201 ms  /ridemore/odkrycia           6 pinezek
[2026-09-05 17:32:18] wolne żądanie          1 511 ms  /ridemore/odkrycia           /ridemore/assets/tiles/slady/kn-historical/10/573/347.png?v=3
[2026-09-05 17:32:18] wolne żądanie          1 517 ms  /ridemore/odkrycia           /ridemore/assets/tiles/slady/kn-historical/10/572/350.png?v=3
[2026-09-05 17:32:18] wolne żądanie          1 530 ms  /ridemore/odkrycia           /ridemore/assets/tiles/slady/kn-historical/10/574/350.png?v=3
[2026-09-05 17:32:18] wolne żądanie          1 563 ms  /ridemore/odkrycia           /ridemore/assets/tiles/slady/kn-historical/10/576/347.png?v=3
[2026-09-05 17:32:18] wolne żądanie          1 615 ms  /ridemore/odkrycia           /ridemore/assets/tiles/slady/kn-historical/10/577/348.png?v=3
[2026-09-05 17:32:18] wolne żądanie          1 656 ms  /ridemore/odkrycia           /ridemore/assets/tiles/slady/kn-historical/10/577/349.png?v=3
[2026-09-05 17:32:18] wolne żądanie          1 662 ms  /ridemore/odkrycia           /ridemore/assets/tiles/slady/kd-historical/10/574/349.png?v=11
[2026-09-05 17:32:18] wolne żądanie          1 665 ms  /ridemore/odkrycia           /ridemore/assets/tiles/slady/kd-historical/10/575/349.png?v=11
[2026-09-05 17:32:18] wolne żądanie          1 697 ms  /ridemore/odkrycia           /ridemore/assets/tiles/slady/kn-historical/10/577/347.png?v=3
[2026-09-05 17:32:18] wolne żądanie          1 728 ms  /ridemore/odkrycia           /ridemore/assets/tiles/slady/kn-historical/10/577/350.png?v=3
[2026-09-05 17:32:18] wolne żądanie          1 797 ms  /ridemore/odkrycia           /ridemore/assets/tiles/slady/me/10/574/348.png?v=1
[2026-09-05 17:32:18] wolne żądanie          1 797 ms  /ridemore/odkrycia           /ridemore/assets/tiles/slady/me/10/575/348.png?v=1
[2026-09-05 17:32:18] wolne żądanie          1 814 ms  /ridemore/odkrycia           /ridemore/assets/tiles/slady/me/10/574/349.png?v=1
[2026-09-05 17:32:18] wolne żądanie          1 828 ms  /ridemore/odkrycia           /ridemore/assets/tiles/slady/me/10/575/349.png?v=1
[2026-09-05 17:32:18] wolne żądanie          1 833 ms  /ridemore/odkrycia           /ridemore/assets/tiles/slady/kd-historical/10/576/349.png?v=11
[2026-09-05 17:32:18] wolne żądanie          1 836 ms  /ridemore/odkrycia           /ridemore/assets/tiles/slady/kd-historical/10/574/350.png?v=11
[2026-09-05 17:32:18] wolne żądanie          1 839 ms  /ridemore/odkrycia           /ridemore/assets/tiles/slady/kd-historical/10/575/350.png?v=11
[2026-09-05 17:32:18] wolne żądanie          1 852 ms  /ridemore/odkrycia           /ridemore/assets/tiles/slady/me/10/574/347.png?v=1
[2026-09-05 17:32:18] wolne żądanie          1 866 ms  /ridemore/odkrycia           /ridemore/assets/tiles/slady/me/10/575/347.png?v=1
[2026-09-05 17:32:18] wolne żądanie          1 899 ms  /ridemore/odkrycia           /ridemore/assets/tiles/slady/me/10/576/348.png?v=1
[2026-09-05 17:32:18] wolne żądanie          1 923 ms  /ridemore/odkrycia           /ridemore/assets/tiles/slady/me/10/573/348.png?v=1
[2026-09-05 17:32:18] wolne żądanie          1 949 ms  /ridemore/odkrycia           /ridemore/assets/tiles/slady/me/10/573/349.png?v=1
[2026-09-05 17:32:18] wolne żądanie          1 962 ms  /ridemore/odkrycia           /ridemore/assets/tiles/slady/me/10/576/349.png?v=1
[2026-09-05 17:32:18] wolne żądanie          1 968 ms  /ridemore/odkrycia           /ridemore/assets/tiles/slady/kd-historical/10/576/350.png?v=11
[2026-09-05 17:32:18] wolne żądanie          1 971 ms  /ridemore/odkrycia           /ridemore/assets/tiles/slady/kd-historical/10/577/349.png?v=11
[2026-09-05 17:32:18] wolne żądanie          1 974 ms  /ridemore/odkrycia           /ridemore/assets/tiles/slady/kd-historical/10/577/350.png?v=11
[2026-09-05 17:32:18] trasy ukończone         1 990 ms  /ridemore/odkrycia           24/24 kafli
[2026-09-05 17:32:18] wolne żądanie          1 991 ms  /ridemore/odkrycia           /ridemore/assets/tiles/slady/me/10/574/350.png?v=1
[2026-09-05 17:32:18] wolne żądanie          2 004 ms  /ridemore/odkrycia           /ridemore/assets/tiles/slady/me/10/575/350.png?v=1
[2026-09-05 17:32:18] wolne żądanie          2 008 ms  /ridemore/odkrycia           /ridemore/assets/tiles/slady/kn-historical/10/575/350.png?v=3
[2026-09-05 17:32:18] wolne żądanie          2 017 ms  /ridemore/odkrycia           /ridemore/assets/tiles/slady/me/10/573/347.png?v=1
[2026-09-05 17:32:18] wolne żądanie          2 029 ms  /ridemore/odkrycia           /ridemore/assets/tiles/slady/me/10/576/347.png?v=1
[2026-09-05 17:32:18] wolne żądanie          2 043 ms  /ridemore/odkrycia           /ridemore/assets/tiles/slady/me/10/573/350.png?v=1
[2026-09-05 17:32:18] wolne żądanie          2 066 ms  /ridemore/odkrycia           /ridemore/assets/tiles/slady/me/10/576/350.png?v=1
[2026-09-05 17:32:18] wolne żądanie          2 108 ms  /ridemore/odkrycia           /ridemore/assets/tiles/slady/me/10/572/348.png?v=1
[2026-09-05 17:32:18] wolne żądanie          2 144 ms  /ridemore/odkrycia           /ridemore/assets/tiles/slady/me/10/577/348.png?v=1
[2026-09-05 17:32:18] wolne żądanie          2 166 ms  /ridemore/odkrycia           /ridemore/assets/tiles/slady/me/10/572/349.png?v=1
[2026-09-05 17:32:18] wolne żądanie          2 171 ms  /ridemore/odkrycia           /ridemore/assets/tiles/slady/kn-historical/10/576/350.png?v=3
[2026-09-05 17:32:18] trasy nieukończone      2 185 ms  /ridemore/odkrycia           24/24 kafli
[2026-09-05 17:32:18] wolne żądanie          2 176 ms  /ridemore/odkrycia           /ridemore/assets/tiles/slady/me/10/577/349.png?v=1
[2026-09-05 17:32:18] wolne żądanie          2 205 ms  /ridemore/odkrycia           /ridemore/assets/tiles/slady/me/10/572/347.png?v=1
[2026-09-05 17:32:18] wolne żądanie          2 236 ms  /ridemore/odkrycia           /ridemore/assets/tiles/slady/me/10/577/347.png?v=1
[2026-09-05 17:32:18] wolne żądanie          2 248 ms  /ridemore/odkrycia           /ridemore/assets/tiles/slady/me/10/572/350.png?v=1
[2026-09-05 17:32:18] wolne żądanie          2 277 ms  /ridemore/odkrycia           /ridemore/assets/tiles/slady/me/10/577/350.png?v=1
[2026-09-05 17:32:18] ślady przejazdów       2 291 ms  /ridemore/odkrycia           24/24 kafli
[2026-09-05 17:32:18] pola odkryć             2 034 ms  /ridemore/odkrycia           74 pól
[2026-09-05 17:32:18] rysowanie pól               2 ms  /ridemore/odkrycia           74 pól
[2026-09-05 17:32:18] cykl mapy                2 300 ms  /ridemore/odkrycia           8 zadań
[2026-09-05 17:32:18] wolne żądanie          2 033 ms  /ridemore/odkrycia           /ridemore/api/discovery/cells?scope=me&zoom=10&north=49.93796363805729&south=49.31706575342583&east=23.126220703125&west=21.34918212890625
[2026-09-05 17:32:54] trasy ukończone           204 ms  /ridemore/odkrycia           24/24 kafli
[2026-09-05 17:32:54] trasy nieukończone        219 ms  /ridemore/odkrycia           24/24 kafli
[2026-09-05 17:32:54] podkład mapy              229 ms  /ridemore/odkrycia           24/24 kafli
[2026-09-05 17:32:54] skarby w kadrze            237 ms  /ridemore/odkrycia           32 pinezek
[2026-09-05 17:32:54] ślady przejazdów         600 ms  /ridemore/odkrycia           24/24 kafli
[2026-09-05 17:32:54] pola odkryć               579 ms  /ridemore/odkrycia           81 pól
[2026-09-05 17:32:54] rysowanie pól               2 ms  /ridemore/odkrycia           81 pól
[2026-09-05 17:32:54] cykl mapy                  622 ms  /ridemore/odkrycia           8 zadań
[2026-09-05 17:33:02] trasy ukończone           370 ms  /ridemore/odkrycia/podglad-gra 24/24 kafli
[2026-09-05 17:33:02] podkład mapy              383 ms  /ridemore/odkrycia/podglad-gra 24/24 kafli
[2026-09-05 17:33:02] trasy nieukończone        369 ms  /ridemore/odkrycia/podglad-gra 24/24 kafli
[2026-09-05 17:33:02] skarby w kadrze            448 ms  /ridemore/odkrycia/podglad-gra 32 pinezek
[2026-09-05 17:33:02] ślady przejazdów         886 ms  /ridemore/odkrycia/podglad-gra 24/24 kafli
[2026-09-05 17:33:02] pola odkryć               873 ms  /ridemore/odkrycia/podglad-gra 81 pól
[2026-09-05 17:33:02] rysowanie pól               3 ms  /ridemore/odkrycia/podglad-gra 81 pól
[2026-09-05 17:33:02] cykl mapy                  940 ms  /ridemore/odkrycia/podglad-gra 8 zadań
[2026-09-05 17:33:51] skarby w kadrze             37 ms  /ridemore/odkrycia/podglad-gra 22 pinezek
[2026-09-05 17:33:51] pola odkryć                54 ms  /ridemore/odkrycia/podglad-gra 81 pól
[2026-09-05 17:33:51] rysowanie pól               2 ms  /ridemore/odkrycia/podglad-gra 81 pól
[2026-09-05 17:33:51] cykl mapy                   55 ms  /ridemore/odkrycia/podglad-gra 3 zadań
[2026-09-05 17:33:51] pola odkryć                38 ms  /ridemore/odkrycia/podglad-gra 81 pól
[2026-09-05 17:33:51] rysowanie pól               2 ms  /ridemore/odkrycia/podglad-gra 81 pól
[2026-09-05 17:33:51] skarby w kadrze             41 ms  /ridemore/odkrycia/podglad-gra 22 pinezek
[2026-09-05 17:33:51] cykl mapy                   42 ms  /ridemore/odkrycia/podglad-gra 3 zadań
[2026-09-05 17:34:47] pola odkryć                51 ms  /ridemore/odkrycia/podglad-gra 81 pól
[2026-09-05 17:34:47] rysowanie pól               2 ms  /ridemore/odkrycia/podglad-gra 81 pól
[2026-09-05 17:34:47] skarby w kadrze             64 ms  /ridemore/odkrycia/podglad-gra 32 pinezek
[2026-09-05 17:34:47] cykl mapy                   65 ms  /ridemore/odkrycia/podglad-gra 3 zadań
[2026-09-05 17:38:55] podkład mapy              268 ms  /ridemore/odkrycia?mapa=spolecznosc 24/24 kafli
[2026-09-05 17:38:55] znane trasy                263 ms  /ridemore/odkrycia?mapa=spolecznosc 24/24 kafli
[2026-09-05 17:38:55] ślady przejazdów         258 ms  /ridemore/odkrycia?mapa=spolecznosc 24/24 kafli
[2026-09-05 17:38:55] skarby w kadrze            272 ms  /ridemore/odkrycia?mapa=spolecznosc 32 pinezek
[2026-09-05 17:38:55] pola odkryć               243 ms  /ridemore/odkrycia?mapa=spolecznosc 81 pól
[2026-09-05 17:38:55] rysowanie pól               3 ms  /ridemore/odkrycia?mapa=spolecznosc 81 pól
[2026-09-05 17:38:55] cykl mapy                  303 ms  /ridemore/odkrycia?mapa=spolecznosc 7 zadań
[2026-09-05 17:39:24] znane trasy                152 ms  /ridemore/odkrycia?mapa=spolecznosc 24/24 kafli
[2026-09-05 17:39:24] skarby w kadrze             35 ms  /ridemore/odkrycia?mapa=spolecznosc 14 pinezek
[2026-09-05 17:39:24] pola odkryć                60 ms  /ridemore/odkrycia?mapa=spolecznosc 56 pól
[2026-09-05 17:39:24] rysowanie pól              12 ms  /ridemore/odkrycia?mapa=spolecznosc 56 pól
[2026-09-05 17:39:24] ślady przejazdów         334 ms  /ridemore/odkrycia?mapa=spolecznosc 24/24 kafli
[2026-09-05 17:39:24] skarby w kadrze             28 ms  /ridemore/odkrycia?mapa=spolecznosc 14 pinezek
[2026-09-05 17:39:24] pola odkryć                46 ms  /ridemore/odkrycia?mapa=spolecznosc 56 pól
[2026-09-05 17:39:24] rysowanie pól               9 ms  /ridemore/odkrycia?mapa=spolecznosc 56 pól
[2026-09-05 17:39:24] podkład mapy              848 ms  /ridemore/odkrycia?mapa=spolecznosc 24/24 kafli
[2026-09-05 17:39:24] cykl mapy                  848 ms  /ridemore/odkrycia?mapa=spolecznosc 9 zadań
[2026-09-05 17:39:24] podkład mapy              303 ms  /ridemore/odkrycia?mapa=spolecznosc 24/24 kafli
[2026-09-05 17:39:24] znane trasy                504 ms  /ridemore/odkrycia?mapa=spolecznosc 24/24 kafli
[2026-09-05 17:39:24] skarby w kadrze            618 ms  /ridemore/odkrycia?mapa=spolecznosc 4 pinezek
[2026-09-05 17:39:24] pola odkryć               373 ms  /ridemore/odkrycia?mapa=spolecznosc 361 pól
[2026-09-05 17:39:24] rysowanie pól               3 ms  /ridemore/odkrycia?mapa=spolecznosc 361 pól
[2026-09-05 17:39:24] ślady przejazdów         890 ms  /ridemore/odkrycia?mapa=spolecznosc 24/24 kafli
[2026-09-05 17:39:24] cykl mapy                  894 ms  /ridemore/odkrycia?mapa=spolecznosc 7 zadań
[2026-09-05 17:39:24] podkład mapy              203 ms  /ridemore/odkrycia?mapa=spolecznosc 24/24 kafli
[2026-09-05 17:39:24] znane trasy                493 ms  /ridemore/odkrycia?mapa=spolecznosc 24/24 kafli
[2026-09-05 17:39:24] skarby w kadrze            592 ms  /ridemore/odkrycia?mapa=spolecznosc 0 pinezek
[2026-09-05 17:39:24] pola odkryć               350 ms  /ridemore/odkrycia?mapa=spolecznosc 270 pól
[2026-09-05 17:39:24] rysowanie pól               6 ms  /ridemore/odkrycia?mapa=spolecznosc 270 pól
[2026-09-05 17:39:24] ślady przejazdów         879 ms  /ridemore/odkrycia?mapa=spolecznosc 24/24 kafli
[2026-09-05 17:39:24] cykl mapy                  885 ms  /ridemore/odkrycia?mapa=spolecznosc 7 zadań
[2026-09-05 17:39:28] podkład mapy              165 ms  /ridemore/odkrycia?mapa=spolecznosc 24/24 kafli
[2026-09-05 17:39:28] znane trasy                637 ms  /ridemore/odkrycia?mapa=spolecznosc 24/24 kafli
[2026-09-05 17:39:28] skarby w kadrze            718 ms  /ridemore/odkrycia?mapa=spolecznosc 0 pinezek
[2026-09-05 17:39:28] pola odkryć               480 ms  /ridemore/odkrycia?mapa=spolecznosc 936 pól
[2026-09-05 17:39:28] rysowanie pól               9 ms  /ridemore/odkrycia?mapa=spolecznosc 936 pól
[2026-09-05 17:39:28] ślady przejazdów       1 014 ms  /ridemore/odkrycia?mapa=spolecznosc 24/24 kafli
[2026-09-05 17:39:28] cykl mapy                1 021 ms  /ridemore/odkrycia?mapa=spolecznosc 7 zadań
[2026-09-05 17:39:28] skarby w kadrze             18 ms  /ridemore/odkrycia?mapa=spolecznosc 0 pinezek
[2026-09-05 17:39:28] podkład mapy               96 ms  /ridemore/odkrycia?mapa=spolecznosc 4/4 kafli
[2026-09-05 17:39:28] pola odkryć                33 ms  /ridemore/odkrycia?mapa=spolecznosc 996 pól
[2026-09-05 17:39:28] rysowanie pól               7 ms  /ridemore/odkrycia?mapa=spolecznosc 996 pól
[2026-09-05 17:39:28] znane trasy                113 ms  /ridemore/odkrycia?mapa=spolecznosc 4/4 kafli
[2026-09-05 17:39:28] ślady przejazdów         159 ms  /ridemore/odkrycia?mapa=spolecznosc 4/4 kafli
[2026-09-05 17:39:28] cykl mapy                  236 ms  /ridemore/odkrycia?mapa=spolecznosc 6 zadań
[2026-09-05 17:39:33] podkład mapy              194 ms  /ridemore/odkrycia?mapa=spolecznosc 24/24 kafli
[2026-09-05 17:39:33] znane trasy                504 ms  /ridemore/odkrycia?mapa=spolecznosc 24/24 kafli
[2026-09-05 17:39:33] skarby w kadrze            584 ms  /ridemore/odkrycia?mapa=spolecznosc 0 pinezek
[2026-09-05 17:39:33] ślady przejazdów         866 ms  /ridemore/odkrycia?mapa=spolecznosc 24/24 kafli
[2026-09-05 17:39:33] pola odkryć               340 ms  /ridemore/odkrycia?mapa=spolecznosc 483 pól
[2026-09-05 17:39:33] rysowanie pól               7 ms  /ridemore/odkrycia?mapa=spolecznosc 483 pól
[2026-09-05 17:39:33] cykl mapy                  878 ms  /ridemore/odkrycia?mapa=spolecznosc 7 zadań
[2026-09-05 17:39:40] podkład mapy              164 ms  /ridemore/odkrycia?mapa=spolecznosc 24/24 kafli
[2026-09-05 17:39:40] znane trasy                470 ms  /ridemore/odkrycia?mapa=spolecznosc 24/24 kafli
[2026-09-05 17:39:40] skarby w kadrze            584 ms  /ridemore/odkrycia?mapa=spolecznosc 0 pinezek
[2026-09-05 17:39:40] pola odkryć               333 ms  /ridemore/odkrycia?mapa=spolecznosc 161 pól
[2026-09-05 17:39:40] rysowanie pól               3 ms  /ridemore/odkrycia?mapa=spolecznosc 161 pól
[2026-09-05 17:39:40] podkład mapy              145 ms  /ridemore/odkrycia?mapa=spolecznosc 24/24 kafli
[2026-09-05 17:39:40] znane trasy                458 ms  /ridemore/odkrycia?mapa=spolecznosc 24/24 kafli
[2026-09-05 17:39:40] skarby w kadrze            473 ms  /ridemore/odkrycia?mapa=spolecznosc 0 pinezek
[2026-09-05 17:39:40] pola odkryć               223 ms  /ridemore/odkrycia?mapa=spolecznosc 64 pól
[2026-09-05 17:39:40] rysowanie pól               1 ms  /ridemore/odkrycia?mapa=spolecznosc 64 pól
[2026-09-05 17:39:40] ślady przejazdów       1 602 ms  /ridemore/odkrycia?mapa=spolecznosc 47/48 kafli
[2026-09-05 17:39:40] cykl mapy                1 607 ms  /ridemore/odkrycia?mapa=spolecznosc 13 zadań
[2026-09-05 17:39:40] podkład mapy               80 ms  /ridemore/odkrycia?mapa=spolecznosc 4/4 kafli
[2026-09-05 17:39:40] cykl mapy                   80 ms  /ridemore/odkrycia?mapa=spolecznosc 1 zadań
[2026-09-05 17:39:44] podkład mapy               92 ms  /ridemore/odkrycia?mapa=spolecznosc 6/6 kafli
[2026-09-05 17:39:44] cykl mapy                   92 ms  /ridemore/odkrycia?mapa=spolecznosc 1 zadań
[2026-09-05 17:39:44] podkład mapy               55 ms  /ridemore/odkrycia?mapa=spolecznosc 1/1 kafli
[2026-09-05 17:39:44] cykl mapy                   55 ms  /ridemore/odkrycia?mapa=spolecznosc 1 zadań
[2026-09-05 17:39:44] skarby w kadrze             23 ms  /ridemore/odkrycia?mapa=spolecznosc 0 pinezek
[2026-09-05 17:39:44] pola odkryć                39 ms  /ridemore/odkrycia?mapa=spolecznosc 63 pól
[2026-09-05 17:39:44] rysowanie pól               2 ms  /ridemore/odkrycia?mapa=spolecznosc 63 pól
[2026-09-05 17:39:44] znane trasy                168 ms  /ridemore/odkrycia?mapa=spolecznosc 6/6 kafli
[2026-09-05 17:39:44] ślady przejazdów         224 ms  /ridemore/odkrycia?mapa=spolecznosc 6/6 kafli
[2026-09-05 17:39:44] cykl mapy                  225 ms  /ridemore/odkrycia?mapa=spolecznosc 5 zadań
[2026-09-05 17:39:50] podkład mapy               89 ms  /ridemore/odkrycia?mapa=spolecznosc 6/6 kafli
[2026-09-05 17:39:50] pola odkryć                34 ms  /ridemore/odkrycia?mapa=spolecznosc 52 pól
[2026-09-05 17:39:50] rysowanie pól               2 ms  /ridemore/odkrycia?mapa=spolecznosc 52 pól
[2026-09-05 17:39:50] skarby w kadrze             36 ms  /ridemore/odkrycia?mapa=spolecznosc 0 pinezek
[2026-09-05 17:39:50] znane trasy                134 ms  /ridemore/odkrycia?mapa=spolecznosc 6/6 kafli
[2026-09-05 17:39:50] ślady przejazdów         205 ms  /ridemore/odkrycia?mapa=spolecznosc 6/6 kafli
[2026-09-05 17:39:50] cykl mapy                  276 ms  /ridemore/odkrycia?mapa=spolecznosc 6 zadań
[2026-09-05 17:39:50] pola odkryć                19 ms  /ridemore/odkrycia?mapa=spolecznosc 41 pól
[2026-09-05 17:39:50] rysowanie pól               2 ms  /ridemore/odkrycia?mapa=spolecznosc 41 pól
[2026-09-05 17:39:50] skarby w kadrze             28 ms  /ridemore/odkrycia?mapa=spolecznosc 0 pinezek
[2026-09-05 17:39:50] podkład mapy              102 ms  /ridemore/odkrycia?mapa=spolecznosc 6/6 kafli
[2026-09-05 17:39:50] znane trasy                126 ms  /ridemore/odkrycia?mapa=spolecznosc 6/6 kafli
[2026-09-05 17:39:50] ślady przejazdów         203 ms  /ridemore/odkrycia?mapa=spolecznosc 6/6 kafli
[2026-09-05 17:39:50] cykl mapy                  268 ms  /ridemore/odkrycia?mapa=spolecznosc 6 zadań
[2026-09-05 17:39:50] skarby w kadrze             17 ms  /ridemore/odkrycia?mapa=spolecznosc 0 pinezek
[2026-09-05 17:39:50] pola odkryć                23 ms  /ridemore/odkrycia?mapa=spolecznosc 52 pól
[2026-09-05 17:39:50] rysowanie pól               2 ms  /ridemore/odkrycia?mapa=spolecznosc 52 pól
[2026-09-05 17:39:50] cykl mapy                   25 ms  /ridemore/odkrycia?mapa=spolecznosc 3 zadań
[2026-09-05 17:39:59] podkład mapy              135 ms  /ridemore/odkrycia?mapa=spolecznosc 8/8 kafli
[2026-09-05 17:39:59] cykl mapy                  135 ms  /ridemore/odkrycia?mapa=spolecznosc 1 zadań
[2026-09-05 17:39:59] skarby w kadrze             18 ms  /ridemore/odkrycia?mapa=spolecznosc 0 pinezek
[2026-09-05 17:39:59] pola odkryć                24 ms  /ridemore/odkrycia?mapa=spolecznosc 48 pól
[2026-09-05 17:39:59] rysowanie pól               1 ms  /ridemore/odkrycia?mapa=spolecznosc 48 pól
[2026-09-05 17:39:59] znane trasy                142 ms  /ridemore/odkrycia?mapa=spolecznosc 9/9 kafli
[2026-09-05 17:39:59] ślady przejazdów         247 ms  /ridemore/odkrycia?mapa=spolecznosc 9/9 kafli
[2026-09-05 17:39:59] cykl mapy                  248 ms  /ridemore/odkrycia?mapa=spolecznosc 5 zadań
[2026-09-05 17:40:04] pola odkryć                31 ms  /ridemore/odkrycia?mapa=spolecznosc 49 pól
[2026-09-05 17:40:04] rysowanie pól               2 ms  /ridemore/odkrycia?mapa=spolecznosc 49 pól
[2026-09-05 17:40:04] skarby w kadrze             33 ms  /ridemore/odkrycia?mapa=spolecznosc 0 pinezek
[2026-09-05 17:40:04] cykl mapy                   34 ms  /ridemore/odkrycia?mapa=spolecznosc 3 zadań
[2026-09-05 17:40:09] znane trasy                130 ms  /ridemore/odkrycia?mapa=spolecznosc 8/8 kafli
[2026-09-05 17:40:09] ślady przejazdów         196 ms  /ridemore/odkrycia?mapa=spolecznosc 8/8 kafli
[2026-09-05 17:40:09] pola odkryć                48 ms  /ridemore/odkrycia?mapa=spolecznosc 112 pól
[2026-09-05 17:40:09] rysowanie pól               5 ms  /ridemore/odkrycia?mapa=spolecznosc 112 pól
[2026-09-05 17:40:09] skarby w kadrze             52 ms  /ridemore/odkrycia?mapa=spolecznosc 0 pinezek
[2026-09-05 17:40:09] podkład mapy              380 ms  /ridemore/odkrycia?mapa=spolecznosc 24/24 kafli
[2026-09-05 17:40:09] znane trasy                275 ms  /ridemore/odkrycia?mapa=spolecznosc 16/16 kafli
[2026-09-05 17:40:09] pola odkryć                99 ms  /ridemore/odkrycia?mapa=spolecznosc 112 pól
[2026-09-05 17:40:09] rysowanie pól               3 ms  /ridemore/odkrycia?mapa=spolecznosc 112 pól
[2026-09-05 17:40:09] skarby w kadrze            112 ms  /ridemore/odkrycia?mapa=spolecznosc 0 pinezek
[2026-09-05 17:40:09] ślady przejazdów         379 ms  /ridemore/odkrycia?mapa=spolecznosc 16/16 kafli
[2026-09-05 17:40:09] cykl mapy                  640 ms  /ridemore/odkrycia?mapa=spolecznosc 11 zadań
[2026-09-05 17:40:09] podkład mapy               99 ms  /ridemore/odkrycia?mapa=spolecznosc 6/6 kafli
[2026-09-05 17:40:09] znane trasy                112 ms  /ridemore/odkrycia?mapa=spolecznosc 6/6 kafli
[2026-09-05 17:40:09] ślady przejazdów         156 ms  /ridemore/odkrycia?mapa=spolecznosc 6/6 kafli
[2026-09-05 17:40:09] cykl mapy                  164 ms  /ridemore/odkrycia?mapa=spolecznosc 3 zadań
[2026-09-05 17:40:09] skarby w kadrze             39 ms  /ridemore/odkrycia?mapa=spolecznosc 0 pinezek
[2026-09-05 17:40:09] pola odkryć                42 ms  /ridemore/odkrycia?mapa=spolecznosc 363 pól
[2026-09-05 17:40:09] rysowanie pól               9 ms  /ridemore/odkrycia?mapa=spolecznosc 363 pól
[2026-09-05 17:40:09] podkład mapy              131 ms  /ridemore/odkrycia?mapa=spolecznosc 18/18 kafli
[2026-09-05 17:40:09] znane trasy                229 ms  /ridemore/odkrycia?mapa=spolecznosc 18/18 kafli
[2026-09-05 17:40:09] pola odkryć                82 ms  /ridemore/odkrycia?mapa=spolecznosc 363 pól
[2026-09-05 17:40:09] rysowanie pól               6 ms  /ridemore/odkrycia?mapa=spolecznosc 363 pól
[2026-09-05 17:40:09] ślady przejazdów         344 ms  /ridemore/odkrycia?mapa=spolecznosc 18/18 kafli
[2026-09-05 17:40:09] skarby w kadrze             89 ms  /ridemore/odkrycia?mapa=spolecznosc 0 pinezek
[2026-09-05 17:40:09] cykl mapy                  347 ms  /ridemore/odkrycia?mapa=spolecznosc 9 zadań
[2026-09-05 17:40:09] podkład mapy               86 ms  /ridemore/odkrycia?mapa=spolecznosc 18/18 kafli
[2026-09-05 17:40:09] znane trasy                125 ms  /ridemore/odkrycia?mapa=spolecznosc 18/18 kafli
[2026-09-05 17:40:09] ślady przejazdów         142 ms  /ridemore/odkrycia?mapa=spolecznosc 18/18 kafli
[2026-09-05 17:40:09] cykl mapy                  144 ms  /ridemore/odkrycia?mapa=spolecznosc 3 zadań
[2026-09-05 17:40:09] skarby w kadrze             52 ms  /ridemore/odkrycia?mapa=spolecznosc 0 pinezek
[2026-09-05 17:40:09] pola odkryć                84 ms  /ridemore/odkrycia?mapa=spolecznosc 99 pól
[2026-09-05 17:40:09] rysowanie pól               7 ms  /ridemore/odkrycia?mapa=spolecznosc 99 pól
[2026-09-05 17:40:09] cykl mapy                   91 ms  /ridemore/odkrycia?mapa=spolecznosc 3 zadań
[2026-09-05 17:40:09] skarby w kadrze             16 ms  /ridemore/odkrycia?mapa=spolecznosc 0 pinezek
[2026-09-05 17:40:09] pola odkryć                35 ms  /ridemore/odkrycia?mapa=spolecznosc 99 pól
[2026-09-05 17:40:09] rysowanie pól               4 ms  /ridemore/odkrycia?mapa=spolecznosc 99 pól
[2026-09-05 17:40:09] cykl mapy                   38 ms  /ridemore/odkrycia?mapa=spolecznosc 3 zadań
[2026-09-05 17:40:09] podkład mapy              178 ms  /ridemore/odkrycia?mapa=spolecznosc 15/15 kafli
[2026-09-05 17:40:09] skarby w kadrze             97 ms  /ridemore/odkrycia?mapa=spolecznosc 0 pinezek
[2026-09-05 17:40:09] pola odkryć               100 ms  /ridemore/odkrycia?mapa=spolecznosc 824 pól
[2026-09-05 17:40:09] rysowanie pól              12 ms  /ridemore/odkrycia?mapa=spolecznosc 824 pól
[2026-09-05 17:40:09] podkład mapy              145 ms  /ridemore/odkrycia?mapa=spolecznosc 24/24 kafli
[2026-09-05 17:40:09] znane trasy                520 ms  /ridemore/odkrycia?mapa=spolecznosc 36/39 kafli
[2026-09-05 17:40:09] skarby w kadrze             63 ms  /ridemore/odkrycia?mapa=spolecznosc 0 pinezek
[2026-09-05 17:40:09] pola odkryć                65 ms  /ridemore/odkrycia?mapa=spolecznosc 824 pól
[2026-09-05 17:40:09] rysowanie pól               7 ms  /ridemore/odkrycia?mapa=spolecznosc 824 pól
[2026-09-05 17:40:09] ślady przejazdów         606 ms  /ridemore/odkrycia?mapa=spolecznosc 27/39 kafli
[2026-09-05 17:40:09] cykl mapy                  610 ms  /ridemore/odkrycia?mapa=spolecznosc 10 zadań
[2026-09-05 17:40:19] podkład mapy              259 ms  /ridemore/odkrycia?mapa=spolecznosc 24/24 kafli
[2026-09-05 17:40:19] znane trasy                258 ms  /ridemore/odkrycia?mapa=spolecznosc 24/24 kafli
[2026-09-05 17:40:19] ślady przejazdów         255 ms  /ridemore/odkrycia?mapa=spolecznosc 24/24 kafli
[2026-09-05 17:40:19] skarby w kadrze            266 ms  /ridemore/odkrycia?mapa=spolecznosc 32 pinezek
[2026-09-05 17:40:19] pola odkryć               244 ms  /ridemore/odkrycia?mapa=spolecznosc 81 pól
[2026-09-05 17:40:19] rysowanie pól               4 ms  /ridemore/odkrycia?mapa=spolecznosc 81 pól
[2026-09-05 17:40:19] cykl mapy                  288 ms  /ridemore/odkrycia?mapa=spolecznosc 7 zadań
[2026-09-05 17:41:07] ślad przejazdu             23 ms  /ridemore/odkrycia?mapa=spolecznosc bez geometrii
[2026-09-05 17:41:07] cykl mapy                   23 ms  /ridemore/odkrycia?mapa=spolecznosc 1 zadań
[2026-09-05 17:41:19] pola odkryć                53 ms  /ridemore/odkrycia?mapa=spolecznosc 78 pól
[2026-09-05 17:41:19] rysowanie pól               2 ms  /ridemore/odkrycia?mapa=spolecznosc 78 pól
[2026-09-05 17:41:19] skarby w kadrze             72 ms  /ridemore/odkrycia?mapa=spolecznosc 7 pinezek
[2026-09-05 17:41:19] podkład mapy               94 ms  /ridemore/odkrycia?mapa=spolecznosc 24/24 kafli
[2026-09-05 17:41:19] znane trasy                385 ms  /ridemore/odkrycia?mapa=spolecznosc 24/24 kafli
[2026-09-05 17:41:19] pola odkryć               245 ms  /ridemore/odkrycia?mapa=spolecznosc 78 pól
[2026-09-05 17:41:19] rysowanie pól               2 ms  /ridemore/odkrycia?mapa=spolecznosc 78 pól
[2026-09-05 17:41:19] skarby w kadrze            255 ms  /ridemore/odkrycia?mapa=spolecznosc 7 pinezek
[2026-09-05 17:41:19] ślady przejazdów         526 ms  /ridemore/odkrycia?mapa=spolecznosc 24/24 kafli
[2026-09-05 17:41:19] cykl mapy                  530 ms  /ridemore/odkrycia?mapa=spolecznosc 9 zadań
[2026-09-05 17:41:19] podkład mapy               28 ms  /ridemore/odkrycia?mapa=spolecznosc 9/9 kafli
[2026-09-05 17:41:19] cykl mapy                   28 ms  /ridemore/odkrycia?mapa=spolecznosc 1 zadań
[2026-09-05 17:41:19] skarby w kadrze             30 ms  /ridemore/odkrycia?mapa=spolecznosc 12 pinezek
[2026-09-05 17:41:19] pola odkryć                35 ms  /ridemore/odkrycia?mapa=spolecznosc 127 pól
[2026-09-05 17:41:19] rysowanie pól               2 ms  /ridemore/odkrycia?mapa=spolecznosc 127 pól
[2026-09-05 17:41:19] znane trasy                146 ms  /ridemore/odkrycia?mapa=spolecznosc 9/9 kafli
[2026-09-05 17:41:19] ślady przejazdów         279 ms  /ridemore/odkrycia?mapa=spolecznosc 9/9 kafli
[2026-09-05 17:41:19] cykl mapy                  280 ms  /ridemore/odkrycia?mapa=spolecznosc 5 zadań
[2026-09-05 17:41:19] pola odkryć                51 ms  /ridemore/odkrycia?mapa=spolecznosc 173 pól
[2026-09-05 17:41:19] rysowanie pól               3 ms  /ridemore/odkrycia?mapa=spolecznosc 173 pól
[2026-09-05 17:41:19] skarby w kadrze             64 ms  /ridemore/odkrycia?mapa=spolecznosc 3 pinezek
[2026-09-05 17:41:19] skarby w kadrze            108 ms  /ridemore/odkrycia?mapa=spolecznosc 3 pinezek
[2026-09-05 17:41:19] pola odkryć               112 ms  /ridemore/odkrycia?mapa=spolecznosc 173 pól
[2026-09-05 17:41:19] rysowanie pól               5 ms  /ridemore/odkrycia?mapa=spolecznosc 173 pól
[2026-09-05 17:41:19] ślady przejazdów         385 ms  /ridemore/odkrycia?mapa=spolecznosc 4/28 kafli
[2026-09-05 17:41:19] podkład mapy              439 ms  /ridemore/odkrycia?mapa=spolecznosc 9/27 kafli
[2026-09-05 17:41:19] pola odkryć                57 ms  /ridemore/odkrycia?mapa=spolecznosc 19 pól
[2026-09-05 17:41:19] rysowanie pól               5 ms  /ridemore/odkrycia?mapa=spolecznosc 19 pól
[2026-09-05 17:41:19] skarby w kadrze             67 ms  /ridemore/odkrycia?mapa=spolecznosc 1 pinezek
[2026-09-05 17:41:19] podkład mapy              210 ms  /ridemore/odkrycia?mapa=spolecznosc 18/18 kafli
[2026-09-05 17:41:19] znane trasy                954 ms  /ridemore/odkrycia?mapa=spolecznosc 40/42 kafli
[2026-09-05 17:41:19] ślady przejazdów         460 ms  /ridemore/odkrycia?mapa=spolecznosc 7/19 kafli
[2026-09-05 17:41:19] pola odkryć               245 ms  /ridemore/odkrycia?mapa=spolecznosc 19 pól
[2026-09-05 17:41:19] rysowanie pól               1 ms  /ridemore/odkrycia?mapa=spolecznosc 19 pól
[2026-09-05 17:41:19] skarby w kadrze            250 ms  /ridemore/odkrycia?mapa=spolecznosc 1 pinezek
[2026-09-05 17:41:19] cykl mapy                1 097 ms  /ridemore/odkrycia?mapa=spolecznosc 17 zadań
[2026-09-05 17:41:19] pola odkryć                36 ms  /ridemore/odkrycia?mapa=spolecznosc 8 pól
[2026-09-05 17:41:19] rysowanie pól               1 ms  /ridemore/odkrycia?mapa=spolecznosc 8 pól
[2026-09-05 17:41:19] skarby w kadrze             38 ms  /ridemore/odkrycia?mapa=spolecznosc 1 pinezek
[2026-09-05 17:41:19] podkład mapy              265 ms  /ridemore/odkrycia?mapa=spolecznosc 18/18 kafli
[2026-09-05 17:41:19] znane trasy                291 ms  /ridemore/odkrycia?mapa=spolecznosc 18/18 kafli
[2026-09-05 17:41:19] pola odkryć               236 ms  /ridemore/odkrycia?mapa=spolecznosc 8 pól
[2026-09-05 17:41:19] rysowanie pól               1 ms  /ridemore/odkrycia?mapa=spolecznosc 8 pól
[2026-09-05 17:41:19] skarby w kadrze            237 ms  /ridemore/odkrycia?mapa=spolecznosc 1 pinezek
[2026-09-05 17:41:19] ślady przejazdów         504 ms  /ridemore/odkrycia?mapa=spolecznosc 18/18 kafli
[2026-09-05 17:41:19] cykl mapy                  509 ms  /ridemore/odkrycia?mapa=spolecznosc 9 zadań
[2026-09-05 17:41:23] skarby w kadrze             55 ms  /ridemore/odkrycia?mapa=spolecznosc 1 pinezek
[2026-09-05 17:41:23] pola odkryć                70 ms  /ridemore/odkrycia?mapa=spolecznosc 8 pól
[2026-09-05 17:41:23] rysowanie pól               1 ms  /ridemore/odkrycia?mapa=spolecznosc 8 pól
[2026-09-05 17:41:23] cykl mapy                   71 ms  /ridemore/odkrycia?mapa=spolecznosc 3 zadań
[2026-09-05 17:43:02] podkład mapy               39 ms  /ridemore/odkrycia/podglad-gra 21/21 kafli
[2026-09-05 17:43:02] skarby w kadrze             38 ms  /ridemore/odkrycia/podglad-gra 23 pinezek
[2026-09-05 17:43:02] trasy ukończone           562 ms  /ridemore/odkrycia/podglad-gra 21/21 kafli
[2026-09-05 17:43:02] trasy nieukończone        972 ms  /ridemore/odkrycia/podglad-gra 21/21 kafli
[2026-09-05 17:43:02] pola odkryć                40 ms  /ridemore/odkrycia/podglad-gra 0 pól
[2026-09-05 17:43:02] rysowanie pól               1 ms  /ridemore/odkrycia/podglad-gra 0 pól
[2026-09-05 17:43:02] skarby w kadrze             54 ms  /ridemore/odkrycia/podglad-gra 23 pinezek
[2026-09-05 17:43:02] ślady przejazdów       1 463 ms  /ridemore/odkrycia/podglad-gra 21/21 kafli
[2026-09-05 17:43:02] cykl mapy                1 468 ms  /ridemore/odkrycia/podglad-gra 8 zadań
[2026-09-05 17:43:17] skarby w kadrze             22 ms  /ridemore/odkrycia/podglad-gra 13 pinezek
[2026-09-05 17:43:17] podkład mapy               52 ms  /ridemore/odkrycia/podglad-gra 18/18 kafli
[2026-09-05 17:43:17] pola odkryć                38 ms  /ridemore/odkrycia/podglad-gra 0 pól
[2026-09-05 17:43:17] rysowanie pól               1 ms  /ridemore/odkrycia/podglad-gra 0 pól
[2026-09-05 17:43:17] pola odkryć               123 ms  /ridemore/odkrycia/podglad-gra 0 pól
[2026-09-05 17:43:17] rysowanie pól               1 ms  /ridemore/odkrycia/podglad-gra 0 pól
[2026-09-05 17:43:17] skarby w kadrze            125 ms  /ridemore/odkrycia/podglad-gra 13 pinezek
[2026-09-05 17:43:17] trasy ukończone           472 ms  /ridemore/odkrycia/podglad-gra 18/18 kafli
[2026-09-05 17:43:17] trasy nieukończone        875 ms  /ridemore/odkrycia/podglad-gra 18/18 kafli
[2026-09-05 17:43:17] ślady przejazdów       1 221 ms  /ridemore/odkrycia/podglad-gra 18/18 kafli
[2026-09-05 17:43:17] cykl mapy                1 234 ms  /ridemore/odkrycia/podglad-gra 10 zadań
[2026-09-05 17:44:09] podkład mapy              244 ms  /ridemore/odkrycia?mapa=spolecznosc 24/24 kafli
[2026-09-05 17:44:09] znane trasy                243 ms  /ridemore/odkrycia?mapa=spolecznosc 24/24 kafli
[2026-09-05 17:44:09] ślady przejazdów         253 ms  /ridemore/odkrycia?mapa=spolecznosc 24/24 kafli
[2026-09-05 17:44:09] skarby w kadrze            263 ms  /ridemore/odkrycia?mapa=spolecznosc 32 pinezek
[2026-09-05 17:44:09] pola odkryć               263 ms  /ridemore/odkrycia?mapa=spolecznosc 81 pól
[2026-09-05 17:44:09] rysowanie pól               8 ms  /ridemore/odkrycia?mapa=spolecznosc 81 pól
[2026-09-05 17:44:09] cykl mapy                  307 ms  /ridemore/odkrycia?mapa=spolecznosc 7 zadań
[2026-09-05 17:44:30] pola odkryć                53 ms  /ridemore/odkrycia?mapa=spolecznosc 81 pól
[2026-09-05 17:44:30] rysowanie pól               2 ms  /ridemore/odkrycia?mapa=spolecznosc 81 pól
[2026-09-05 17:44:30] skarby w kadrze             57 ms  /ridemore/odkrycia?mapa=spolecznosc 32 pinezek
[2026-09-05 17:44:30] cykl mapy                   58 ms  /ridemore/odkrycia?mapa=spolecznosc 3 zadań
[2026-09-05 17:46:55] podkład mapy               53 ms  /ridemore/odkrycia?mapa=spolecznosc 8/8 kafli
[2026-09-05 17:46:55] znane trasy                130 ms  /ridemore/odkrycia?mapa=spolecznosc 8/8 kafli
[2026-09-05 17:46:55] ślady przejazdów         212 ms  /ridemore/odkrycia?mapa=spolecznosc 8/8 kafli
[2026-09-05 17:46:55] cykl mapy                  223 ms  /ridemore/odkrycia?mapa=spolecznosc 3 zadań
[2026-09-05 17:46:55] skarby w kadrze             40 ms  /ridemore/odkrycia?mapa=spolecznosc 36 pinezek
[2026-09-05 17:46:55] pola odkryć                63 ms  /ridemore/odkrycia?mapa=spolecznosc 15 pól
[2026-09-05 17:46:55] rysowanie pól              13 ms  /ridemore/odkrycia?mapa=spolecznosc 15 pól
[2026-09-05 17:46:55] znane trasy                290 ms  /ridemore/odkrycia?mapa=spolecznosc 16/16 kafli
[2026-09-05 17:46:55] podkład mapy              313 ms  /ridemore/odkrycia?mapa=spolecznosc 16/16 kafli
[2026-09-05 17:46:55] pola odkryć               221 ms  /ridemore/odkrycia?mapa=spolecznosc 15 pól
[2026-09-05 17:46:55] rysowanie pól              12 ms  /ridemore/odkrycia?mapa=spolecznosc 15 pól
[2026-09-05 17:46:55] ślady przejazdów         499 ms  /ridemore/odkrycia?mapa=spolecznosc 16/16 kafli
[2026-09-05 17:46:55] skarby w kadrze            237 ms  /ridemore/odkrycia?mapa=spolecznosc 36 pinezek
[2026-09-05 17:46:55] cykl mapy                  509 ms  /ridemore/odkrycia?mapa=spolecznosc 9 zadań
[2026-09-05 18:31:19] trasy ukończone           328 ms  /ridemore/odkrycia           24/24 kafli
[2026-09-05 18:31:19] trasy nieukończone        362 ms  /ridemore/odkrycia           24/24 kafli
[2026-09-05 18:31:19] skarby w kadrze            350 ms  /ridemore/odkrycia           32 pinezek
[2026-09-05 18:31:19] podkład mapy              551 ms  /ridemore/odkrycia           24/24 kafli
[2026-09-05 18:31:19] pola odkryć               568 ms  /ridemore/odkrycia           81 pól
[2026-09-05 18:31:19] rysowanie pól               4 ms  /ridemore/odkrycia           81 pól
[2026-09-05 18:31:19] ślady przejazdów         774 ms  /ridemore/odkrycia           24/24 kafli
[2026-09-05 18:31:19] cykl mapy                  790 ms  /ridemore/odkrycia           8 zadań
[2026-09-05 18:32:34] skarby w kadrze            230 ms  /ridemore/odkrycia           12 pinezek
[2026-09-05 18:32:34] podkład mapy              522 ms  /ridemore/odkrycia           18/38 kafli
[2026-09-05 18:32:34] pola odkryć               247 ms  /ridemore/odkrycia           15 pól
[2026-09-05 18:32:34] rysowanie pól               1 ms  /ridemore/odkrycia           15 pól
[2026-09-05 18:32:34] trasy ukończone           665 ms  /ridemore/odkrycia           29/38 kafli
[2026-09-05 18:32:34] trasy nieukończone        800 ms  /ridemore/odkrycia           18/38 kafli
[2026-09-05 18:32:34] skarby w kadrze            590 ms  /ridemore/odkrycia           12 pinezek
[2026-09-05 18:32:34] ślady przejazdów       1 121 ms  /ridemore/odkrycia           18/38 kafli
[2026-09-05 18:32:34] pola odkryć               613 ms  /ridemore/odkrycia           15 pól
[2026-09-05 18:32:34] rysowanie pól               1 ms  /ridemore/odkrycia           15 pól
[2026-09-05 18:32:34] cykl mapy                1 142 ms  /ridemore/odkrycia           10 zadań
[2026-09-05 18:37:59] podkład mapy               37 ms  /ridemore/odkrycia           17/17 kafli
[2026-09-05 18:37:59] skarby w kadrze             36 ms  /ridemore/odkrycia           23 pinezek
[2026-09-05 18:37:59] trasy ukończone           385 ms  /ridemore/odkrycia           17/17 kafli
[2026-09-05 18:37:59] trasy nieukończone        709 ms  /ridemore/odkrycia           17/17 kafli
[2026-09-05 18:37:59] ślady przejazdów         970 ms  /ridemore/odkrycia           17/17 kafli
[2026-09-05 18:37:59] cykl mapy                  976 ms  /ridemore/odkrycia           5 zadań
[2026-09-05 18:37:59] skarby w kadrze             21 ms  /ridemore/odkrycia           23 pinezek
[2026-09-05 18:37:59] pola odkryć                40 ms  /ridemore/odkrycia           0 pól
[2026-09-05 18:37:59] rysowanie pól               1 ms  /ridemore/odkrycia           0 pól
[2026-09-05 18:37:59] cykl mapy                   41 ms  /ridemore/odkrycia           3 zadań
[2026-09-05 18:38:04] podkład mapy               53 ms  /ridemore/odkrycia           15/15 kafli
[2026-09-05 18:38:04] skarby w kadrze             39 ms  /ridemore/odkrycia           7 pinezek
[2026-09-05 18:38:04] pola odkryć                44 ms  /ridemore/odkrycia           0 pól
[2026-09-05 18:38:04] rysowanie pól               1 ms  /ridemore/odkrycia           0 pól
[2026-09-05 18:38:04] trasy ukończone           346 ms  /ridemore/odkrycia           15/15 kafli
[2026-09-05 18:38:04] pola odkryć                84 ms  /ridemore/odkrycia           0 pól
[2026-09-05 18:38:04] rysowanie pól               0 ms  /ridemore/odkrycia           0 pól
[2026-09-05 18:38:04] skarby w kadrze            108 ms  /ridemore/odkrycia           7 pinezek
[2026-09-05 18:38:04] trasy nieukończone        713 ms  /ridemore/odkrycia           15/15 kafli
[2026-09-05 18:38:04] ślady przejazdów       1 045 ms  /ridemore/odkrycia           15/15 kafli
[2026-09-05 18:38:04] cykl mapy                1 056 ms  /ridemore/odkrycia           10 zadań
[2026-09-05 18:40:03] trasy ukończone           303 ms  /ridemore/odkrycia           24/24 kafli
[2026-09-05 18:40:03] trasy nieukończone        317 ms  /ridemore/odkrycia           24/24 kafli
[2026-09-05 18:40:03] podkład mapy              330 ms  /ridemore/odkrycia           24/24 kafli
[2026-09-05 18:40:03] skarby w kadrze            408 ms  /ridemore/odkrycia           32 pinezek
[2026-09-05 18:40:03] ślady przejazdów         827 ms  /ridemore/odkrycia           24/24 kafli
[2026-09-05 18:40:03] pola odkryć               818 ms  /ridemore/odkrycia           81 pól
[2026-09-05 18:40:03] rysowanie pól               3 ms  /ridemore/odkrycia           81 pól
[2026-09-05 18:40:03] cykl mapy                  860 ms  /ridemore/odkrycia           8 zadań
[2026-09-05 18:40:08] skarby w kadrze             33 ms  /ridemore/odkrycia           22 pinezek
[2026-09-05 18:40:08] pola odkryć                57 ms  /ridemore/odkrycia           81 pól
[2026-09-05 18:40:08] rysowanie pól               1 ms  /ridemore/odkrycia           81 pól
[2026-09-05 18:40:08] cykl mapy                   58 ms  /ridemore/odkrycia           3 zadań
[2026-09-05 18:40:08] skarby w kadrze             24 ms  /ridemore/odkrycia           22 pinezek
[2026-09-05 18:40:08] pola odkryć                46 ms  /ridemore/odkrycia           81 pól
[2026-09-05 18:40:08] rysowanie pól               2 ms  /ridemore/odkrycia           81 pól
[2026-09-05 18:40:08] cykl mapy                   48 ms  /ridemore/odkrycia           3 zadań
[2026-09-05 18:40:34] skarby w kadrze             59 ms  /ridemore/odkrycia/podglad-gra 5 pinezek
[2026-09-05 18:40:34] pola odkryć                69 ms  /ridemore/odkrycia/podglad-gra 363 pól
[2026-09-05 18:40:34] rysowanie pól               9 ms  /ridemore/odkrycia/podglad-gra 363 pól
[2026-09-05 18:40:34] podkład mapy              324 ms  /ridemore/odkrycia/podglad-gra 24/24 kafli
[2026-09-05 18:40:34] trasy nieukończone        665 ms  /ridemore/odkrycia/podglad-gra 4/28 kafli
[2026-09-05 18:40:34] skarby w kadrze            472 ms  /ridemore/odkrycia/podglad-gra 5 pinezek
[2026-09-05 18:40:34] ślady przejazdów         730 ms  /ridemore/odkrycia/podglad-gra 4/28 kafli
[2026-09-05 18:40:34] pola odkryć               493 ms  /ridemore/odkrycia/podglad-gra 363 pól
[2026-09-05 18:40:34] rysowanie pól               8 ms  /ridemore/odkrycia/podglad-gra 363 pól
[2026-09-05 18:40:34] skarby w kadrze             61 ms  /ridemore/odkrycia/podglad-gra 0 pinezek
[2026-09-05 18:40:34] pola odkryć                64 ms  /ridemore/odkrycia/podglad-gra 373 pól
[2026-09-05 18:40:34] rysowanie pól               4 ms  /ridemore/odkrycia/podglad-gra 373 pól
[2026-09-05 18:40:34] podkład mapy              196 ms  /ridemore/odkrycia/podglad-gra 24/24 kafli
[2026-09-05 18:40:34] trasy ukończone         1 528 ms  /ridemore/odkrycia/podglad-gra 46/48 kafli
[2026-09-05 18:40:34] skarby w kadrze            784 ms  /ridemore/odkrycia/podglad-gra 0 pinezek
[2026-09-05 18:40:34] pola odkryć               801 ms  /ridemore/odkrycia/podglad-gra 373 pól
[2026-09-05 18:40:34] rysowanie pól              17 ms  /ridemore/odkrycia/podglad-gra 373 pól
[2026-09-05 18:40:34] podkład mapy              205 ms  /ridemore/odkrycia/podglad-gra 24/24 kafli
[2026-09-05 18:40:34] trasy nieukończone      1 471 ms  /ridemore/odkrycia/podglad-gra 11/52 kafli
[2026-09-05 18:40:34] pola odkryć                87 ms  /ridemore/odkrycia/podglad-gra 21 pól
[2026-09-05 18:40:34] rysowanie pól               2 ms  /ridemore/odkrycia/podglad-gra 21 pól
[2026-09-05 18:40:34] skarby w kadrze             89 ms  /ridemore/odkrycia/podglad-gra 0 pinezek
[2026-09-05 18:40:34] podkład mapy              151 ms  /ridemore/odkrycia/podglad-gra 18/18 kafli
[2026-09-05 18:40:34] trasy ukończone         1 088 ms  /ridemore/odkrycia/podglad-gra 22/42 kafli
[2026-09-05 18:40:34] trasy nieukończone      1 020 ms  /ridemore/odkrycia/podglad-gra 18/18 kafli
[2026-09-05 18:40:34] pola odkryć             1 075 ms  /ridemore/odkrycia/podglad-gra 21 pól
[2026-09-05 18:40:34] rysowanie pól               1 ms  /ridemore/odkrycia/podglad-gra 21 pól
[2026-09-05 18:40:34] skarby w kadrze          1 090 ms  /ridemore/odkrycia/podglad-gra 0 pinezek
[2026-09-05 18:40:34] ślady przejazdów       2 855 ms  /ridemore/odkrycia/podglad-gra 20/70 kafli
[2026-09-05 18:40:34] cykl mapy                3 692 ms  /ridemore/odkrycia/podglad-gra 31 zadań
[2026-09-05 18:40:48] trasy ukończone           211 ms  /ridemore/odkrycia           24/24 kafli
[2026-09-05 18:40:48] trasy nieukończone        214 ms  /ridemore/odkrycia           24/24 kafli
[2026-09-05 18:40:48] podkład mapy              221 ms  /ridemore/odkrycia           24/24 kafli
[2026-09-05 18:40:48] skarby w kadrze            224 ms  /ridemore/odkrycia           32 pinezek
[2026-09-05 18:40:48] ślady przejazdów         608 ms  /ridemore/odkrycia           24/24 kafli
[2026-09-05 18:40:48] pola odkryć               601 ms  /ridemore/odkrycia           81 pól
[2026-09-05 18:40:48] rysowanie pól               3 ms  /ridemore/odkrycia           81 pól
[2026-09-05 18:40:48] cykl mapy                  637 ms  /ridemore/odkrycia           8 zadań
[2026-09-05 18:49:14] podkład mapy              220 ms  /ridemore/odkrycia           24/24 kafli
[2026-09-05 18:49:14] trasy ukończone           228 ms  /ridemore/odkrycia           24/24 kafli
[2026-09-05 18:49:14] trasy nieukończone        229 ms  /ridemore/odkrycia           24/24 kafli
[2026-09-05 18:49:14] skarby w kadrze            258 ms  /ridemore/odkrycia           32 pinezek
[2026-09-05 18:49:14] ślady przejazdów         635 ms  /ridemore/odkrycia           24/24 kafli
[2026-09-05 18:49:14] pola odkryć               625 ms  /ridemore/odkrycia           81 pól
[2026-09-05 18:49:14] rysowanie pól               3 ms  /ridemore/odkrycia           81 pól
[2026-09-05 18:49:14] cykl mapy                  681 ms  /ridemore/odkrycia           8 zadań
[2026-09-05 18:49:29] podkład mapy              173 ms  /ridemore/trasy/jhjh-aqua-velo 24/24 kafli
[2026-09-05 18:49:29] znane trasy                205 ms  /ridemore/trasy/jhjh-aqua-velo 24/24 kafli
[2026-09-05 18:49:29] skarby w kadrze            212 ms  /ridemore/trasy/jhjh-aqua-velo 9 pinezek
[2026-09-05 18:49:29] ślady przejazdów         224 ms  /ridemore/trasy/jhjh-aqua-velo 24/24 kafli
[2026-09-05 18:49:29] pola odkryć               225 ms  /ridemore/trasy/jhjh-aqua-velo 47 pól
[2026-09-05 18:49:29] rysowanie pól               2 ms  /ridemore/trasy/jhjh-aqua-velo 47 pól
[2026-09-05 18:49:29] cykl mapy                  261 ms  /ridemore/trasy/jhjh-aqua-velo 7 zadań
[2026-09-05 18:49:56] trasy ukończone           284 ms  /ridemore/odkrycia           24/24 kafli
[2026-09-05 18:49:56] podkład mapy              293 ms  /ridemore/odkrycia           24/24 kafli
[2026-09-05 18:49:56] trasy nieukończone        290 ms  /ridemore/odkrycia           24/24 kafli
[2026-09-05 18:49:56] skarby w kadrze            323 ms  /ridemore/odkrycia           32 pinezek
[2026-09-05 18:49:56] ślady przejazdów         660 ms  /ridemore/odkrycia           24/24 kafli
[2026-09-05 18:49:56] pola odkryć               644 ms  /ridemore/odkrycia           81 pól
[2026-09-05 18:49:56] rysowanie pól               2 ms  /ridemore/odkrycia           81 pól
[2026-09-05 18:49:56] cykl mapy                  691 ms  /ridemore/odkrycia           8 zadań
[2026-09-05 18:51:10] skarby w kadrze             38 ms  /ridemore/odkrycia           23 pinezek
[2026-09-05 18:51:10] podkład mapy               51 ms  /ridemore/odkrycia           17/17 kafli
[2026-09-05 18:51:10] trasy ukończone           348 ms  /ridemore/odkrycia           17/17 kafli
[2026-09-05 18:51:10] trasy nieukończone        719 ms  /ridemore/odkrycia           17/17 kafli
[2026-09-05 18:51:10] ślady przejazdów         976 ms  /ridemore/odkrycia           17/17 kafli
[2026-09-05 18:51:10] cykl mapy                  982 ms  /ridemore/odkrycia           5 zadań
[2026-09-05 18:51:10] skarby w kadrze             20 ms  /ridemore/odkrycia           23 pinezek
[2026-09-05 18:51:10] pola odkryć                25 ms  /ridemore/odkrycia           0 pól
[2026-09-05 18:51:10] rysowanie pól               0 ms  /ridemore/odkrycia           0 pól
[2026-09-05 18:51:10] cykl mapy                   25 ms  /ridemore/odkrycia           3 zadań
[2026-09-05 18:51:16] skarby w kadrze             18 ms  /ridemore/odkrycia           7 pinezek
[2026-09-05 18:51:16] podkład mapy               32 ms  /ridemore/odkrycia           15/15 kafli
[2026-09-05 18:51:16] pola odkryć                27 ms  /ridemore/odkrycia           0 pól
[2026-09-05 18:51:16] rysowanie pól               0 ms  /ridemore/odkrycia           0 pól
[2026-09-05 18:51:16] pola odkryć               139 ms  /ridemore/odkrycia           0 pól
[2026-09-05 18:51:16] rysowanie pól               0 ms  /ridemore/odkrycia           0 pól
[2026-09-05 18:51:16] skarby w kadrze            145 ms  /ridemore/odkrycia           7 pinezek
[2026-09-05 18:51:16] trasy ukończone           459 ms  /ridemore/odkrycia           15/15 kafli
[2026-09-05 18:51:16] trasy nieukończone        775 ms  /ridemore/odkrycia           15/15 kafli
[2026-09-05 18:51:16] ślady przejazdów       1 161 ms  /ridemore/odkrycia           15/15 kafli
[2026-09-05 18:51:16] cykl mapy                1 166 ms  /ridemore/odkrycia           10 zadań
[2026-09-05 18:53:28] pola odkryć                39 ms  /ridemore/odkrycia           80 pól
[2026-09-05 18:53:28] rysowanie pól               4 ms  /ridemore/odkrycia           80 pól
[2026-09-05 18:53:28] podkład mapy               84 ms  /ridemore/odkrycia           18/18 kafli
[2026-09-05 18:53:28] trasy ukończone            83 ms  /ridemore/odkrycia           18/18 kafli
[2026-09-05 18:53:28] trasy nieukończone         83 ms  /ridemore/odkrycia           18/18 kafli
[2026-09-05 18:53:28] skarby w kadrze             90 ms  /ridemore/odkrycia           6 pinezek
[2026-09-05 18:53:28] skarby w kadrze            150 ms  /ridemore/odkrycia           6 pinezek
[2026-09-05 18:53:28] pola odkryć               157 ms  /ridemore/odkrycia           80 pól
[2026-09-05 18:53:28] rysowanie pól               2 ms  /ridemore/odkrycia           80 pól
[2026-09-05 18:53:28] ślady przejazdów         426 ms  /ridemore/odkrycia           18/18 kafli
[2026-09-05 18:53:28] cykl mapy                  432 ms  /ridemore/odkrycia           10 zadań
[2026-09-05 18:54:06] podkład mapy              220 ms  /ridemore/odkrycia           24/24 kafli
[2026-09-05 18:54:06] trasy ukończone           221 ms  /ridemore/odkrycia           24/24 kafli
[2026-09-05 18:54:06] trasy nieukończone        225 ms  /ridemore/odkrycia           24/24 kafli
[2026-09-05 18:54:06] skarby w kadrze            256 ms  /ridemore/odkrycia           32 pinezek
[2026-09-05 18:54:06] pola odkryć               261 ms  /ridemore/odkrycia           81 pól
[2026-09-05 18:54:06] rysowanie pól               4 ms  /ridemore/odkrycia           81 pól
[2026-09-05 18:54:06] ślady przejazdów         643 ms  /ridemore/odkrycia           24/24 kafli
[2026-09-05 18:54:06] cykl mapy                  653 ms  /ridemore/odkrycia           8 zadań
[2026-09-05 18:54:53] podkład mapy              129 ms  /ridemore/trasy/jhjh-aqua-velo 24/24 kafli
[2026-09-05 18:54:53] znane trasy                128 ms  /ridemore/trasy/jhjh-aqua-velo 24/24 kafli
[2026-09-05 18:54:53] ślady przejazdów         139 ms  /ridemore/trasy/jhjh-aqua-velo 24/24 kafli
[2026-09-05 18:54:53] pola odkryć               199 ms  /ridemore/trasy/jhjh-aqua-velo 47 pól
[2026-09-05 18:54:53] rysowanie pól               2 ms  /ridemore/trasy/jhjh-aqua-velo 47 pól
[2026-09-05 18:54:53] skarby w kadrze            216 ms  /ridemore/trasy/jhjh-aqua-velo 9 pinezek
[2026-09-05 18:54:53] cykl mapy                  223 ms  /ridemore/trasy/jhjh-aqua-velo 7 zadań
[2026-09-05 18:54:58] skarby w kadrze             49 ms  /ridemore/trasy/jhjh-aqua-velo 1 pinezek
[2026-09-05 18:54:58] pola odkryć                51 ms  /ridemore/trasy/jhjh-aqua-velo 60 pól
[2026-09-05 18:54:58] rysowanie pól               2 ms  /ridemore/trasy/jhjh-aqua-velo 60 pól
[2026-09-05 18:54:58] znane trasy                307 ms  /ridemore/trasy/jhjh-aqua-velo 24/24 kafli
[2026-09-05 18:54:58] podkład mapy              312 ms  /ridemore/trasy/jhjh-aqua-velo 24/24 kafli
[2026-09-05 18:54:58] pola odkryć               238 ms  /ridemore/trasy/jhjh-aqua-velo 60 pól
[2026-09-05 18:54:58] rysowanie pól               1 ms  /ridemore/trasy/jhjh-aqua-velo 60 pól
[2026-09-05 18:54:58] skarby w kadrze            241 ms  /ridemore/trasy/jhjh-aqua-velo 1 pinezek
[2026-09-05 18:54:58] ślady przejazdów         534 ms  /ridemore/trasy/jhjh-aqua-velo 24/24 kafli
[2026-09-05 18:54:58] cykl mapy                  537 ms  /ridemore/trasy/jhjh-aqua-velo 9 zadań
[2026-09-05 18:54:58] podkład mapy              157 ms  /ridemore/trasy/jhjh-aqua-velo 21/21 kafli
[2026-09-05 18:54:58] znane trasy                388 ms  /ridemore/trasy/jhjh-aqua-velo 43/45 kafli
[2026-09-05 18:54:58] ślady przejazdów         384 ms  /ridemore/trasy/jhjh-aqua-velo 25/44 kafli
[2026-09-05 18:54:58] podkład mapy              126 ms  /ridemore/trasy/jhjh-aqua-velo 24/24 kafli
[2026-09-05 18:54:58] skarby w kadrze            126 ms  /ridemore/trasy/jhjh-aqua-velo 10 pinezek
[2026-09-05 18:54:58] pola odkryć               136 ms  /ridemore/trasy/jhjh-aqua-velo 47 pól
[2026-09-05 18:54:58] rysowanie pól               2 ms  /ridemore/trasy/jhjh-aqua-velo 47 pól
[2026-09-05 18:54:58] cykl mapy                  423 ms  /ridemore/trasy/jhjh-aqua-velo 7 zadań
[2026-09-05 18:54:58] pola odkryć                51 ms  /ridemore/trasy/jhjh-aqua-velo 47 pól
[2026-09-05 18:54:58] rysowanie pól               2 ms  /ridemore/trasy/jhjh-aqua-velo 47 pól
[2026-09-05 18:54:58] skarby w kadrze             57 ms  /ridemore/trasy/jhjh-aqua-velo 10 pinezek
[2026-09-05 18:54:58] cykl mapy                   57 ms  /ridemore/trasy/jhjh-aqua-velo 3 zadań
[2026-09-05 19:00:37] podkład mapy               52 ms  /ridemore/odkrycia?mapa=spolecznosc 18/30 kafli
[2026-09-05 19:00:37] znane trasy                 54 ms  /ridemore/odkrycia?mapa=spolecznosc 18/18 kafli
[2026-09-05 19:00:37] ślady przejazdów          89 ms  /ridemore/odkrycia?mapa=spolecznosc 18/18 kafli
[2026-09-05 19:00:37] cykl mapy                  102 ms  /ridemore/odkrycia?mapa=spolecznosc 3 zadań
[2026-09-05 19:00:37] skarby w kadrze             49 ms  /ridemore/odkrycia?mapa=spolecznosc 31 pinezek
[2026-09-05 19:00:37] pola odkryć                65 ms  /ridemore/odkrycia?mapa=spolecznosc 81 pól
[2026-09-05 19:00:37] rysowanie pól               3 ms  /ridemore/odkrycia?mapa=spolecznosc 81 pól
[2026-09-05 19:00:37] cykl mapy                   68 ms  /ridemore/odkrycia?mapa=spolecznosc 3 zadań
[2026-09-05 19:59:49] trasy ukończone           204 ms  /ridemore/odkrycia           24/24 kafli
[2026-09-05 19:59:49] trasy nieukończone        230 ms  /ridemore/odkrycia           24/24 kafli
[2026-09-05 19:59:49] skarby w kadrze            270 ms  /ridemore/odkrycia           32 pinezek
[2026-09-05 19:59:49] podkład mapy              513 ms  /ridemore/odkrycia           24/24 kafli
[2026-09-05 19:59:49] ślady przejazdów         677 ms  /ridemore/odkrycia           24/24 kafli
[2026-09-05 19:59:49] pola odkryć               648 ms  /ridemore/odkrycia           81 pól
[2026-09-05 19:59:49] rysowanie pól               2 ms  /ridemore/odkrycia           81 pól
[2026-09-05 19:59:49] cykl mapy                  703 ms  /ridemore/odkrycia           8 zadań
[2026-09-05 21:12:45] skarby w kadrze            134 ms  /ridemore/events/3-dniowa-petla-bieszczadzka 5 pinezek
[2026-09-05 21:12:45] pola odkryć               138 ms  /ridemore/events/3-dniowa-petla-bieszczadzka 63 pól
[2026-09-05 21:12:45] rysowanie pól              12 ms  /ridemore/events/3-dniowa-petla-bieszczadzka 63 pól
[2026-09-05 21:12:45] pola odkryć                35 ms  /ridemore/events/3-dniowa-petla-bieszczadzka 63 pól
[2026-09-05 21:12:45] rysowanie pól               5 ms  /ridemore/events/3-dniowa-petla-bieszczadzka 63 pól
[2026-09-05 21:12:45] znane trasy                304 ms  /ridemore/events/3-dniowa-petla-bieszczadzka 15/15 kafli
[2026-09-05 21:12:45] skarby w kadrze             60 ms  /ridemore/events/3-dniowa-petla-bieszczadzka 5 pinezek
[2026-09-05 21:12:45] podkład mapy              744 ms  /ridemore/events/3-dniowa-petla-bieszczadzka 15/15 kafli
[2026-09-05 21:12:45] cykl mapy                  753 ms  /ridemore/events/3-dniowa-petla-bieszczadzka 10 zadań
[2026-09-05 21:22:55] skarby w kadrze            144 ms  /ridemore/odkrycia           32 pinezek
[2026-09-05 21:22:55] trasy ukończone           188 ms  /ridemore/odkrycia           24/24 kafli
[2026-09-05 21:22:55] trasy nieukończone        213 ms  /ridemore/odkrycia           24/24 kafli
[2026-09-05 21:22:55] podkład mapy              407 ms  /ridemore/odkrycia           24/24 kafli
[2026-09-05 21:22:55] ślady przejazdów         627 ms  /ridemore/odkrycia           24/24 kafli
[2026-09-05 21:22:55] pola odkryć               603 ms  /ridemore/odkrycia           81 pól
[2026-09-05 21:22:55] rysowanie pól               3 ms  /ridemore/odkrycia           81 pól
[2026-09-05 21:22:55] cykl mapy                  641 ms  /ridemore/odkrycia           8 zadań
[2026-09-05 21:22:59] podkład mapy              146 ms  /ridemore/trasy/jhjh-aqua-velo 24/24 kafli
[2026-09-05 21:22:59] znane trasy                147 ms  /ridemore/trasy/jhjh-aqua-velo 24/24 kafli
[2026-09-05 21:22:59] ślady przejazdów         157 ms  /ridemore/trasy/jhjh-aqua-velo 24/24 kafli
[2026-09-05 21:22:59] skarby w kadrze            182 ms  /ridemore/trasy/jhjh-aqua-velo 9 pinezek
[2026-09-05 21:22:59] pola odkryć               176 ms  /ridemore/trasy/jhjh-aqua-velo 47 pól
[2026-09-05 21:22:59] rysowanie pól               2 ms  /ridemore/trasy/jhjh-aqua-velo 47 pól
[2026-09-05 21:22:59] cykl mapy                  196 ms  /ridemore/trasy/jhjh-aqua-velo 7 zadań
[2026-09-05 21:22:59] podkład mapy              188 ms  /ridemore/trasy/jhjh-aqua-velo 24/24 kafli
[2026-09-05 21:22:59] skarby w kadrze             94 ms  /ridemore/trasy/jhjh-aqua-velo 11 pinezek
[2026-09-05 21:22:59] pola odkryć               110 ms  /ridemore/trasy/jhjh-aqua-velo 30 pól
[2026-09-05 21:22:59] rysowanie pól               2 ms  /ridemore/trasy/jhjh-aqua-velo 30 pól
[2026-09-05 21:22:59] podkład mapy              161 ms  /ridemore/trasy/jhjh-aqua-velo 18/18 kafli
[2026-09-05 21:22:59] znane trasy                449 ms  /ridemore/trasy/jhjh-aqua-velo 30/42 kafli
[2026-09-05 21:22:59] pola odkryć               150 ms  /ridemore/trasy/jhjh-aqua-velo 30 pól
[2026-09-05 21:22:59] rysowanie pól               1 ms  /ridemore/trasy/jhjh-aqua-velo 30 pól
[2026-09-05 21:22:59] ślady przejazdów         688 ms  /ridemore/trasy/jhjh-aqua-velo 18/42 kafli
[2026-09-05 21:22:59] skarby w kadrze            164 ms  /ridemore/trasy/jhjh-aqua-velo 11 pinezek
[2026-09-05 21:22:59] cykl mapy                  695 ms  /ridemore/trasy/jhjh-aqua-velo 10 zadań
[2026-09-05 21:22:59] pola odkryć                33 ms  /ridemore/trasy/jhjh-aqua-velo 9 pól
[2026-09-05 21:22:59] rysowanie pól               1 ms  /ridemore/trasy/jhjh-aqua-velo 9 pól
[2026-09-05 21:22:59] skarby w kadrze             36 ms  /ridemore/trasy/jhjh-aqua-velo 1 pinezek
[2026-09-05 21:22:59] podkład mapy               82 ms  /ridemore/trasy/jhjh-aqua-velo 18/18 kafli
[2026-09-05 21:22:59] znane trasy                100 ms  /ridemore/trasy/jhjh-aqua-velo 18/18 kafli
[2026-09-05 21:22:59] ślady przejazdów         182 ms  /ridemore/trasy/jhjh-aqua-velo 18/18 kafli
[2026-09-05 21:22:59] cykl mapy                  185 ms  /ridemore/trasy/jhjh-aqua-velo 6 zadań
[2026-09-05 21:22:59] skarby w kadrze             45 ms  /ridemore/trasy/jhjh-aqua-velo 1 pinezek
[2026-09-05 21:22:59] pola odkryć                52 ms  /ridemore/trasy/jhjh-aqua-velo 9 pól
[2026-09-05 21:22:59] rysowanie pól               1 ms  /ridemore/trasy/jhjh-aqua-velo 9 pól
[2026-09-05 21:22:59] cykl mapy                   53 ms  /ridemore/trasy/jhjh-aqua-velo 3 zadań
[2026-09-05 21:22:59] podkład mapy                4 ms  /ridemore/trasy/jhjh-aqua-velo 6/6 kafli
[2026-09-05 21:22:59] cykl mapy                    4 ms  /ridemore/trasy/jhjh-aqua-velo 1 zadań
[2026-09-05 21:23:03] podkład mapy                3 ms  /ridemore/trasy/jhjh-aqua-velo 6/6 kafli
[2026-09-05 21:23:03] cykl mapy                    3 ms  /ridemore/trasy/jhjh-aqua-velo 1 zadań
[2026-09-05 21:23:03] znane trasy                 10 ms  /ridemore/trasy/jhjh-aqua-velo 12/12 kafli
[2026-09-05 21:23:03] ślady przejazdów          11 ms  /ridemore/trasy/jhjh-aqua-velo 12/12 kafli
[2026-09-05 21:23:03] skarby w kadrze             23 ms  /ridemore/trasy/jhjh-aqua-velo 9 pinezek
[2026-09-05 21:23:03] pola odkryć                29 ms  /ridemore/trasy/jhjh-aqua-velo 47 pól
[2026-09-05 21:23:03] rysowanie pól               1 ms  /ridemore/trasy/jhjh-aqua-velo 47 pól
[2026-09-05 21:23:03] cykl mapy                   32 ms  /ridemore/trasy/jhjh-aqua-velo 5 zadań
[2026-09-05 21:23:03] pola odkryć                19 ms  /ridemore/trasy/jhjh-aqua-velo 47 pól
[2026-09-05 21:23:03] rysowanie pól               1 ms  /ridemore/trasy/jhjh-aqua-velo 47 pól
[2026-09-05 21:23:03] skarby w kadrze             51 ms  /ridemore/trasy/jhjh-aqua-velo 10 pinezek
[2026-09-05 21:23:03] cykl mapy                   52 ms  /ridemore/trasy/jhjh-aqua-velo 3 zadań
[2026-09-05 21:24:03] podkład mapy               69 ms  /ridemore/odkrycia           16/16 kafli
[2026-09-05 21:24:03] znane trasy                 78 ms  /ridemore/odkrycia           16/16 kafli
[2026-09-05 21:24:03] skarby w kadrze             74 ms  /ridemore/odkrycia           29 pinezek
[2026-09-05 21:24:03] pola odkryć                64 ms  /ridemore/odkrycia           81 pól
[2026-09-05 21:24:03] rysowanie pól               5 ms  /ridemore/odkrycia           81 pól
[2026-09-05 21:24:03] ślady przejazdów         140 ms  /ridemore/odkrycia           16/16 kafli
[2026-09-05 21:24:03] cykl mapy                  151 ms  /ridemore/odkrycia           7 zadań
[2026-09-05 21:24:03] skarby w kadrze             33 ms  /ridemore/odkrycia           1 pinezek
[2026-09-05 21:24:03] pola odkryć                50 ms  /ridemore/odkrycia           366 pól
[2026-09-05 21:24:03] rysowanie pól               7 ms  /ridemore/odkrycia           366 pól
[2026-09-05 21:24:03] znane trasy                 69 ms  /ridemore/odkrycia           20/20 kafli
[2026-09-05 21:24:03] podkład mapy              429 ms  /ridemore/odkrycia           20/40 kafli
[2026-09-05 21:24:03] skarby w kadrze            273 ms  /ridemore/odkrycia           0 pinezek
[2026-09-05 21:24:03] pola odkryć               276 ms  /ridemore/odkrycia           168 pól
[2026-09-05 21:24:03] rysowanie pól              13 ms  /ridemore/odkrycia           168 pól
[2026-09-05 21:24:03] ślady przejazdów         552 ms  /ridemore/odkrycia           32/40 kafli
[2026-09-05 21:24:03] znane trasy                323 ms  /ridemore/odkrycia           20/20 kafli
[2026-09-05 21:24:03] cykl mapy                  559 ms  /ridemore/odkrycia           10 zadań
[2026-09-05 21:24:03] pola odkryć                24 ms  /ridemore/odkrycia           168 pól
[2026-09-05 21:24:03] rysowanie pól               5 ms  /ridemore/odkrycia           168 pól
[2026-09-05 21:24:03] skarby w kadrze             29 ms  /ridemore/odkrycia           0 pinezek
[2026-09-05 21:24:03] cykl mapy                   29 ms  /ridemore/odkrycia           3 zadań
[2026-09-05 22:23:30] pola odkryć                38 ms  /ridemore/odkrycia           125 pól
[2026-09-05 22:23:30] rysowanie pól               7 ms  /ridemore/odkrycia           125 pól
[2026-09-05 22:23:30] skarby w kadrze             51 ms  /ridemore/odkrycia           0 pinezek
[2026-09-05 22:23:30] cykl mapy                   52 ms  /ridemore/odkrycia           3 zadań
[2026-09-06 10:23:32] podkład mapy               94 ms  /ridemore/events/3-dniowa-petla-bieszczadzka 15/15 kafli
[2026-09-06 10:23:32] znane trasy                 95 ms  /ridemore/events/3-dniowa-petla-bieszczadzka 15/15 kafli
[2026-09-06 10:23:32] pola odkryć               104 ms  /ridemore/events/3-dniowa-petla-bieszczadzka 63 pól
[2026-09-06 10:23:32] rysowanie pól              12 ms  /ridemore/events/3-dniowa-petla-bieszczadzka 63 pól
[2026-09-06 10:23:32] skarby w kadrze            121 ms  /ridemore/events/3-dniowa-petla-bieszczadzka 5 pinezek
[2026-09-06 10:23:32] cykl mapy                  176 ms  /ridemore/events/3-dniowa-petla-bieszczadzka 7 zadań
[2026-09-06 10:23:32] pola odkryć                57 ms  /ridemore/events/3-dniowa-petla-bieszczadzka 63 pól
[2026-09-06 10:23:32] rysowanie pól               4 ms  /ridemore/events/3-dniowa-petla-bieszczadzka 63 pól
[2026-09-06 10:23:32] skarby w kadrze             61 ms  /ridemore/events/3-dniowa-petla-bieszczadzka 5 pinezek
[2026-09-06 10:23:32] cykl mapy                   62 ms  /ridemore/events/3-dniowa-petla-bieszczadzka 3 zadań
[2026-09-06 10:23:32] podkład mapy               30 ms  /ridemore/events/3-dniowa-petla-bieszczadzka 6/6 kafli
[2026-09-06 10:23:32] znane trasy                 28 ms  /ridemore/events/3-dniowa-petla-bieszczadzka 6/6 kafli
[2026-09-06 10:23:32] cykl mapy                   31 ms  /ridemore/events/3-dniowa-petla-bieszczadzka 2 zadań
[2026-09-06 10:23:32] pola odkryć                30 ms  /ridemore/events/3-dniowa-petla-bieszczadzka 92 pól
[2026-09-06 10:23:32] rysowanie pól               3 ms  /ridemore/events/3-dniowa-petla-bieszczadzka 92 pól
[2026-09-06 10:23:32] skarby w kadrze             37 ms  /ridemore/events/3-dniowa-petla-bieszczadzka 10 pinezek
[2026-09-06 10:23:32] podkład mapy              231 ms  /ridemore/events/3-dniowa-petla-bieszczadzka 13/14 kafli
[2026-09-06 10:23:32] skarby w kadrze             37 ms  /ridemore/events/3-dniowa-petla-bieszczadzka 8 pinezek
[2026-09-06 10:23:32] pola odkryć                48 ms  /ridemore/events/3-dniowa-petla-bieszczadzka 30 pól
[2026-09-06 10:23:32] rysowanie pól               1 ms  /ridemore/events/3-dniowa-petla-bieszczadzka 30 pól
[2026-09-06 10:23:32] znane trasy                322 ms  /ridemore/events/3-dniowa-petla-bieszczadzka 12/15 kafli
[2026-09-06 10:23:32] cykl mapy                  323 ms  /ridemore/events/3-dniowa-petla-bieszczadzka 8 zadań
[2026-09-06 10:23:32] znane trasy                 39 ms  /ridemore/events/3-dniowa-petla-bieszczadzka 12/12 kafli
[2026-09-06 10:23:32] podkład mapy               98 ms  /ridemore/events/3-dniowa-petla-bieszczadzka 12/12 kafli
[2026-09-06 10:23:32] cykl mapy                   98 ms  /ridemore/events/3-dniowa-petla-bieszczadzka 2 zadań
[2026-09-06 10:23:32] skarby w kadrze             77 ms  /ridemore/events/3-dniowa-petla-bieszczadzka 8 pinezek
[2026-09-06 10:23:32] pola odkryć               114 ms  /ridemore/events/3-dniowa-petla-bieszczadzka 30 pól
[2026-09-06 10:23:32] rysowanie pól               1 ms  /ridemore/events/3-dniowa-petla-bieszczadzka 30 pól
[2026-09-06 10:23:32] cykl mapy                  114 ms  /ridemore/events/3-dniowa-petla-bieszczadzka 3 zadań
[2026-09-06 10:23:36] podkład mapy               22 ms  /ridemore/events/3-dniowa-petla-bieszczadzka 4/4 kafli
[2026-09-06 10:23:36] cykl mapy                   22 ms  /ridemore/events/3-dniowa-petla-bieszczadzka 1 zadań
[2026-09-06 10:23:36] znane trasy                  8 ms  /ridemore/events/3-dniowa-petla-bieszczadzka 4/4 kafli
[2026-09-06 10:23:36] pola odkryć                41 ms  /ridemore/events/3-dniowa-petla-bieszczadzka 42 pól
[2026-09-06 10:23:36] rysowanie pól               1 ms  /ridemore/events/3-dniowa-petla-bieszczadzka 42 pól
[2026-09-06 10:23:36] skarby w kadrze             54 ms  /ridemore/events/3-dniowa-petla-bieszczadzka 13 pinezek
[2026-09-06 10:23:36] cykl mapy                   55 ms  /ridemore/events/3-dniowa-petla-bieszczadzka 4 zadań
[2026-09-06 10:23:40] znane trasy                123 ms  /ridemore/trasy/jhjh-aqua-velo 24/24 kafli
[2026-09-06 10:23:40] podkład mapy              144 ms  /ridemore/trasy/jhjh-aqua-velo 24/24 kafli
[2026-09-06 10:23:40] ślady przejazdów         138 ms  /ridemore/trasy/jhjh-aqua-velo 24/24 kafli
[2026-09-06 10:23:40] skarby w kadrze            149 ms  /ridemore/trasy/jhjh-aqua-velo 9 pinezek
[2026-09-06 10:23:40] pola odkryć               135 ms  /ridemore/trasy/jhjh-aqua-velo 47 pól
[2026-09-06 10:23:40] rysowanie pól               3 ms  /ridemore/trasy/jhjh-aqua-velo 47 pól
[2026-09-06 10:23:40] cykl mapy                  167 ms  /ridemore/trasy/jhjh-aqua-velo 7 zadań
[2026-09-06 10:23:40] skarby w kadrze             48 ms  /ridemore/trasy/jhjh-aqua-velo 0 pinezek
[2026-09-06 10:23:40] pola odkryć                50 ms  /ridemore/trasy/jhjh-aqua-velo 72 pól
[2026-09-06 10:23:40] rysowanie pól               2 ms  /ridemore/trasy/jhjh-aqua-velo 72 pól
[2026-09-06 10:23:40] podkład mapy              172 ms  /ridemore/trasy/jhjh-aqua-velo 24/24 kafli
[2026-09-06 10:23:40] znane trasy                215 ms  /ridemore/trasy/jhjh-aqua-velo 24/24 kafli
[2026-09-06 10:23:40] pola odkryć                80 ms  /ridemore/trasy/jhjh-aqua-velo 72 pól
[2026-09-06 10:23:40] rysowanie pól               1 ms  /ridemore/trasy/jhjh-aqua-velo 72 pól
[2026-09-06 10:23:40] skarby w kadrze             84 ms  /ridemore/trasy/jhjh-aqua-velo 0 pinezek
[2026-09-06 10:23:40] ślady przejazdów         356 ms  /ridemore/trasy/jhjh-aqua-velo 24/24 kafli
[2026-09-06 10:23:40] cykl mapy                  372 ms  /ridemore/trasy/jhjh-aqua-velo 9 zadań
[2026-09-06 10:23:40] znane trasy                 38 ms  /ridemore/trasy/jhjh-aqua-velo 9/9 kafli
[2026-09-06 10:23:40] ślady przejazdów          82 ms  /ridemore/trasy/jhjh-aqua-velo 9/9 kafli
[2026-09-06 10:23:40] podkład mapy              104 ms  /ridemore/trasy/jhjh-aqua-velo 9/9 kafli
[2026-09-06 10:23:40] cykl mapy                  104 ms  /ridemore/trasy/jhjh-aqua-velo 3 zadań
[2026-09-06 10:23:40] pola odkryć                54 ms  /ridemore/trasy/jhjh-aqua-velo 47 pól
[2026-09-06 10:23:40] rysowanie pól               1 ms  /ridemore/trasy/jhjh-aqua-velo 47 pól
[2026-09-06 10:23:40] skarby w kadrze             58 ms  /ridemore/trasy/jhjh-aqua-velo 9 pinezek
[2026-09-06 10:23:40] znane trasy                 93 ms  /ridemore/trasy/jhjh-aqua-velo 24/24 kafli
[2026-09-06 10:23:40] podkład mapy              101 ms  /ridemore/trasy/jhjh-aqua-velo 24/24 kafli
[2026-09-06 10:23:40] ślady przejazdów         100 ms  /ridemore/trasy/jhjh-aqua-velo 22/22 kafli
[2026-09-06 10:23:40] cykl mapy                  104 ms  /ridemore/trasy/jhjh-aqua-velo 6 zadań
[2026-09-06 10:23:40] skarby w kadrze             38 ms  /ridemore/trasy/jhjh-aqua-velo 9 pinezek
[2026-09-06 10:23:40] pola odkryć                73 ms  /ridemore/trasy/jhjh-aqua-velo 47 pól
[2026-09-06 10:23:40] rysowanie pól               1 ms  /ridemore/trasy/jhjh-aqua-velo 47 pól
[2026-09-06 10:23:40] cykl mapy                   74 ms  /ridemore/trasy/jhjh-aqua-velo 3 zadań
[2026-09-06 10:23:51] podkład mapy              153 ms  /ridemore/trasy/jhjh-aqua-velo 24/24 kafli
[2026-09-06 10:23:51] znane trasy                199 ms  /ridemore/trasy/jhjh-aqua-velo 24/24 kafli
[2026-09-06 10:23:51] pola odkryć               206 ms  /ridemore/trasy/jhjh-aqua-velo 47 pól
[2026-09-06 10:23:51] rysowanie pól               7 ms  /ridemore/trasy/jhjh-aqua-velo 47 pól
[2026-09-06 10:23:51] skarby w kadrze            215 ms  /ridemore/trasy/jhjh-aqua-velo 5 pinezek
[2026-09-06 10:23:51] podkład mapy              169 ms  /ridemore/trasy/jhjh-aqua-velo 18/18 kafli
[2026-09-06 10:23:51] znane trasy                226 ms  /ridemore/trasy/jhjh-aqua-velo 18/18 kafli
[2026-09-06 10:23:51] pola odkryć               159 ms  /ridemore/trasy/jhjh-aqua-velo 80 pól
[2026-09-06 10:23:51] rysowanie pól               2 ms  /ridemore/trasy/jhjh-aqua-velo 80 pól
[2026-09-06 10:23:51] skarby w kadrze            167 ms  /ridemore/trasy/jhjh-aqua-velo 3 pinezek
[2026-09-06 10:23:51] ślady przejazdów         697 ms  /ridemore/trasy/jhjh-aqua-velo 26/42 kafli
[2026-09-06 10:23:51] cykl mapy                  703 ms  /ridemore/trasy/jhjh-aqua-velo 11 zadań
[2026-09-06 10:23:51] skarby w kadrze             61 ms  /ridemore/trasy/jhjh-aqua-velo 3 pinezek
[2026-09-06 10:23:51] pola odkryć                78 ms  /ridemore/trasy/jhjh-aqua-velo 80 pól
[2026-09-06 10:23:51] rysowanie pól               1 ms  /ridemore/trasy/jhjh-aqua-velo 80 pól
[2026-09-06 10:23:51] cykl mapy                   79 ms  /ridemore/trasy/jhjh-aqua-velo 3 zadań
[2026-09-06 10:23:51] znane trasy                 10 ms  /ridemore/trasy/jhjh-aqua-velo 6/6 kafli
[2026-09-06 10:23:51] podkład mapy               20 ms  /ridemore/trasy/jhjh-aqua-velo 6/6 kafli
[2026-09-06 10:23:51] ślady przejazdów          15 ms  /ridemore/trasy/jhjh-aqua-velo 6/6 kafli
[2026-09-06 10:23:51] cykl mapy                   20 ms  /ridemore/trasy/jhjh-aqua-velo 3 zadań
[2026-09-06 10:23:51] podkład mapy               90 ms  /ridemore/trasy/jhjh-aqua-velo 18/18 kafli
[2026-09-06 10:23:51] znane trasy                 86 ms  /ridemore/trasy/jhjh-aqua-velo 18/18 kafli
[2026-09-06 10:23:51] skarby w kadrze             79 ms  /ridemore/trasy/jhjh-aqua-velo 5 pinezek
[2026-09-06 10:23:51] pola odkryć                84 ms  /ridemore/trasy/jhjh-aqua-velo 47 pól
[2026-09-06 10:23:51] rysowanie pól              16 ms  /ridemore/trasy/jhjh-aqua-velo 47 pól
[2026-09-06 10:23:51] ślady przejazdów         211 ms  /ridemore/trasy/jhjh-aqua-velo 18/18 kafli
[2026-09-06 10:23:51] cykl mapy                  221 ms  /ridemore/trasy/jhjh-aqua-velo 6 zadań
[2026-09-06 10:23:51] pola odkryć                72 ms  /ridemore/trasy/jhjh-aqua-velo 47 pól
[2026-09-06 10:23:51] rysowanie pól              20 ms  /ridemore/trasy/jhjh-aqua-velo 47 pól
[2026-09-06 10:23:51] skarby w kadrze            101 ms  /ridemore/trasy/jhjh-aqua-velo 5 pinezek
[2026-09-06 10:23:51] cykl mapy                  101 ms  /ridemore/trasy/jhjh-aqua-velo 3 zadań
[2026-09-06 10:24:24] podkład mapy              254 ms  /ridemore/trasy/jhjh-aqua-velo 16/16 kafli
[2026-09-06 10:24:24] podkład mapy              210 ms  /ridemore/trasy/jhjh-aqua-velo 18/18 kafli
[2026-09-06 10:24:24] skarby w kadrze            291 ms  /ridemore/trasy/jhjh-aqua-velo 13 pinezek
[2026-09-06 10:24:24] znane trasy                837 ms  /ridemore/trasy/jhjh-aqua-velo 38/52 kafli
[2026-09-06 10:24:24] podkład mapy              107 ms  /ridemore/trasy/jhjh-aqua-velo 18/18 kafli
[2026-09-06 10:24:24] ślady przejazdów         850 ms  /ridemore/trasy/jhjh-aqua-velo 21/52 kafli
[2026-09-06 10:24:24] pola odkryć               318 ms  /ridemore/trasy/jhjh-aqua-velo 30 pól
[2026-09-06 10:24:24] rysowanie pól               5 ms  /ridemore/trasy/jhjh-aqua-velo 30 pól
[2026-09-06 10:24:24] cykl mapy                  860 ms  /ridemore/trasy/jhjh-aqua-velo 9 zadań
[2026-09-06 10:24:24] pola odkryć                55 ms  /ridemore/trasy/jhjh-aqua-velo 47 pól
[2026-09-06 10:24:24] rysowanie pól               1 ms  /ridemore/trasy/jhjh-aqua-velo 47 pól
[2026-09-06 10:24:24] skarby w kadrze             57 ms  /ridemore/trasy/jhjh-aqua-velo 9 pinezek
[2026-09-06 10:24:24] cykl mapy                   57 ms  /ridemore/trasy/jhjh-aqua-velo 3 zadań
[2026-09-06 10:24:24] pola odkryć                45 ms  /ridemore/trasy/jhjh-aqua-velo 47 pól
[2026-09-06 10:24:24] rysowanie pól               1 ms  /ridemore/trasy/jhjh-aqua-velo 47 pól
[2026-09-06 10:24:24] skarby w kadrze             60 ms  /ridemore/trasy/jhjh-aqua-velo 9 pinezek
[2026-09-06 10:24:24] cykl mapy                   61 ms  /ridemore/trasy/jhjh-aqua-velo 3 zadań
[2026-09-06 10:24:24] pola odkryć                50 ms  /ridemore/trasy/jhjh-aqua-velo 83 pól
[2026-09-06 10:24:24] rysowanie pól               1 ms  /ridemore/trasy/jhjh-aqua-velo 83 pól
[2026-09-06 10:24:24] skarby w kadrze             55 ms  /ridemore/trasy/jhjh-aqua-velo 0 pinezek
[2026-09-06 10:24:24] znane trasy                116 ms  /ridemore/trasy/jhjh-aqua-velo 24/24 kafli
[2026-09-06 10:24:24] podkład mapy              131 ms  /ridemore/trasy/jhjh-aqua-velo 24/24 kafli
[2026-09-06 10:24:24] ślady przejazdów         127 ms  /ridemore/trasy/jhjh-aqua-velo 24/24 kafli
[2026-09-06 10:24:24] cykl mapy                  140 ms  /ridemore/trasy/jhjh-aqua-velo 6 zadań
[2026-09-06 10:24:24] skarby w kadrze             57 ms  /ridemore/trasy/jhjh-aqua-velo 0 pinezek
[2026-09-06 10:24:24] pola odkryć                70 ms  /ridemore/trasy/jhjh-aqua-velo 83 pól
[2026-09-06 10:24:24] rysowanie pól               1 ms  /ridemore/trasy/jhjh-aqua-velo 83 pól
[2026-09-06 10:24:24] cykl mapy                   71 ms  /ridemore/trasy/jhjh-aqua-velo 3 zadań
[2026-09-06 10:24:24] podkład mapy               75 ms  /ridemore/trasy/jhjh-aqua-velo 4/4 kafli
[2026-09-06 10:24:24] cykl mapy                   75 ms  /ridemore/trasy/jhjh-aqua-velo 1 zadań
[2026-09-06 10:24:24] znane trasy                 12 ms  /ridemore/trasy/jhjh-aqua-velo 3/3 kafli
[2026-09-06 10:24:24] ślady przejazdów          12 ms  /ridemore/trasy/jhjh-aqua-velo 3/3 kafli
[2026-09-06 10:24:24] pola odkryć                25 ms  /ridemore/trasy/jhjh-aqua-velo 72 pól
[2026-09-06 10:24:24] rysowanie pól               1 ms  /ridemore/trasy/jhjh-aqua-velo 72 pól
[2026-09-06 10:24:24] skarby w kadrze             28 ms  /ridemore/trasy/jhjh-aqua-velo 0 pinezek
[2026-09-06 10:24:24] cykl mapy                   29 ms  /ridemore/trasy/jhjh-aqua-velo 5 zadań
[2026-09-06 10:24:24] znane trasy                 21 ms  /ridemore/trasy/jhjh-aqua-velo 5/5 kafli
[2026-09-06 10:24:24] ślady przejazdów          20 ms  /ridemore/trasy/jhjh-aqua-velo 5/5 kafli
[2026-09-06 10:24:24] pola odkryć                22 ms  /ridemore/trasy/jhjh-aqua-velo 72 pól
[2026-09-06 10:24:24] rysowanie pól               1 ms  /ridemore/trasy/jhjh-aqua-velo 72 pól
[2026-09-06 10:24:24] skarby w kadrze             25 ms  /ridemore/trasy/jhjh-aqua-velo 0 pinezek
[2026-09-06 10:24:24] podkład mapy               82 ms  /ridemore/trasy/jhjh-aqua-velo 4/4 kafli
[2026-09-06 10:24:24] cykl mapy                   82 ms  /ridemore/trasy/jhjh-aqua-velo 6 zadań
[2026-09-06 10:24:29] skarby w kadrze             31 ms  /ridemore/trasy/jhjh-aqua-velo 0 pinezek
[2026-09-06 10:24:29] pola odkryć                54 ms  /ridemore/trasy/jhjh-aqua-velo 72 pól
[2026-09-06 10:24:29] rysowanie pól               1 ms  /ridemore/trasy/jhjh-aqua-velo 72 pól
[2026-09-06 10:24:29] cykl mapy                   55 ms  /ridemore/trasy/jhjh-aqua-velo 3 zadań
[2026-09-06 10:24:33] podkład mapy              218 ms  /ridemore/trasy/jhjh-aqua-velo 4/4 kafli
[2026-09-06 10:24:33] cykl mapy                  218 ms  /ridemore/trasy/jhjh-aqua-velo 1 zadań
[2026-09-06 10:24:33] pola odkryć                23 ms  /ridemore/trasy/jhjh-aqua-velo 72 pól
[2026-09-06 10:24:33] rysowanie pól               1 ms  /ridemore/trasy/jhjh-aqua-velo 72 pól
[2026-09-06 10:24:33] skarby w kadrze             26 ms  /ridemore/trasy/jhjh-aqua-velo 0 pinezek
[2026-09-06 10:24:33] ślady przejazdów          87 ms  /ridemore/trasy/jhjh-aqua-velo 4/4 kafli
[2026-09-06 10:24:33] znane trasy                 88 ms  /ridemore/trasy/jhjh-aqua-velo 4/4 kafli
[2026-09-06 10:24:33] cykl mapy                   89 ms  /ridemore/trasy/jhjh-aqua-velo 5 zadań
[2026-09-06 10:24:33] pola odkryć                53 ms  /ridemore/trasy/jhjh-aqua-velo 42 pól
[2026-09-06 10:24:33] rysowanie pól               4 ms  /ridemore/trasy/jhjh-aqua-velo 42 pól
[2026-09-06 10:24:33] skarby w kadrze             58 ms  /ridemore/trasy/jhjh-aqua-velo 0 pinezek
[2026-09-06 10:24:33] podkład mapy              243 ms  /ridemore/trasy/jhjh-aqua-velo 24/24 kafli
[2026-09-06 10:24:33] znane trasy                463 ms  /ridemore/trasy/jhjh-aqua-velo 24/24 kafli
[2026-09-06 10:24:33] podkład mapy               69 ms  /ridemore/trasy/jhjh-aqua-velo 3/3 kafli
[2026-09-06 10:24:33] pola odkryć               557 ms  /ridemore/trasy/jhjh-aqua-velo 42 pól
[2026-09-06 10:24:33] rysowanie pól               2 ms  /ridemore/trasy/jhjh-aqua-velo 42 pól
[2026-09-06 10:24:33] ślady przejazdów         815 ms  /ridemore/trasy/jhjh-aqua-velo 24/24 kafli
[2026-09-06 10:24:33] skarby w kadrze            560 ms  /ridemore/trasy/jhjh-aqua-velo 0 pinezek
[2026-09-06 10:24:33] cykl mapy                  826 ms  /ridemore/trasy/jhjh-aqua-velo 10 zadań
[2026-09-06 10:24:33] pola odkryć                22 ms  /ridemore/trasy/jhjh-aqua-velo 33 pól
[2026-09-06 10:24:33] rysowanie pól               2 ms  /ridemore/trasy/jhjh-aqua-velo 33 pól
[2026-09-06 10:24:33] skarby w kadrze             40 ms  /ridemore/trasy/jhjh-aqua-velo 0 pinezek
[2026-09-06 10:24:33] znane trasy                123 ms  /ridemore/trasy/jhjh-aqua-velo 3/3 kafli
[2026-09-06 10:24:33] ślady przejazdów         131 ms  /ridemore/trasy/jhjh-aqua-velo 3/3 kafli
[2026-09-06 10:24:33] cykl mapy                  132 ms  /ridemore/trasy/jhjh-aqua-velo 5 zadań
[2026-09-06 10:24:43] podkład mapy              119 ms  /ridemore/trasy/jhjh-aqua-velo 6/6 kafli
[2026-09-06 10:24:43] cykl mapy                  119 ms  /ridemore/trasy/jhjh-aqua-velo 1 zadań
[2026-09-06 10:24:43] pola odkryć                43 ms  /ridemore/trasy/jhjh-aqua-velo 41 pól
[2026-09-06 10:24:43] rysowanie pól               3 ms  /ridemore/trasy/jhjh-aqua-velo 41 pól
[2026-09-06 10:24:43] skarby w kadrze             57 ms  /ridemore/trasy/jhjh-aqua-velo 0 pinezek
[2026-09-06 10:24:43] znane trasy                163 ms  /ridemore/trasy/jhjh-aqua-velo 6/6 kafli
[2026-09-06 10:24:43] ślady przejazdów         263 ms  /ridemore/trasy/jhjh-aqua-velo 6/6 kafli
[2026-09-06 10:24:43] cykl mapy                  265 ms  /ridemore/trasy/jhjh-aqua-velo 5 zadań
[2026-09-06 10:24:43] podkład mapy              172 ms  /ridemore/trasy/jhjh-aqua-velo 24/24 kafli
[2026-09-06 10:24:43] znane trasy                404 ms  /ridemore/trasy/jhjh-aqua-velo 24/24 kafli
[2026-09-06 10:24:43] skarby w kadrze            421 ms  /ridemore/trasy/jhjh-aqua-velo 0 pinezek
[2026-09-06 10:24:43] ślady przejazdów         698 ms  /ridemore/trasy/jhjh-aqua-velo 24/24 kafli
[2026-09-06 10:24:43] pola odkryć               191 ms  /ridemore/trasy/jhjh-aqua-velo 18 pól
[2026-09-06 10:24:43] rysowanie pól               1 ms  /ridemore/trasy/jhjh-aqua-velo 18 pól
[2026-09-06 10:24:43] cykl mapy                  706 ms  /ridemore/trasy/jhjh-aqua-velo 7 zadań
[2026-09-06 10:24:43] podkład mapy              200 ms  /ridemore/trasy/jhjh-aqua-velo 4/4 kafli
[2026-09-06 10:24:43] cykl mapy                  200 ms  /ridemore/trasy/jhjh-aqua-velo 1 zadań
[2026-09-06 10:24:47] podkład mapy              108 ms  /ridemore/trasy/jhjh-aqua-velo 9/9 kafli
[2026-09-06 10:24:47] cykl mapy                  108 ms  /ridemore/trasy/jhjh-aqua-velo 1 zadań
[2026-09-06 10:24:47] pola odkryć                21 ms  /ridemore/trasy/jhjh-aqua-velo 21 pól
[2026-09-06 10:24:47] rysowanie pól               2 ms  /ridemore/trasy/jhjh-aqua-velo 21 pól
[2026-09-06 10:24:47] skarby w kadrze             25 ms  /ridemore/trasy/jhjh-aqua-velo 0 pinezek
[2026-09-06 10:24:47] znane trasy                208 ms  /ridemore/trasy/jhjh-aqua-velo 12/12 kafli
[2026-09-06 10:24:47] ślady przejazdów         332 ms  /ridemore/trasy/jhjh-aqua-velo 12/12 kafli
[2026-09-06 10:24:47] cykl mapy                  333 ms  /ridemore/trasy/jhjh-aqua-velo 5 zadań
[2026-09-06 10:24:47] podkład mapy               87 ms  /ridemore/trasy/jhjh-aqua-velo 7/7 kafli
[2026-09-06 10:24:47] cykl mapy                   87 ms  /ridemore/trasy/jhjh-aqua-velo 1 zadań
[2026-09-06 10:24:47] skarby w kadrze             17 ms  /ridemore/trasy/jhjh-aqua-velo 0 pinezek
[2026-09-06 10:24:47] pola odkryć                22 ms  /ridemore/trasy/jhjh-aqua-velo 27 pól
[2026-09-06 10:24:47] rysowanie pól               1 ms  /ridemore/trasy/jhjh-aqua-velo 27 pól
[2026-09-06 10:24:47] znane trasy                137 ms  /ridemore/trasy/jhjh-aqua-velo 7/7 kafli
[2026-09-06 10:24:47] ślady przejazdów         209 ms  /ridemore/trasy/jhjh-aqua-velo 7/7 kafli
[2026-09-06 10:24:47] cykl mapy                  210 ms  /ridemore/trasy/jhjh-aqua-velo 5 zadań
[2026-09-06 10:24:47] skarby w kadrze             20 ms  /ridemore/trasy/jhjh-aqua-velo 0 pinezek
[2026-09-06 10:24:47] pola odkryć                39 ms  /ridemore/trasy/jhjh-aqua-velo 26 pól
[2026-09-06 10:24:47] rysowanie pól               1 ms  /ridemore/trasy/jhjh-aqua-velo 26 pól
[2026-09-06 10:24:47] cykl mapy                   40 ms  /ridemore/trasy/jhjh-aqua-velo 3 zadań
[2026-09-06 10:24:52] podkład mapy               92 ms  /ridemore/trasy/jhjh-aqua-velo 12/12 kafli
[2026-09-06 10:24:52] znane trasy                137 ms  /ridemore/trasy/jhjh-aqua-velo 12/12 kafli
[2026-09-06 10:24:52] ślady przejazdów         168 ms  /ridemore/trasy/jhjh-aqua-velo 12/12 kafli
[2026-09-06 10:24:52] cykl mapy                  170 ms  /ridemore/trasy/jhjh-aqua-velo 3 zadań
[2026-09-06 10:24:52] skarby w kadrze             40 ms  /ridemore/trasy/jhjh-aqua-velo 0 pinezek
[2026-09-06 10:24:52] pola odkryć                41 ms  /ridemore/trasy/jhjh-aqua-velo 49 pól
[2026-09-06 10:24:52] rysowanie pól               7 ms  /ridemore/trasy/jhjh-aqua-velo 49 pól
[2026-09-06 10:24:52] podkład mapy              150 ms  /ridemore/trasy/jhjh-aqua-velo 12/18 kafli
[2026-09-06 10:24:52] podkład mapy              105 ms  /ridemore/trasy/jhjh-aqua-velo 6/6 kafli
[2026-09-06 10:24:52] pola odkryć               243 ms  /ridemore/trasy/jhjh-aqua-velo 66 pól
[2026-09-06 10:24:52] rysowanie pól               9 ms  /ridemore/trasy/jhjh-aqua-velo 66 pól
[2026-09-06 10:24:52] skarby w kadrze            268 ms  /ridemore/trasy/jhjh-aqua-velo 0 pinezek
[2026-09-06 10:24:52] znane trasy                636 ms  /ridemore/trasy/jhjh-aqua-velo 18/24 kafli
[2026-09-06 10:24:52] pola odkryć               143 ms  /ridemore/trasy/jhjh-aqua-velo 66 pól
[2026-09-06 10:24:52] rysowanie pól               7 ms  /ridemore/trasy/jhjh-aqua-velo 66 pól
[2026-09-06 10:24:52] skarby w kadrze            155 ms  /ridemore/trasy/jhjh-aqua-velo 0 pinezek
[2026-09-06 10:24:52] ślady przejazdów         723 ms  /ridemore/trasy/jhjh-aqua-velo 18/24 kafli
[2026-09-06 10:24:52] cykl mapy                  725 ms  /ridemore/trasy/jhjh-aqua-velo 13 zadań
[2026-09-06 10:24:52] podkład mapy              129 ms  /ridemore/trasy/jhjh-aqua-velo 18/18 kafli
[2026-09-06 10:24:52] znane trasy                159 ms  /ridemore/trasy/jhjh-aqua-velo 18/18 kafli
[2026-09-06 10:24:52] ślady przejazdów         214 ms  /ridemore/trasy/jhjh-aqua-velo 18/18 kafli
[2026-09-06 10:24:52] cykl mapy                  219 ms  /ridemore/trasy/jhjh-aqua-velo 3 zadań
[2026-09-06 10:24:52] skarby w kadrze             63 ms  /ridemore/trasy/jhjh-aqua-velo 0 pinezek
[2026-09-06 10:24:52] pola odkryć               111 ms  /ridemore/trasy/jhjh-aqua-velo 36 pól
[2026-09-06 10:24:52] rysowanie pól               5 ms  /ridemore/trasy/jhjh-aqua-velo 36 pól
[2026-09-06 10:24:52] cykl mapy                  115 ms  /ridemore/trasy/jhjh-aqua-velo 3 zadań
[2026-09-06 10:24:52] pola odkryć                49 ms  /ridemore/trasy/jhjh-aqua-velo 36 pól
[2026-09-06 10:24:52] rysowanie pól               2 ms  /ridemore/trasy/jhjh-aqua-velo 36 pól
[2026-09-06 10:24:52] skarby w kadrze             65 ms  /ridemore/trasy/jhjh-aqua-velo 0 pinezek
[2026-09-06 10:24:52] cykl mapy                   65 ms  /ridemore/trasy/jhjh-aqua-velo 3 zadań
[2026-09-06 10:24:56] skarby w kadrze             42 ms  /ridemore/trasy/jhjh-aqua-velo 0 pinezek
[2026-09-06 10:24:56] pola odkryć                47 ms  /ridemore/trasy/jhjh-aqua-velo 11 pól
[2026-09-06 10:24:56] rysowanie pól               1 ms  /ridemore/trasy/jhjh-aqua-velo 11 pól
[2026-09-06 10:24:56] podkład mapy              219 ms  /ridemore/trasy/jhjh-aqua-velo 24/24 kafli
[2026-09-06 10:24:56] znane trasy                434 ms  /ridemore/trasy/jhjh-aqua-velo 24/24 kafli
[2026-09-06 10:24:56] pola odkryć               452 ms  /ridemore/trasy/jhjh-aqua-velo 11 pól
[2026-09-06 10:24:56] rysowanie pól               1 ms  /ridemore/trasy/jhjh-aqua-velo 11 pól
[2026-09-06 10:24:56] skarby w kadrze            455 ms  /ridemore/trasy/jhjh-aqua-velo 0 pinezek
[2026-09-06 10:24:56] ślady przejazdów         733 ms  /ridemore/trasy/jhjh-aqua-velo 24/24 kafli
[2026-09-06 10:24:56] podkład mapy              140 ms  /ridemore/trasy/jhjh-aqua-velo 9/9 kafli
[2026-09-06 10:24:56] cykl mapy                  792 ms  /ridemore/trasy/jhjh-aqua-velo 10 zadań
[2026-09-06 10:24:56] podkład mapy               93 ms  /ridemore/trasy/jhjh-aqua-velo 5/5 kafli
[2026-09-06 10:24:56] cykl mapy                   93 ms  /ridemore/trasy/jhjh-aqua-velo 1 zadań
[2026-09-06 10:24:56] podkład mapy               93 ms  /ridemore/trasy/jhjh-aqua-velo 4/4 kafli
[2026-09-06 10:24:56] cykl mapy                   93 ms  /ridemore/trasy/jhjh-aqua-velo 1 zadań
[2026-09-06 10:24:56] skarby w kadrze             19 ms  /ridemore/trasy/jhjh-aqua-velo 0 pinezek
[2026-09-06 10:24:56] pola odkryć                37 ms  /ridemore/trasy/jhjh-aqua-velo 13 pól
[2026-09-06 10:24:56] rysowanie pól               1 ms  /ridemore/trasy/jhjh-aqua-velo 13 pól
[2026-09-06 10:24:56] znane trasy                240 ms  /ridemore/trasy/jhjh-aqua-velo 14/14 kafli
[2026-09-06 10:24:56] ślady przejazdów         407 ms  /ridemore/trasy/jhjh-aqua-velo 14/14 kafli
[2026-09-06 10:24:56] cykl mapy                  408 ms  /ridemore/trasy/jhjh-aqua-velo 5 zadań
[2026-09-06 10:25:03] pola odkryć                40 ms  /ridemore/trasy/jhjh-aqua-velo 13 pól
[2026-09-06 10:25:03] rysowanie pól               1 ms  /ridemore/trasy/jhjh-aqua-velo 13 pól
[2026-09-06 10:25:03] skarby w kadrze             61 ms  /ridemore/trasy/jhjh-aqua-velo 0 pinezek
[2026-09-06 10:25:03] znane trasy                124 ms  /ridemore/trasy/jhjh-aqua-velo 3/3 kafli
[2026-09-06 10:25:03] ślady przejazdów         156 ms  /ridemore/trasy/jhjh-aqua-velo 3/3 kafli
[2026-09-06 10:25:03] cykl mapy                  157 ms  /ridemore/trasy/jhjh-aqua-velo 5 zadań
[2026-09-06 10:25:03] skarby w kadrze             15 ms  /ridemore/trasy/jhjh-aqua-velo 0 pinezek
[2026-09-06 10:25:03] pola odkryć                20 ms  /ridemore/trasy/jhjh-aqua-velo 13 pól
[2026-09-06 10:25:03] rysowanie pól               1 ms  /ridemore/trasy/jhjh-aqua-velo 13 pól
[2026-09-06 10:25:03] cykl mapy                   21 ms  /ridemore/trasy/jhjh-aqua-velo 3 zadań
[2026-09-06 10:25:11] podkład mapy              117 ms  /ridemore/trasy/jhjh-aqua-velo 6/6 kafli
[2026-09-06 10:25:11] znane trasy                138 ms  /ridemore/trasy/jhjh-aqua-velo 6/6 kafli
[2026-09-06 10:25:11] ślady przejazdów         201 ms  /ridemore/trasy/jhjh-aqua-velo 6/6 kafli
[2026-09-06 10:25:11] cykl mapy                  204 ms  /ridemore/trasy/jhjh-aqua-velo 3 zadań
[2026-09-06 10:25:11] pola odkryć                34 ms  /ridemore/trasy/jhjh-aqua-velo 15 pól
[2026-09-06 10:25:11] rysowanie pól               1 ms  /ridemore/trasy/jhjh-aqua-velo 15 pól
[2026-09-06 10:25:11] skarby w kadrze             35 ms  /ridemore/trasy/jhjh-aqua-velo 0 pinezek
[2026-09-06 10:25:11] podkład mapy              148 ms  /ridemore/trasy/jhjh-aqua-velo 18/18 kafli
[2026-09-06 10:25:11] pola odkryć               252 ms  /ridemore/trasy/jhjh-aqua-velo 15 pól
[2026-09-06 10:25:11] rysowanie pól               1 ms  /ridemore/trasy/jhjh-aqua-velo 15 pól
[2026-09-06 10:25:11] skarby w kadrze            256 ms  /ridemore/trasy/jhjh-aqua-velo 0 pinezek
[2026-09-06 10:25:11] znane trasy                521 ms  /ridemore/trasy/jhjh-aqua-velo 18/18 kafli
[2026-09-06 10:25:11] ślady przejazdów         531 ms  /ridemore/trasy/jhjh-aqua-velo 18/18 kafli
[2026-09-06 10:25:11] cykl mapy                  536 ms  /ridemore/trasy/jhjh-aqua-velo 9 zadań
[2026-09-06 10:25:11] podkład mapy               73 ms  /ridemore/trasy/jhjh-aqua-velo 6/6 kafli
[2026-09-06 10:25:11] cykl mapy                   73 ms  /ridemore/trasy/jhjh-aqua-velo 1 zadań
[2026-09-06 10:25:11] pola odkryć                27 ms  /ridemore/trasy/jhjh-aqua-velo 19 pól
[2026-09-06 10:25:11] rysowanie pól               2 ms  /ridemore/trasy/jhjh-aqua-velo 19 pól
[2026-09-06 10:25:11] skarby w kadrze             42 ms  /ridemore/trasy/jhjh-aqua-velo 0 pinezek
[2026-09-06 10:25:11] podkład mapy               92 ms  /ridemore/trasy/jhjh-aqua-velo 6/6 kafli
[2026-09-06 10:25:11] znane trasy                219 ms  /ridemore/trasy/jhjh-aqua-velo 12/12 kafli
[2026-09-06 10:25:11] ślady przejazdów         353 ms  /ridemore/trasy/jhjh-aqua-velo 12/12 kafli
[2026-09-06 10:25:11] cykl mapy                  355 ms  /ridemore/trasy/jhjh-aqua-velo 6 zadań
[2026-09-06 10:25:11] podkład mapy              101 ms  /ridemore/trasy/jhjh-aqua-velo 6/6 kafli
[2026-09-06 10:25:11] cykl mapy                  101 ms  /ridemore/trasy/jhjh-aqua-velo 1 zadań
[2026-09-06 10:25:11] pola odkryć                22 ms  /ridemore/trasy/jhjh-aqua-velo 18 pól
[2026-09-06 10:25:11] rysowanie pól               2 ms  /ridemore/trasy/jhjh-aqua-velo 18 pól
[2026-09-06 10:25:11] skarby w kadrze             28 ms  /ridemore/trasy/jhjh-aqua-velo 0 pinezek
[2026-09-06 10:25:11] znane trasy                111 ms  /ridemore/trasy/jhjh-aqua-velo 6/6 kafli
[2026-09-06 10:25:11] ślady przejazdów         172 ms  /ridemore/trasy/jhjh-aqua-velo 6/6 kafli
[2026-09-06 10:25:11] cykl mapy                  173 ms  /ridemore/trasy/jhjh-aqua-velo 5 zadań
[2026-09-06 10:25:15] podkład mapy               74 ms  /ridemore/trasy/jhjh-aqua-velo 6/6 kafli
[2026-09-06 10:25:15] cykl mapy                   74 ms  /ridemore/trasy/jhjh-aqua-velo 1 zadań
[2026-09-06 10:25:15] pola odkryć                18 ms  /ridemore/trasy/jhjh-aqua-velo 22 pól
[2026-09-06 10:25:15] rysowanie pól               2 ms  /ridemore/trasy/jhjh-aqua-velo 22 pól
[2026-09-06 10:25:15] skarby w kadrze             22 ms  /ridemore/trasy/jhjh-aqua-velo 0 pinezek
[2026-09-06 10:25:15] znane trasy                138 ms  /ridemore/trasy/jhjh-aqua-velo 6/6 kafli
[2026-09-06 10:25:15] ślady przejazdów         179 ms  /ridemore/trasy/jhjh-aqua-velo 6/6 kafli
[2026-09-06 10:25:15] cykl mapy                  180 ms  /ridemore/trasy/jhjh-aqua-velo 5 zadań
[2026-09-06 10:25:15] podkład mapy               76 ms  /ridemore/trasy/jhjh-aqua-velo 6/6 kafli
[2026-09-06 10:25:15] cykl mapy                   76 ms  /ridemore/trasy/jhjh-aqua-velo 1 zadań
[2026-09-06 10:25:15] skarby w kadrze             15 ms  /ridemore/trasy/jhjh-aqua-velo 0 pinezek
[2026-09-06 10:25:15] pola odkryć                37 ms  /ridemore/trasy/jhjh-aqua-velo 29 pól
[2026-09-06 10:25:15] rysowanie pól               1 ms  /ridemore/trasy/jhjh-aqua-velo 29 pól
[2026-09-06 10:25:15] znane trasy                133 ms  /ridemore/trasy/jhjh-aqua-velo 6/6 kafli
[2026-09-06 10:25:15] ślady przejazdów         197 ms  /ridemore/trasy/jhjh-aqua-velo 6/6 kafli
[2026-09-06 10:25:15] cykl mapy                  198 ms  /ridemore/trasy/jhjh-aqua-velo 5 zadań
[2026-09-06 12:21:18] pola odkryć                36 ms  /ridemore/trasy/jhjh-aqua-velo 21 pól
[2026-09-06 12:21:18] rysowanie pól               2 ms  /ridemore/trasy/jhjh-aqua-velo 21 pól
[2026-09-06 12:21:18] skarby w kadrze             43 ms  /ridemore/trasy/jhjh-aqua-velo 0 pinezek
[2026-09-06 12:21:18] cykl mapy                   43 ms  /ridemore/trasy/jhjh-aqua-velo 3 zadań
[2026-09-06 12:21:28] pola odkryć                41 ms  /ridemore/trasy/jhjh-aqua-velo 29 pól
[2026-09-06 12:21:28] rysowanie pól               1 ms  /ridemore/trasy/jhjh-aqua-velo 29 pól
[2026-09-06 12:21:28] skarby w kadrze             58 ms  /ridemore/trasy/jhjh-aqua-velo 0 pinezek
[2026-09-06 12:21:28] cykl mapy                   58 ms  /ridemore/trasy/jhjh-aqua-velo 3 zadań
[2026-09-10 10:36:18] znane trasy                249 ms  /ridemore/events/3-dniowa-petla-bieszczadzka 2/2 kafli
[2026-09-10 10:36:18] podkład mapy              413 ms  /ridemore/events/3-dniowa-petla-bieszczadzka 2/2 kafli
[2026-09-10 10:36:18] cykl mapy                  413 ms  /ridemore/events/3-dniowa-petla-bieszczadzka 2 zadań
[2026-09-10 10:36:29] podkład mapy              210 ms  /ridemore/events/3-dniowa-petla-bieszczadzka 10/10 kafli
[2026-09-10 10:36:29] znane trasy                194 ms  /ridemore/events/3-dniowa-petla-bieszczadzka 10/10 kafli
[2026-09-10 10:36:29] cykl mapy                  396 ms  /ridemore/events/3-dniowa-petla-bieszczadzka 2 zadań
[2026-09-10 10:36:29] skarby w kadrze             37 ms  /ridemore/events/3-dniowa-petla-bieszczadzka 23 pinezek
[2026-09-10 10:36:29] pola odkryć                53 ms  /ridemore/events/3-dniowa-petla-bieszczadzka 9 pól
[2026-09-10 10:36:29] rysowanie pól               0 ms  /ridemore/events/3-dniowa-petla-bieszczadzka 9 pól
[2026-09-10 10:36:29] cykl mapy                   53 ms  /ridemore/events/3-dniowa-petla-bieszczadzka 3 zadań
[2026-09-10 10:37:26] skarby w kadrze             44 ms  /ridemore/odkrycia           31 pinezek
[2026-09-10 10:37:26] pola odkryć                56 ms  /ridemore/odkrycia           81 pól
[2026-09-10 10:37:26] rysowanie pól               4 ms  /ridemore/odkrycia           81 pól
[2026-09-10 10:37:26] podkład mapy              284 ms  /ridemore/odkrycia           18/30 kafli
[2026-09-10 10:37:26] znane trasy                445 ms  /ridemore/odkrycia           18/18 kafli
[2026-09-10 10:37:26] pola odkryć               152 ms  /ridemore/odkrycia           81 pól
[2026-09-10 10:37:26] rysowanie pól               2 ms  /ridemore/odkrycia           81 pól
[2026-09-10 10:37:26] skarby w kadrze            154 ms  /ridemore/odkrycia           31 pinezek
[2026-09-10 10:37:26] ślady przejazdów         620 ms  /ridemore/odkrycia           18/18 kafli
[2026-09-10 10:37:26] cykl mapy                  635 ms  /ridemore/odkrycia           9 zadań
[2026-09-10 10:47:07] skarby w kadrze            234 ms  /ridemore/odkrycia           32 pinezek
[2026-09-10 10:47:07] podkład mapy              518 ms  /ridemore/odkrycia           24/24 kafli
[2026-09-10 10:47:07] trasy ukończone           930 ms  /ridemore/odkrycia           24/24 kafli
[2026-09-10 10:47:07] wolne żądanie          1 522 ms  /ridemore/odkrycia           /ridemore/assets/tiles/slady/kn-historical/8/145/85.png?v=3
[2026-09-10 10:47:07] wolne żądanie          1 542 ms  /ridemore/odkrycia           /ridemore/assets/tiles/slady/kn-historical/8/140/88.png?v=3
[2026-09-10 10:47:07] wolne żądanie          1 563 ms  /ridemore/odkrycia           /ridemore/assets/tiles/slady/kn-historical/8/145/88.png?v=3
[2026-09-10 10:47:07] trasy nieukończone      1 581 ms  /ridemore/odkrycia           24/24 kafli
[2026-09-10 10:47:07] wolne żądanie          1 575 ms  /ridemore/odkrycia           /ridemore/assets/tiles/slady/me/8/142/86.png?v=1
[2026-09-10 10:47:07] wolne żądanie          1 607 ms  /ridemore/odkrycia           /ridemore/assets/tiles/slady/me/8/143/86.png?v=1
[2026-09-10 10:47:07] wolne żądanie          1 632 ms  /ridemore/odkrycia           /ridemore/assets/tiles/slady/me/8/142/87.png?v=1
[2026-09-10 10:47:07] wolne żądanie          1 661 ms  /ridemore/odkrycia           /ridemore/assets/tiles/slady/me/8/143/87.png?v=1
[2026-09-10 10:47:07] wolne żądanie          1 675 ms  /ridemore/odkrycia           /ridemore/assets/tiles/slady/me/8/142/85.png?v=1
[2026-09-10 10:47:07] wolne żądanie          1 689 ms  /ridemore/odkrycia           /ridemore/assets/tiles/slady/me/8/143/85.png?v=1
[2026-09-10 10:47:07] wolne żądanie          1 714 ms  /ridemore/odkrycia           /ridemore/assets/tiles/slady/me/8/141/86.png?v=1
[2026-09-10 10:47:07] wolne żądanie          1 727 ms  /ridemore/odkrycia           /ridemore/assets/tiles/slady/me/8/144/86.png?v=1
[2026-09-10 10:47:07] wolne żądanie          1 759 ms  /ridemore/odkrycia           /ridemore/assets/tiles/slady/me/8/141/87.png?v=1
[2026-09-10 10:47:07] wolne żądanie          1 771 ms  /ridemore/odkrycia           /ridemore/assets/tiles/slady/me/8/144/87.png?v=1
[2026-09-10 10:47:07] wolne żądanie          1 796 ms  /ridemore/odkrycia           /ridemore/assets/tiles/slady/me/8/142/88.png?v=1
[2026-09-10 10:47:07] wolne żądanie          1 824 ms  /ridemore/odkrycia           /ridemore/assets/tiles/slady/me/8/143/88.png?v=1
[2026-09-10 10:47:07] wolne żądanie          1 846 ms  /ridemore/odkrycia           /ridemore/assets/tiles/slady/me/8/141/85.png?v=1
[2026-09-10 10:47:07] wolne żądanie          1 876 ms  /ridemore/odkrycia           /ridemore/assets/tiles/slady/me/8/144/85.png?v=1
[2026-09-10 10:47:07] wolne żądanie          1 904 ms  /ridemore/odkrycia           /ridemore/assets/tiles/slady/me/8/141/88.png?v=1
[2026-09-10 10:47:07] wolne żądanie          1 926 ms  /ridemore/odkrycia           /ridemore/assets/tiles/slady/me/8/144/88.png?v=1
[2026-09-10 10:47:07] wolne żądanie          1 939 ms  /ridemore/odkrycia           /ridemore/assets/tiles/slady/me/8/140/86.png?v=1
[2026-09-10 10:47:07] wolne żądanie          1 951 ms  /ridemore/odkrycia           /ridemore/assets/tiles/slady/me/8/145/86.png?v=1
[2026-09-10 10:47:07] wolne żądanie          1 979 ms  /ridemore/odkrycia           /ridemore/assets/tiles/slady/me/8/140/87.png?v=1
[2026-09-10 10:47:07] wolne żądanie          2 006 ms  /ridemore/odkrycia           /ridemore/assets/tiles/slady/me/8/145/87.png?v=1
[2026-09-10 10:47:07] wolne żądanie          2 037 ms  /ridemore/odkrycia           /ridemore/assets/tiles/slady/me/8/140/85.png?v=1
[2026-09-10 10:47:07] wolne żądanie          2 049 ms  /ridemore/odkrycia           /ridemore/assets/tiles/slady/me/8/145/85.png?v=1
[2026-09-10 10:47:07] wolne żądanie          2 061 ms  /ridemore/odkrycia           /ridemore/assets/tiles/slady/me/8/140/88.png?v=1
[2026-09-10 10:47:07] wolne żądanie          2 083 ms  /ridemore/odkrycia           /ridemore/assets/tiles/slady/me/8/145/88.png?v=1
[2026-09-10 10:47:07] ślady przejazdów       2 099 ms  /ridemore/odkrycia           24/24 kafli
[2026-09-10 10:47:07] pola odkryć             2 110 ms  /ridemore/odkrycia           81 pól
[2026-09-10 10:47:07] rysowanie pól               3 ms  /ridemore/odkrycia           81 pól
[2026-09-10 10:47:07] cykl mapy                2 151 ms  /ridemore/odkrycia           8 zadań
[2026-09-10 10:47:07] wolne żądanie          2 108 ms  /ridemore/odkrycia           /ridemore/api/discovery/cells?scope=me&zoom=8&north=51.13455469147683&south=48.66557095325139&east=25.010375976562504&west=17.902221679687504
[2026-09-10 10:47:11] podkład mapy              360 ms  /ridemore/odkrycia           28/28 kafli
[2026-09-10 10:47:11] trasy ukończone           805 ms  /ridemore/odkrycia           28/28 kafli
[2026-09-10 10:47:11] wolne żądanie          1 519 ms  /ridemore/odkrycia           /ridemore/assets/tiles/slady/kn-historical/9/283/174.png?v=3
[2026-09-10 10:47:11] wolne żądanie          1 539 ms  /ridemore/odkrycia           /ridemore/assets/tiles/slady/kn-historical/9/289/174.png?v=3
[2026-09-10 10:47:11] trasy nieukończone      1 549 ms  /ridemore/odkrycia           28/28 kafli
[2026-09-10 10:47:11] wolne żądanie          1 561 ms  /ridemore/odkrycia           /ridemore/assets/tiles/slady/me/9/286/172.png?v=1
[2026-09-10 10:47:11] wolne żądanie          1 579 ms  /ridemore/odkrycia           /ridemore/assets/tiles/slady/me/9/286/173.png?v=1
[2026-09-10 10:47:11] wolne żądanie          1 607 ms  /ridemore/odkrycia           /ridemore/assets/tiles/slady/me/9/285/172.png?v=1
[2026-09-10 10:47:11] wolne żądanie          1 685 ms  /ridemore/odkrycia           /ridemore/assets/tiles/slady/me/9/287/172.png?v=1
[2026-09-10 10:47:11] wolne żądanie          1 701 ms  /ridemore/odkrycia           /ridemore/assets/tiles/slady/me/9/285/173.png?v=1
[2026-09-10 10:47:11] wolne żądanie          1 716 ms  /ridemore/odkrycia           /ridemore/assets/tiles/slady/me/9/287/173.png?v=1
[2026-09-10 10:47:11] wolne żądanie          1 744 ms  /ridemore/odkrycia           /ridemore/assets/tiles/slady/me/9/286/171.png?v=1
[2026-09-10 10:47:11] wolne żądanie          1 758 ms  /ridemore/odkrycia           /ridemore/assets/tiles/slady/me/9/286/174.png?v=1
[2026-09-10 10:47:11] wolne żądanie          1 769 ms  /ridemore/odkrycia           /ridemore/assets/tiles/slady/me/9/285/171.png?v=1
[2026-09-10 10:47:11] wolne żądanie          1 795 ms  /ridemore/odkrycia           /ridemore/assets/tiles/slady/me/9/287/171.png?v=1
[2026-09-10 10:47:11] wolne żądanie          1 807 ms  /ridemore/odkrycia           /ridemore/assets/tiles/slady/me/9/285/174.png?v=1
[2026-09-10 10:47:11] wolne żądanie          1 821 ms  /ridemore/odkrycia           /ridemore/assets/tiles/slady/me/9/287/174.png?v=1
[2026-09-10 10:47:11] wolne żądanie          1 833 ms  /ridemore/odkrycia           /ridemore/assets/tiles/slady/me/9/284/172.png?v=1
[2026-09-10 10:47:11] wolne żądanie          1 847 ms  /ridemore/odkrycia           /ridemore/assets/tiles/slady/me/9/288/172.png?v=1
[2026-09-10 10:47:11] wolne żądanie          1 858 ms  /ridemore/odkrycia           /ridemore/assets/tiles/slady/me/9/284/173.png?v=1
[2026-09-10 10:47:11] wolne żądanie          1 880 ms  /ridemore/odkrycia           /ridemore/assets/tiles/slady/me/9/288/173.png?v=1
[2026-09-10 10:47:11] wolne żądanie          1 907 ms  /ridemore/odkrycia           /ridemore/assets/tiles/slady/me/9/284/171.png?v=1
[2026-09-10 10:47:11] wolne żądanie          1 920 ms  /ridemore/odkrycia           /ridemore/assets/tiles/slady/me/9/288/171.png?v=1
[2026-09-10 10:47:11] wolne żądanie          1 943 ms  /ridemore/odkrycia           /ridemore/assets/tiles/slady/me/9/284/174.png?v=1
[2026-09-10 10:47:11] wolne żądanie          1 971 ms  /ridemore/odkrycia           /ridemore/assets/tiles/slady/me/9/288/174.png?v=1
[2026-09-10 10:47:11] wolne żądanie          1 996 ms  /ridemore/odkrycia           /ridemore/assets/tiles/slady/me/9/283/172.png?v=1
[2026-09-10 10:47:11] wolne żądanie          2 008 ms  /ridemore/odkrycia           /ridemore/assets/tiles/slady/me/9/289/172.png?v=1
[2026-09-10 10:47:11] wolne żądanie          2 020 ms  /ridemore/odkrycia           /ridemore/assets/tiles/slady/me/9/283/173.png?v=1
[2026-09-10 10:47:11] wolne żądanie          2 044 ms  /ridemore/odkrycia           /ridemore/assets/tiles/slady/me/9/289/173.png?v=1
[2026-09-10 10:47:11] wolne żądanie          2 062 ms  /ridemore/odkrycia           /ridemore/assets/tiles/slady/me/9/283/171.png?v=1
[2026-09-10 10:47:11] wolne żądanie          2 075 ms  /ridemore/odkrycia           /ridemore/assets/tiles/slady/me/9/289/171.png?v=1
[2026-09-10 10:47:11] wolne żądanie          2 103 ms  /ridemore/odkrycia           /ridemore/assets/tiles/slady/me/9/283/174.png?v=1
[2026-09-10 10:47:11] skarby w kadrze          1 863 ms  /ridemore/odkrycia           15 pinezek
[2026-09-10 10:47:11] wolne żądanie          1 862 ms  /ridemore/odkrycia           /ridemore/api/treasures?north=50.736455137010665&south=49.50737665842872&east=23.236083984375004&west=19.682006835937504&zoom=9
[2026-09-10 10:47:11] wolne żądanie          2 128 ms  /ridemore/odkrycia           /ridemore/assets/tiles/slady/me/9/289/174.png?v=1
[2026-09-10 10:47:11] ślady przejazdów       2 138 ms  /ridemore/odkrycia           28/28 kafli
[2026-09-10 10:47:11] pola odkryć             1 643 ms  /ridemore/odkrycia           56 pól
[2026-09-10 10:47:11] rysowanie pól              11 ms  /ridemore/odkrycia           56 pól
[2026-09-10 10:47:11] cykl mapy                2 173 ms  /ridemore/odkrycia           8 zadań
[2026-09-10 10:47:11] wolne żądanie          1 642 ms  /ridemore/odkrycia           /ridemore/api/discovery/cells?scope=me&zoom=9&north=50.736455137010665&south=49.50737665842872&east=23.236083984375004&west=19.682006835937504
[2026-09-10 10:47:36] podkład mapy              163 ms  /ridemore/odkrycia           24/24 kafli
[2026-09-10 10:47:36] skarby w kadrze            404 ms  /ridemore/odkrycia           32 pinezek
[2026-09-10 10:47:36] trasy ukończone         1 276 ms  /ridemore/odkrycia           24/24 kafli
[2026-09-10 10:47:36] wolne żądanie          1 506 ms  /ridemore/odkrycia           /ridemore/assets/tiles/slady/kn-historical/8/141/87.png?v=4
[2026-09-10 10:47:36] wolne żądanie          1 526 ms  /ridemore/odkrycia           /ridemore/assets/tiles/slady/kn-historical/8/144/87.png?v=4
[2026-09-10 10:47:36] wolne żądanie          1 551 ms  /ridemore/odkrycia           /ridemore/assets/tiles/slady/kn-historical/8/142/88.png?v=4
[2026-09-10 10:47:36] wolne żądanie          1 571 ms  /ridemore/odkrycia           /ridemore/assets/tiles/slady/kn-historical/8/143/88.png?v=4
[2026-09-10 10:47:36] wolne żądanie          1 616 ms  /ridemore/odkrycia           /ridemore/assets/tiles/slady/kn-historical/8/141/85.png?v=4
[2026-09-10 10:47:36] wolne żądanie          1 649 ms  /ridemore/odkrycia           /ridemore/assets/tiles/slady/kn-historical/8/144/85.png?v=4
[2026-09-10 10:47:36] wolne żądanie          1 671 ms  /ridemore/odkrycia           /ridemore/assets/tiles/slady/kn-historical/8/141/88.png?v=4
[2026-09-10 10:47:36] wolne żądanie          1 706 ms  /ridemore/odkrycia           /ridemore/assets/tiles/slady/kn-historical/8/144/88.png?v=4
[2026-09-10 10:47:36] wolne żądanie          1 747 ms  /ridemore/odkrycia           /ridemore/assets/tiles/slady/kn-historical/8/140/86.png?v=4
[2026-09-10 10:47:36] wolne żądanie          1 781 ms  /ridemore/odkrycia           /ridemore/assets/tiles/slady/kn-historical/8/145/86.png?v=4
[2026-09-10 10:47:36] wolne żądanie          1 819 ms  /ridemore/odkrycia           /ridemore/assets/tiles/slady/kn-historical/8/140/87.png?v=4
[2026-09-10 10:47:36] wolne żądanie          1 861 ms  /ridemore/odkrycia           /ridemore/assets/tiles/slady/kn-historical/8/145/87.png?v=4
[2026-09-10 10:47:36] wolne żądanie          1 879 ms  /ridemore/odkrycia           /ridemore/assets/tiles/slady/kn-historical/8/140/85.png?v=4
[2026-09-10 10:47:36] wolne żądanie          1 902 ms  /ridemore/odkrycia           /ridemore/assets/tiles/slady/kn-historical/8/145/85.png?v=4
[2026-09-10 10:47:36] wolne żądanie          1 936 ms  /ridemore/odkrycia           /ridemore/assets/tiles/slady/kn-historical/8/140/88.png?v=4
[2026-09-10 10:47:36] wolne żądanie          1 958 ms  /ridemore/odkrycia           /ridemore/assets/tiles/slady/kn-historical/8/145/88.png?v=4
[2026-09-10 10:47:36] trasy nieukończone      1 977 ms  /ridemore/odkrycia           24/24 kafli
[2026-09-10 10:47:36] wolne żądanie          1 972 ms  /ridemore/odkrycia           /ridemore/assets/tiles/slady/me/8/142/86.png?v=1
[2026-09-10 10:47:36] wolne żądanie          1 994 ms  /ridemore/odkrycia           /ridemore/assets/tiles/slady/me/8/143/86.png?v=1
[2026-09-10 10:47:36] wolne żądanie          2 002 ms  /ridemore/odkrycia           /ridemore/assets/tiles/slady/me/8/142/87.png?v=1
[2026-09-10 10:47:36] wolne żądanie          2 032 ms  /ridemore/odkrycia           /ridemore/assets/tiles/slady/me/8/143/87.png?v=1
[2026-09-10 10:47:36] wolne żądanie          2 071 ms  /ridemore/odkrycia           /ridemore/assets/tiles/slady/me/8/142/85.png?v=1
[2026-09-10 10:47:36] wolne żądanie          2 104 ms  /ridemore/odkrycia           /ridemore/assets/tiles/slady/me/8/143/85.png?v=1
[2026-09-10 10:47:36] wolne żądanie          2 136 ms  /ridemore/odkrycia           /ridemore/assets/tiles/slady/me/8/141/86.png?v=1
[2026-09-10 10:47:36] wolne żądanie          2 148 ms  /ridemore/odkrycia           /ridemore/assets/tiles/slady/me/8/144/86.png?v=1
[2026-09-10 10:47:36] wolne żądanie          2 161 ms  /ridemore/odkrycia           /ridemore/assets/tiles/slady/me/8/141/87.png?v=1
[2026-09-10 10:47:36] wolne żądanie          2 175 ms  /ridemore/odkrycia           /ridemore/assets/tiles/slady/me/8/144/87.png?v=1
[2026-09-10 10:47:36] wolne żądanie          2 190 ms  /ridemore/odkrycia           /ridemore/assets/tiles/slady/me/8/142/88.png?v=1
[2026-09-10 10:47:36] wolne żądanie          2 204 ms  /ridemore/odkrycia           /ridemore/assets/tiles/slady/me/8/143/88.png?v=1
[2026-09-10 10:47:36] wolne żądanie          2 232 ms  /ridemore/odkrycia           /ridemore/assets/tiles/slady/me/8/141/85.png?v=1
[2026-09-10 10:47:36] wolne żądanie          2 259 ms  /ridemore/odkrycia           /ridemore/assets/tiles/slady/me/8/144/85.png?v=1
[2026-09-10 10:47:36] wolne żądanie          2 274 ms  /ridemore/odkrycia           /ridemore/assets/tiles/slady/me/8/141/88.png?v=1
[2026-09-10 10:47:36] wolne żądanie          2 303 ms  /ridemore/odkrycia           /ridemore/assets/tiles/slady/me/8/144/88.png?v=1
[2026-09-10 10:47:36] wolne żądanie          2 316 ms  /ridemore/odkrycia           /ridemore/assets/tiles/slady/me/8/140/86.png?v=1
[2026-09-10 10:47:36] wolne żądanie          2 327 ms  /ridemore/odkrycia           /ridemore/assets/tiles/slady/me/8/145/86.png?v=1
[2026-09-10 10:47:36] wolne żądanie          2 360 ms  /ridemore/odkrycia           /ridemore/assets/tiles/slady/me/8/140/87.png?v=1
[2026-09-10 10:47:36] wolne żądanie          2 370 ms  /ridemore/odkrycia           /ridemore/assets/tiles/slady/me/8/145/87.png?v=1
[2026-09-10 10:47:36] wolne żądanie          2 397 ms  /ridemore/odkrycia           /ridemore/assets/tiles/slady/me/8/140/85.png?v=1
[2026-09-10 10:47:36] wolne żądanie          2 409 ms  /ridemore/odkrycia           /ridemore/assets/tiles/slady/me/8/145/85.png?v=1
[2026-09-10 10:47:36] wolne żądanie          2 422 ms  /ridemore/odkrycia           /ridemore/assets/tiles/slady/me/8/140/88.png?v=1
[2026-09-10 10:47:36] wolne żądanie          2 435 ms  /ridemore/odkrycia           /ridemore/assets/tiles/slady/me/8/145/88.png?v=1
[2026-09-10 10:47:36] ślady przejazdów       2 450 ms  /ridemore/odkrycia           24/24 kafli
[2026-09-10 10:47:36] pola odkryć             2 210 ms  /ridemore/odkrycia           81 pól
[2026-09-10 10:47:36] rysowanie pól               2 ms  /ridemore/odkrycia           81 pól
[2026-09-10 10:47:36] cykl mapy                2 496 ms  /ridemore/odkrycia           9 zadań
[2026-09-10 10:47:36] wolne żądanie          2 206 ms  /ridemore/odkrycia           /ridemore/api/discovery/cells?scope=me&zoom=8&north=51.13455469147683&south=48.66557095325139&east=25.010375976562504&west=17.902221679687504
[2026-09-10 10:47:59] skarby w kadrze             55 ms  /ridemore/odkrycia           5 pinezek
[2026-09-10 10:47:59] pola odkryć                65 ms  /ridemore/odkrycia           367 pól
[2026-09-10 10:47:59] rysowanie pól               8 ms  /ridemore/odkrycia           367 pól
[2026-09-10 10:47:59] podkład mapy              263 ms  /ridemore/odkrycia           24/24 kafli
[2026-09-10 10:47:59] trasy ukończone           745 ms  /ridemore/odkrycia           24/24 kafli
[2026-09-10 10:47:59] skarby w kadrze            820 ms  /ridemore/odkrycia           5 pinezek
[2026-09-10 10:47:59] podkład mapy              244 ms  /ridemore/odkrycia           24/24 kafli
[2026-09-10 10:47:59] pola odkryć               855 ms  /ridemore/odkrycia           367 pól
[2026-09-10 10:47:59] rysowanie pól              20 ms  /ridemore/odkrycia           367 pól
[2026-09-10 10:47:59] trasy ukończone           841 ms  /ridemore/odkrycia           24/24 kafli
[2026-09-10 10:47:59] trasy nieukończone      2 369 ms  /ridemore/odkrycia           28/48 kafli
[2026-09-10 10:47:59] wolne żądanie          1 518 ms  /ridemore/odkrycia           /ridemore/assets/tiles/slady/me/11/1145/691.png?v=1
[2026-09-10 10:47:59] wolne żądanie          1 531 ms  /ridemore/odkrycia           /ridemore/assets/tiles/slady/me/11/1146/691.png?v=1
[2026-09-10 10:47:59] wolne żądanie          1 535 ms  /ridemore/odkrycia           /ridemore/assets/tiles/slady/me/11/1145/692.png?v=1
[2026-09-10 10:47:59] wolne żądanie          1 589 ms  /ridemore/odkrycia           /ridemore/assets/tiles/slady/me/11/1146/692.png?v=1
[2026-09-10 10:47:59] wolne żądanie          1 607 ms  /ridemore/odkrycia           /ridemore/assets/tiles/slady/me/11/1145/690.png?v=1
[2026-09-10 10:47:59] wolne żądanie          1 622 ms  /ridemore/odkrycia           /ridemore/assets/tiles/slady/me/11/1146/690.png?v=1
[2026-09-10 10:47:59] wolne żądanie          1 635 ms  /ridemore/odkrycia           /ridemore/assets/tiles/slady/me/11/1144/691.png?v=1
[2026-09-10 10:47:59] wolne żądanie          1 659 ms  /ridemore/odkrycia           /ridemore/assets/tiles/slady/me/11/1147/691.png?v=1
[2026-09-10 10:47:59] wolne żądanie          1 688 ms  /ridemore/odkrycia           /ridemore/assets/tiles/slady/me/11/1144/692.png?v=1
[2026-09-10 10:47:59] wolne żądanie          1 716 ms  /ridemore/odkrycia           /ridemore/assets/tiles/slady/me/11/1147/692.png?v=1
[2026-09-10 10:47:59] wolne żądanie          1 741 ms  /ridemore/odkrycia           /ridemore/assets/tiles/slady/me/11/1145/693.png?v=1
[2026-09-10 10:47:59] wolne żądanie          1 770 ms  /ridemore/odkrycia           /ridemore/assets/tiles/slady/me/11/1146/693.png?v=1
[2026-09-10 10:47:59] wolne żądanie          1 782 ms  /ridemore/odkrycia           /ridemore/assets/tiles/slady/me/11/1144/690.png?v=1
[2026-09-10 10:47:59] wolne żądanie          1 807 ms  /ridemore/odkrycia           /ridemore/assets/tiles/slady/me/11/1147/690.png?v=1
[2026-09-10 10:47:59] wolne żądanie          1 819 ms  /ridemore/odkrycia           /ridemore/assets/tiles/slady/me/11/1144/693.png?v=1
[2026-09-10 10:47:59] wolne żądanie          1 843 ms  /ridemore/odkrycia           /ridemore/assets/tiles/slady/me/11/1147/693.png?v=1
[2026-09-10 10:47:59] wolne żądanie          1 872 ms  /ridemore/odkrycia           /ridemore/assets/tiles/slady/me/11/1143/691.png?v=1
[2026-09-10 10:47:59] wolne żądanie          1 885 ms  /ridemore/odkrycia           /ridemore/assets/tiles/slady/me/11/1148/691.png?v=1
[2026-09-10 10:47:59] wolne żądanie          1 899 ms  /ridemore/odkrycia           /ridemore/assets/tiles/slady/me/11/1143/692.png?v=1
[2026-09-10 10:47:59] wolne żądanie          1 923 ms  /ridemore/odkrycia           /ridemore/assets/tiles/slady/me/11/1148/692.png?v=1
[2026-09-10 10:47:59] wolne żądanie          1 957 ms  /ridemore/odkrycia           /ridemore/assets/tiles/slady/me/11/1143/690.png?v=1
[2026-09-10 10:47:59] wolne żądanie          1 975 ms  /ridemore/odkrycia           /ridemore/assets/tiles/slady/me/11/1148/690.png?v=1
[2026-09-10 10:47:59] skarby w kadrze          1 742 ms  /ridemore/odkrycia           0 pinezek
[2026-09-10 10:47:59] wolne żądanie          1 741 ms  /ridemore/odkrycia           /ridemore/api/treasures?north=50.41726883571085&south=50.110891413789886&east=21.93557739257813&west=21.04705810546875&zoom=11
[2026-09-10 10:47:59] wolne żądanie          2 003 ms  /ridemore/odkrycia           /ridemore/assets/tiles/slady/me/11/1143/693.png?v=1
[2026-09-10 10:47:59] wolne żądanie          2 015 ms  /ridemore/odkrycia           /ridemore/assets/tiles/slady/me/11/1148/693.png?v=1
[2026-09-10 10:47:59] ślady przejazdów       2 900 ms  /ridemore/odkrycia           24/48 kafli
[2026-09-10 10:47:59] pola odkryć             1 556 ms  /ridemore/odkrycia           264 pól
[2026-09-10 10:47:59] rysowanie pól               6 ms  /ridemore/odkrycia           264 pól
[2026-09-10 10:47:59] cykl mapy                2 977 ms  /ridemore/odkrycia           16 zadań
[2026-09-10 10:47:59] wolne żądanie          1 555 ms  /ridemore/odkrycia           /ridemore/api/discovery/cells?scope=me&zoom=11&north=50.41726883571085&south=50.110891413789886&east=21.93557739257813&west=21.04705810546875
[2026-09-10 10:48:04] pola odkryć                30 ms  /ridemore/odkrycia           274 pól
[2026-09-10 10:48:04] rysowanie pól               5 ms  /ridemore/odkrycia           274 pól
[2026-09-10 10:48:04] skarby w kadrze             38 ms  /ridemore/odkrycia           0 pinezek
[2026-09-10 10:48:04] cykl mapy                   39 ms  /ridemore/odkrycia           3 zadań
[2026-09-10 10:48:06] skarby w kadrze             20 ms  /ridemore/odkrycia           0 pinezek
[2026-09-10 10:48:06] pola odkryć                33 ms  /ridemore/odkrycia           270 pól
[2026-09-10 10:48:06] rysowanie pól               5 ms  /ridemore/odkrycia           270 pól
[2026-09-10 10:48:06] cykl mapy                   37 ms  /ridemore/odkrycia           3 zadań
[2026-09-10 10:48:11] skarby w kadrze            262 ms  /ridemore/trasy/wislana-trasa 16 pinezek
[2026-09-10 10:48:11] podkład mapy              293 ms  /ridemore/trasy/wislana-trasa 24/24 kafli
[2026-09-10 10:48:11] znane trasy                571 ms  /ridemore/trasy/wislana-trasa 24/24 kafli
[2026-09-10 10:48:11] ślady przejazdów         941 ms  /ridemore/trasy/wislana-trasa 24/24 kafli
[2026-09-10 10:48:11] pola odkryć               933 ms  /ridemore/trasy/wislana-trasa 51 pól
[2026-09-10 10:48:11] rysowanie pól              10 ms  /ridemore/trasy/wislana-trasa 51 pól
[2026-09-10 10:48:11] cykl mapy                  972 ms  /ridemore/trasy/wislana-trasa 7 zadań
[2026-09-10 10:53:11] podkład mapy              256 ms  /ridemore/trasy/wislana-trasa 24/24 kafli
[2026-09-10 10:53:11] znane trasy                299 ms  /ridemore/trasy/wislana-trasa 24/24 kafli
[2026-09-10 10:53:11] ślady przejazdów         323 ms  /ridemore/trasy/wislana-trasa 24/24 kafli
[2026-09-10 10:53:11] skarby w kadrze            359 ms  /ridemore/trasy/wislana-trasa 16 pinezek
[2026-09-10 10:53:11] pola odkryć               360 ms  /ridemore/trasy/wislana-trasa 51 pól
[2026-09-10 10:53:11] rysowanie pól              10 ms  /ridemore/trasy/wislana-trasa 51 pól
[2026-09-10 10:53:11] cykl mapy                  397 ms  /ridemore/trasy/wislana-trasa 7 zadań
[2026-09-10 10:53:30] podkład mapy              160 ms  /ridemore/trasy/jhjh-aqua-velo 24/24 kafli
[2026-09-10 10:53:30] skarby w kadrze            232 ms  /ridemore/trasy/jhjh-aqua-velo 9 pinezek
[2026-09-10 10:53:30] znane trasy                688 ms  /ridemore/trasy/jhjh-aqua-velo 24/24 kafli
[2026-09-10 10:53:30] pola odkryć             1 029 ms  /ridemore/trasy/jhjh-aqua-velo 47 pól
[2026-09-10 10:53:30] rysowanie pól               2 ms  /ridemore/trasy/jhjh-aqua-velo 47 pól
[2026-09-10 10:53:30] ślady przejazdów       1 056 ms  /ridemore/trasy/jhjh-aqua-velo 24/24 kafli
[2026-09-10 10:53:30] cykl mapy                1 062 ms  /ridemore/trasy/jhjh-aqua-velo 7 zadań
[2026-09-10 10:54:37] podkład mapy               89 ms  /ridemore/trasy/jhjh-aqua-velo 24/24 kafli
[2026-09-10 10:54:37] skarby w kadrze             94 ms  /ridemore/trasy/jhjh-aqua-velo 9 pinezek
[2026-09-10 10:54:37] pola odkryć                92 ms  /ridemore/trasy/jhjh-aqua-velo 47 pól
[2026-09-10 10:54:37] rysowanie pól               2 ms  /ridemore/trasy/jhjh-aqua-velo 47 pól
[2026-09-10 10:54:37] znane trasy                128 ms  /ridemore/trasy/jhjh-aqua-velo 24/24 kafli
[2026-09-10 10:54:37] ślady przejazdów         149 ms  /ridemore/trasy/jhjh-aqua-velo 24/24 kafli
[2026-09-10 10:54:37] cykl mapy                  154 ms  /ridemore/trasy/jhjh-aqua-velo 7 zadań
[2026-09-10 10:54:51] skarby w kadrze             66 ms  /ridemore/events/3-dniowa-petla-bieszczadzka 5 pinezek
[2026-09-10 10:54:51] pola odkryć                68 ms  /ridemore/events/3-dniowa-petla-bieszczadzka 63 pól
[2026-09-10 10:54:51] rysowanie pól              11 ms  /ridemore/events/3-dniowa-petla-bieszczadzka 63 pól
[2026-09-10 10:54:51] podkład mapy              161 ms  /ridemore/events/3-dniowa-petla-bieszczadzka 15/15 kafli
[2026-09-10 10:54:51] pola odkryć                25 ms  /ridemore/events/3-dniowa-petla-bieszczadzka 63 pól
[2026-09-10 10:54:51] rysowanie pól               3 ms  /ridemore/events/3-dniowa-petla-bieszczadzka 63 pól
[2026-09-10 10:54:51] skarby w kadrze             41 ms  /ridemore/events/3-dniowa-petla-bieszczadzka 5 pinezek
[2026-09-10 10:54:51] znane trasy                298 ms  /ridemore/events/3-dniowa-petla-bieszczadzka 15/15 kafli
[2026-09-10 10:54:51] cykl mapy                  354 ms  /ridemore/events/3-dniowa-petla-bieszczadzka 10 zadań
[2026-09-10 10:55:05] pola odkryć                35 ms  /ridemore/events/3-dniowa-petla-bieszczadzka 0 pól
[2026-09-10 10:55:05] rysowanie pól              11 ms  /ridemore/events/3-dniowa-petla-bieszczadzka 0 pól
[2026-09-10 10:55:05] skarby w kadrze             51 ms  /ridemore/events/3-dniowa-petla-bieszczadzka 0 pinezek
[2026-09-10 10:55:05] podkład mapy              105 ms  /ridemore/events/3-dniowa-petla-bieszczadzka 12/12 kafli
[2026-09-10 10:55:05] znane trasy                239 ms  /ridemore/events/3-dniowa-petla-bieszczadzka 12/12 kafli
[2026-09-10 10:55:05] cykl mapy                  241 ms  /ridemore/events/3-dniowa-petla-bieszczadzka 5 zadań
[2026-09-10 10:55:05] pola odkryć                24 ms  /ridemore/events/3-dniowa-petla-bieszczadzka 0 pól
[2026-09-10 10:55:05] rysowanie pól               4 ms  /ridemore/events/3-dniowa-petla-bieszczadzka 0 pól
[2026-09-10 10:55:05] skarby w kadrze             28 ms  /ridemore/events/3-dniowa-petla-bieszczadzka 0 pinezek
[2026-09-10 10:55:05] cykl mapy                   28 ms  /ridemore/events/3-dniowa-petla-bieszczadzka 3 zadań
[2026-09-10 10:56:17] podkład mapy              101 ms  /ridemore/trasy/jhjh-aqua-velo 24/24 kafli
[2026-09-10 10:56:17] skarby w kadrze            100 ms  /ridemore/trasy/jhjh-aqua-velo 9 pinezek
[2026-09-10 10:56:17] pola odkryć               101 ms  /ridemore/trasy/jhjh-aqua-velo 47 pól
[2026-09-10 10:56:17] rysowanie pól               2 ms  /ridemore/trasy/jhjh-aqua-velo 47 pól
[2026-09-10 10:56:17] znane trasy                127 ms  /ridemore/trasy/jhjh-aqua-velo 24/24 kafli
[2026-09-10 10:56:17] ślady przejazdów         144 ms  /ridemore/trasy/jhjh-aqua-velo 24/24 kafli
[2026-09-10 10:56:17] cykl mapy                  149 ms  /ridemore/trasy/jhjh-aqua-velo 7 zadań
[2026-09-10 10:59:06] podkład mapy              161 ms  /ridemore/odkrycia           24/24 kafli
[2026-09-10 10:59:06] trasy ukończone           188 ms  /ridemore/odkrycia           24/24 kafli
[2026-09-10 10:59:06] trasy nieukończone        223 ms  /ridemore/odkrycia           24/24 kafli
[2026-09-10 10:59:06] skarby w kadrze            309 ms  /ridemore/odkrycia           32 pinezek
[2026-09-10 10:59:06] ślady przejazdów         720 ms  /ridemore/odkrycia           24/24 kafli
[2026-09-10 10:59:06] pola odkryć               719 ms  /ridemore/odkrycia           81 pól
[2026-09-10 10:59:06] rysowanie pól               2 ms  /ridemore/odkrycia           81 pól
[2026-09-10 10:59:06] cykl mapy                  760 ms  /ridemore/odkrycia           8 zadań
[2026-09-10 10:59:20] podkład mapy              101 ms  /ridemore/trasy/jhjh-aqua-velo 24/24 kafli
[2026-09-10 10:59:20] skarby w kadrze             94 ms  /ridemore/trasy/jhjh-aqua-velo 9 pinezek
[2026-09-10 10:59:20] pola odkryć                82 ms  /ridemore/trasy/jhjh-aqua-velo 47 pól
[2026-09-10 10:59:20] rysowanie pól               3 ms  /ridemore/trasy/jhjh-aqua-velo 47 pól
[2026-09-10 10:59:20] znane trasy                123 ms  /ridemore/trasy/jhjh-aqua-velo 24/24 kafli
[2026-09-10 10:59:20] ślady przejazdów         129 ms  /ridemore/trasy/jhjh-aqua-velo 24/24 kafli
[2026-09-10 10:59:20] cykl mapy                  135 ms  /ridemore/trasy/jhjh-aqua-velo 7 zadań
[2026-09-10 11:09:07] podkład mapy              223 ms  /ridemore/trasy/jhjh-aqua-velo 6/6 kafli
[2026-09-10 11:09:07] cykl mapy                  223 ms  /ridemore/trasy/jhjh-aqua-velo 1 zadań
[2026-09-10 11:09:07] skarby w kadrze             40 ms  /ridemore/trasy/jhjh-aqua-velo 10 pinezek
[2026-09-10 11:09:07] pola odkryć                57 ms  /ridemore/trasy/jhjh-aqua-velo 47 pól
[2026-09-10 11:09:07] rysowanie pól               2 ms  /ridemore/trasy/jhjh-aqua-velo 47 pól
[2026-09-10 11:09:07] cykl mapy                   59 ms  /ridemore/trasy/jhjh-aqua-velo 3 zadań
[2026-09-10 11:09:47] podkład mapy              110 ms  /ridemore/trasy/jhjh-aqua-velo 4/4 kafli
[2026-09-10 11:09:47] cykl mapy                  110 ms  /ridemore/trasy/jhjh-aqua-velo 1 zadań
[2026-09-10 11:09:47] skarby w kadrze             26 ms  /ridemore/trasy/jhjh-aqua-velo 9 pinezek
[2026-09-10 11:09:47] pola odkryć                33 ms  /ridemore/trasy/jhjh-aqua-velo 53 pól
[2026-09-10 11:09:47] rysowanie pól               1 ms  /ridemore/trasy/jhjh-aqua-velo 53 pól
[2026-09-10 11:09:47] znane trasy                105 ms  /ridemore/trasy/jhjh-aqua-velo 3/3 kafli
[2026-09-10 11:09:47] ślady przejazdów         128 ms  /ridemore/trasy/jhjh-aqua-velo 3/3 kafli
[2026-09-10 11:09:47] cykl mapy                  129 ms  /ridemore/trasy/jhjh-aqua-velo 5 zadań
[2026-09-10 11:09:54] pola odkryć                22 ms  /ridemore/trasy/jhjh-aqua-velo 47 pól
[2026-09-10 11:09:54] rysowanie pól               1 ms  /ridemore/trasy/jhjh-aqua-velo 47 pól
[2026-09-10 11:09:54] skarby w kadrze             24 ms  /ridemore/trasy/jhjh-aqua-velo 9 pinezek
[2026-09-10 11:09:54] cykl mapy                   24 ms  /ridemore/trasy/jhjh-aqua-velo 3 zadań
[2026-09-10 11:18:01] skarby w kadrze             29 ms  /ridemore/trasy/jhjh-aqua-velo 1 pinezek
[2026-09-10 11:18:01] pola odkryć                31 ms  /ridemore/trasy/jhjh-aqua-velo 0 pól
[2026-09-10 11:18:01] rysowanie pól               0 ms  /ridemore/trasy/jhjh-aqua-velo 0 pól
[2026-09-10 11:18:01] znane trasy                360 ms  /ridemore/trasy/jhjh-aqua-velo 18/18 kafli
[2026-09-10 11:18:01] podkład mapy              403 ms  /ridemore/trasy/jhjh-aqua-velo 18/18 kafli
[2026-09-10 11:18:01] pola odkryć               360 ms  /ridemore/trasy/jhjh-aqua-velo 0 pól
[2026-09-10 11:18:01] rysowanie pól               1 ms  /ridemore/trasy/jhjh-aqua-velo 0 pól
[2026-09-10 11:18:01] skarby w kadrze            364 ms  /ridemore/trasy/jhjh-aqua-velo 1 pinezek
[2026-09-10 11:18:01] ślady przejazdów         625 ms  /ridemore/trasy/jhjh-aqua-velo 18/18 kafli
[2026-09-10 11:18:01] cykl mapy                  628 ms  /ridemore/trasy/jhjh-aqua-velo 9 zadań
[2026-09-10 11:18:01] podkład mapy              177 ms  /ridemore/trasy/jhjh-aqua-velo 18/18 kafli
[2026-09-10 11:18:01] podkład mapy              137 ms  /ridemore/trasy/jhjh-aqua-velo 24/24 kafli
[2026-09-10 11:18:01] skarby w kadrze            139 ms  /ridemore/trasy/jhjh-aqua-velo 8 pinezek
[2026-09-10 11:18:01] pola odkryć               143 ms  /ridemore/trasy/jhjh-aqua-velo 53 pól
[2026-09-10 11:18:01] rysowanie pól               1 ms  /ridemore/trasy/jhjh-aqua-velo 53 pól
[2026-09-10 11:18:01] znane trasy                428 ms  /ridemore/trasy/jhjh-aqua-velo 36/42 kafli
[2026-09-10 11:18:01] ślady przejazdów         445 ms  /ridemore/trasy/jhjh-aqua-velo 24/42 kafli
[2026-09-10 11:18:01] cykl mapy                  451 ms  /ridemore/trasy/jhjh-aqua-velo 7 zadań
[2026-09-10 11:18:01] pola odkryć                44 ms  /ridemore/trasy/jhjh-aqua-velo 53 pól
[2026-09-10 11:18:01] rysowanie pól               1 ms  /ridemore/trasy/jhjh-aqua-velo 53 pól
[2026-09-10 11:18:01] skarby w kadrze             47 ms  /ridemore/trasy/jhjh-aqua-velo 8 pinezek
[2026-09-10 11:18:01] cykl mapy                   47 ms  /ridemore/trasy/jhjh-aqua-velo 3 zadań
[2026-09-10 11:18:01] podkład mapy                9 ms  /ridemore/trasy/jhjh-aqua-velo 4/4 kafli
[2026-09-10 11:18:01] cykl mapy                    9 ms  /ridemore/trasy/jhjh-aqua-velo 1 zadań
[2026-09-10 11:18:01] znane trasy                 18 ms  /ridemore/trasy/jhjh-aqua-velo 4/4 kafli
[2026-09-10 11:18:01] ślady przejazdów          17 ms  /ridemore/trasy/jhjh-aqua-velo 4/4 kafli
[2026-09-10 11:18:01] pola odkryć                22 ms  /ridemore/trasy/jhjh-aqua-velo 47 pól
[2026-09-10 11:18:01] rysowanie pól               1 ms  /ridemore/trasy/jhjh-aqua-velo 47 pól
[2026-09-10 11:18:01] skarby w kadrze             36 ms  /ridemore/trasy/jhjh-aqua-velo 11 pinezek
[2026-09-10 11:18:01] cykl mapy                   37 ms  /ridemore/trasy/jhjh-aqua-velo 5 zadań
[2026-09-10 11:35:19] skarby w kadrze             20 ms  /ridemore/rowerzysta/smoke-test-organizer 0 pinezek
[2026-09-10 11:35:19] pola odkryć                62 ms  /ridemore/rowerzysta/smoke-test-organizer 0 pól
[2026-09-10 11:35:19] rysowanie pól               1 ms  /ridemore/rowerzysta/smoke-test-organizer 0 pól
[2026-09-10 11:35:19] pola odkryć                70 ms  /ridemore/rowerzysta/smoke-test-organizer 0 pól
[2026-09-10 11:35:19] rysowanie pól               1 ms  /ridemore/rowerzysta/smoke-test-organizer 0 pól
[2026-09-10 11:35:19] skarby w kadrze             74 ms  /ridemore/rowerzysta/smoke-test-organizer 0 pinezek
[2026-09-10 11:35:19] trasy ukończone           343 ms  /ridemore/rowerzysta/smoke-test-organizer 18/18 kafli
[2026-09-10 11:35:19] trasy nieukończone        654 ms  /ridemore/rowerzysta/smoke-test-organizer 18/18 kafli
[2026-09-10 11:35:19] podkład mapy              773 ms  /ridemore/rowerzysta/smoke-test-organizer 18/18 kafli
[2026-09-10 11:35:19] ślady przejazdów       1 031 ms  /ridemore/rowerzysta/smoke-test-organizer 18/18 kafli
[2026-09-10 11:35:19] cykl mapy                1 085 ms  /ridemore/rowerzysta/smoke-test-organizer 10 zadań
[2026-09-10 11:39:19] trasy ukończone           364 ms  /ridemore/rowerzysta/smoke-test-organizer 22/24 kafli
[2026-09-10 11:39:19] trasy nieukończone        382 ms  /ridemore/rowerzysta/smoke-test-organizer 21/24 kafli
[2026-09-10 11:39:19] ślady przejazdów         402 ms  /ridemore/rowerzysta/smoke-test-organizer 18/24 kafli
[2026-09-10 11:39:19] skarby w kadrze            403 ms  /ridemore/rowerzysta/smoke-test-organizer 0 pinezek
[2026-09-10 11:39:19] pola odkryć               158 ms  /ridemore/rowerzysta/smoke-test-organizer 0 pól
[2026-09-10 11:39:19] rysowanie pól               1 ms  /ridemore/rowerzysta/smoke-test-organizer 0 pól
[2026-09-10 11:39:19] pola odkryć                48 ms  /ridemore/rowerzysta/smoke-test-organizer 0 pól
[2026-09-10 11:39:19] rysowanie pól               1 ms  /ridemore/rowerzysta/smoke-test-organizer 0 pól
[2026-09-10 11:39:19] skarby w kadrze             87 ms  /ridemore/rowerzysta/smoke-test-organizer 0 pinezek
[2026-09-10 11:39:19] podkład mapy              918 ms  /ridemore/rowerzysta/smoke-test-organizer 21/24 kafli
[2026-09-10 11:39:19] cykl mapy                  918 ms  /ridemore/rowerzysta/smoke-test-organizer 11 zadań
[2026-09-10 11:39:41] trasy ukończone           232 ms  /ridemore/rowerzysta/test-rowerzysta 6/6 kafli
[2026-09-10 11:39:41] podkład mapy              252 ms  /ridemore/rowerzysta/test-rowerzysta 6/6 kafli
[2026-09-10 11:39:41] podkład mapy               29 ms  /ridemore/rowerzysta/test-rowerzysta 18/18 kafli
[2026-09-10 11:39:41] skarby w kadrze            348 ms  /ridemore/rowerzysta/test-rowerzysta 0 pinezek
[2026-09-10 11:39:41] pola odkryć               106 ms  /ridemore/rowerzysta/test-rowerzysta 26 pól
[2026-09-10 11:39:41] rysowanie pól               2 ms  /ridemore/rowerzysta/test-rowerzysta 26 pól
[2026-09-10 11:39:41] podkład mapy              345 ms  /ridemore/rowerzysta/test-rowerzysta 24/24 kafli
[2026-09-10 11:39:41] trasy ukończone           713 ms  /ridemore/rowerzysta/test-rowerzysta 24/42 kafli
[2026-09-10 11:39:41] trasy nieukończone      1 482 ms  /ridemore/rowerzysta/test-rowerzysta 24/48 kafli
[2026-09-10 11:39:41] wolne żądanie          1 520 ms  /ridemore/rowerzysta/test-rowerzysta /ridemore/assets/tiles/slady/u-test-rowerzysta/9/277/166.png?v=6
[2026-09-10 11:39:41] wolne żądanie          1 544 ms  /ridemore/rowerzysta/test-rowerzysta /ridemore/assets/tiles/slady/u-test-rowerzysta/9/282/166.png?v=6
[2026-09-10 11:39:41] wolne żądanie          1 567 ms  /ridemore/rowerzysta/test-rowerzysta /ridemore/assets/tiles/slady/u-test-rowerzysta/9/277/169.png?v=6
[2026-09-10 11:39:41] skarby w kadrze          1 445 ms  /ridemore/rowerzysta/test-rowerzysta 0 pinezek
[2026-09-10 11:39:41] wolne żądanie          1 583 ms  /ridemore/rowerzysta/test-rowerzysta /ridemore/assets/tiles/slady/u-test-rowerzysta/9/282/169.png?v=6
[2026-09-10 11:39:41] ślady przejazdów       1 992 ms  /ridemore/rowerzysta/test-rowerzysta 24/48 kafli
[2026-09-10 11:39:41] pola odkryć             1 101 ms  /ridemore/rowerzysta/test-rowerzysta 26 pól
[2026-09-10 11:39:41] rysowanie pól               9 ms  /ridemore/rowerzysta/test-rowerzysta 26 pól
[2026-09-10 11:39:41] cykl mapy                2 019 ms  /ridemore/rowerzysta/test-rowerzysta 15 zadań
[2026-09-10 11:39:46] podkład mapy              119 ms  /ridemore/rowerzysta/test-rowerzysta 9/9 kafli
[2026-09-10 11:39:46] skarby w kadrze            105 ms  /ridemore/rowerzysta/test-rowerzysta 0 pinezek
[2026-09-10 11:39:46] pola odkryć               107 ms  /ridemore/rowerzysta/test-rowerzysta 5 pól
[2026-09-10 11:39:46] rysowanie pól               9 ms  /ridemore/rowerzysta/test-rowerzysta 5 pól
[2026-09-10 11:39:46] podkład mapy              282 ms  /ridemore/rowerzysta/test-rowerzysta 24/24 kafli
[2026-09-10 11:39:46] trasy ukończone           839 ms  /ridemore/rowerzysta/test-rowerzysta 32/33 kafli
[2026-09-10 11:39:46] trasy nieukończone      1 358 ms  /ridemore/rowerzysta/test-rowerzysta 24/33 kafli
[2026-09-10 11:39:46] wolne żądanie          1 514 ms  /ridemore/rowerzysta/test-rowerzysta /ridemore/assets/tiles/slady/u-test-rowerzysta/7/72/40.png?v=6
[2026-09-10 11:39:46] wolne żądanie          1 538 ms  /ridemore/rowerzysta/test-rowerzysta /ridemore/assets/tiles/slady/u-test-rowerzysta/7/67/43.png?v=6
[2026-09-10 11:39:46] skarby w kadrze          1 306 ms  /ridemore/rowerzysta/test-rowerzysta 0 pinezek
[2026-09-10 11:39:46] pola odkryć             1 313 ms  /ridemore/rowerzysta/test-rowerzysta 5 pól
[2026-09-10 11:39:46] rysowanie pól               6 ms  /ridemore/rowerzysta/test-rowerzysta 5 pól
[2026-09-10 11:39:46] wolne żądanie          1 554 ms  /ridemore/rowerzysta/test-rowerzysta /ridemore/assets/tiles/slady/u-test-rowerzysta/7/72/43.png?v=6
[2026-09-10 11:39:46] ślady przejazdów       1 845 ms  /ridemore/rowerzysta/test-rowerzysta 24/33 kafli
[2026-09-10 11:39:46] cykl mapy                1 851 ms  /ridemore/rowerzysta/test-rowerzysta 11 zadań
[2026-09-10 12:41:48] podkład mapy              389 ms  /ridemore/rowerzysta/test-rowerzysta 24/24 kafli
[2026-09-10 12:41:48] trasy ukończone           678 ms  /ridemore/rowerzysta/test-rowerzysta 24/24 kafli
[2026-09-10 12:41:48] pola odkryć               569 ms  /ridemore/rowerzysta/test-rowerzysta 26 pól
[2026-09-10 12:41:48] rysowanie pól               3 ms  /ridemore/rowerzysta/test-rowerzysta 26 pól
[2026-09-10 12:41:48] skarby w kadrze            831 ms  /ridemore/rowerzysta/test-rowerzysta 0 pinezek
[2026-09-10 12:41:48] skarby w kadrze             44 ms  /ridemore/rowerzysta/test-rowerzysta 0 pinezek
[2026-09-10 12:41:48] pola odkryć                46 ms  /ridemore/rowerzysta/test-rowerzysta 162 pól
[2026-09-10 12:41:48] rysowanie pól               2 ms  /ridemore/rowerzysta/test-rowerzysta 162 pól
[2026-09-10 12:41:48] podkład mapy              190 ms  /ridemore/rowerzysta/test-rowerzysta 18/18 kafli
[2026-09-10 12:41:48] trasy ukończone           425 ms  /ridemore/rowerzysta/test-rowerzysta 18/18 kafli
[2026-09-10 12:41:48] trasy nieukończone      2 043 ms  /ridemore/rowerzysta/test-rowerzysta 26/42 kafli
[2026-09-10 12:41:48] ślady przejazdów       2 450 ms  /ridemore/rowerzysta/test-rowerzysta 21/46 kafli
[2026-09-10 12:41:48] pola odkryć             1 030 ms  /ridemore/rowerzysta/test-rowerzysta 162 pól
[2026-09-10 12:41:48] rysowanie pól               1 ms  /ridemore/rowerzysta/test-rowerzysta 162 pól
[2026-09-10 12:41:48] skarby w kadrze          1 036 ms  /ridemore/rowerzysta/test-rowerzysta 0 pinezek
[2026-09-10 12:41:48] cykl mapy                2 481 ms  /ridemore/rowerzysta/test-rowerzysta 16 zadań
[2026-09-10 12:41:48] podkład mapy              222 ms  /ridemore/rowerzysta/test-rowerzysta 24/24 kafli
[2026-09-10 12:41:48] trasy ukończone           517 ms  /ridemore/rowerzysta/test-rowerzysta 24/24 kafli
[2026-09-10 12:41:48] trasy nieukończone        951 ms  /ridemore/rowerzysta/test-rowerzysta 24/24 kafli
[2026-09-10 12:41:48] skarby w kadrze          1 244 ms  /ridemore/rowerzysta/test-rowerzysta 0 pinezek
[2026-09-10 12:41:48] ślady przejazdów       1 504 ms  /ridemore/rowerzysta/test-rowerzysta 24/24 kafli
[2026-09-10 12:41:48] pola odkryć             1 023 ms  /ridemore/rowerzysta/test-rowerzysta 135 pól
[2026-09-10 12:41:48] rysowanie pól               2 ms  /ridemore/rowerzysta/test-rowerzysta 135 pól
[2026-09-10 12:41:48] cykl mapy                1 546 ms  /ridemore/rowerzysta/test-rowerzysta 8 zadań
[2026-09-10 12:41:51] pola odkryć                51 ms  /ridemore/rowerzysta/test-rowerzysta 47 pól
[2026-09-10 12:41:51] rysowanie pól              10 ms  /ridemore/rowerzysta/test-rowerzysta 47 pól
[2026-09-10 12:41:51] skarby w kadrze             64 ms  /ridemore/rowerzysta/test-rowerzysta 0 pinezek
[2026-09-10 12:41:51] podkład mapy              171 ms  /ridemore/rowerzysta/test-rowerzysta 24/24 kafli
[2026-09-10 12:41:51] trasy ukończone           652 ms  /ridemore/rowerzysta/test-rowerzysta 24/24 kafli
[2026-09-10 12:41:51] trasy nieukończone      1 162 ms  /ridemore/rowerzysta/test-rowerzysta 24/24 kafli
[2026-09-10 12:41:51] wolne żądanie          1 511 ms  /ridemore/rowerzysta/test-rowerzysta /ridemore/assets/tiles/slady/u-test-rowerzysta/13/4486/2683.png?v=6
[2026-09-10 12:41:51] wolne żądanie          1 525 ms  /ridemore/rowerzysta/test-rowerzysta /ridemore/assets/tiles/slady/u-test-rowerzysta/13/4481/2684.png?v=6
[2026-09-10 12:41:51] wolne żądanie          1 541 ms  /ridemore/rowerzysta/test-rowerzysta /ridemore/assets/tiles/slady/u-test-rowerzysta/13/4486/2684.png?v=6
[2026-09-10 12:41:51] wolne żądanie          1 555 ms  /ridemore/rowerzysta/test-rowerzysta /ridemore/assets/tiles/slady/u-test-rowerzysta/13/4481/2682.png?v=6
[2026-09-10 12:41:51] wolne żądanie          1 570 ms  /ridemore/rowerzysta/test-rowerzysta /ridemore/assets/tiles/slady/u-test-rowerzysta/13/4486/2682.png?v=6
[2026-09-10 12:41:51] wolne żądanie          1 583 ms  /ridemore/rowerzysta/test-rowerzysta /ridemore/assets/tiles/slady/u-test-rowerzysta/13/4481/2685.png?v=6
[2026-09-10 12:41:51] wolne żądanie          1 598 ms  /ridemore/rowerzysta/test-rowerzysta /ridemore/assets/tiles/slady/u-test-rowerzysta/13/4486/2685.png?v=6
[2026-09-10 12:41:51] ślady przejazdów       1 610 ms  /ridemore/rowerzysta/test-rowerzysta 24/24 kafli
[2026-09-10 12:41:51] pola odkryć             1 360 ms  /ridemore/rowerzysta/test-rowerzysta 47 pól
[2026-09-10 12:41:51] rysowanie pól               7 ms  /ridemore/rowerzysta/test-rowerzysta 47 pól
[2026-09-10 12:41:51] skarby w kadrze          1 370 ms  /ridemore/rowerzysta/test-rowerzysta 0 pinezek
[2026-09-10 12:41:51] cykl mapy                1 636 ms  /ridemore/rowerzysta/test-rowerzysta 10 zadań
[2026-09-10 17:45:16] trasy ukończone           178 ms  /ridemore/odkrycia           24/24 kafli
[2026-09-10 17:45:16] trasy nieukończone        183 ms  /ridemore/odkrycia           24/24 kafli
[2026-09-10 17:45:16] skarby w kadrze            425 ms  /ridemore/odkrycia           32 pinezek
[2026-09-10 17:45:16] podkład mapy              469 ms  /ridemore/odkrycia           24/24 kafli
[2026-09-10 17:45:16] ślady przejazdów         978 ms  /ridemore/odkrycia           24/24 kafli
[2026-09-10 17:45:16] pola odkryć               960 ms  /ridemore/odkrycia           81 pól
[2026-09-10 17:45:16] rysowanie pól               3 ms  /ridemore/odkrycia           81 pól
[2026-09-10 17:45:16] cykl mapy                1 012 ms  /ridemore/odkrycia           8 zadań
[2026-09-10 17:45:20] podkład mapy              105 ms  /ridemore/trasy/jhjh-aqua-velo 24/24 kafli
[2026-09-10 17:45:20] skarby w kadrze            102 ms  /ridemore/trasy/jhjh-aqua-velo 9 pinezek
[2026-09-10 17:45:20] pola odkryć                85 ms  /ridemore/trasy/jhjh-aqua-velo 47 pól
[2026-09-10 17:45:20] rysowanie pól               2 ms  /ridemore/trasy/jhjh-aqua-velo 47 pól
[2026-09-10 17:45:20] znane trasy                130 ms  /ridemore/trasy/jhjh-aqua-velo 24/24 kafli
[2026-09-10 17:45:20] ślady przejazdów         155 ms  /ridemore/trasy/jhjh-aqua-velo 24/24 kafli
[2026-09-10 17:45:20] cykl mapy                  161 ms  /ridemore/trasy/jhjh-aqua-velo 7 zadań
[2026-09-10 17:45:20] skarby w kadrze             46 ms  /ridemore/trasy/jhjh-aqua-velo 1 pinezek
[2026-09-10 17:45:20] pola odkryć                51 ms  /ridemore/trasy/jhjh-aqua-velo 0 pól
[2026-09-10 17:45:20] rysowanie pól               1 ms  /ridemore/trasy/jhjh-aqua-velo 0 pól
[2026-09-10 17:45:20] podkład mapy              204 ms  /ridemore/trasy/jhjh-aqua-velo 24/24 kafli
[2026-09-10 17:45:20] znane trasy                308 ms  /ridemore/trasy/jhjh-aqua-velo 24/24 kafli
[2026-09-10 17:45:20] pola odkryć               195 ms  /ridemore/trasy/jhjh-aqua-velo 0 pól
[2026-09-10 17:45:20] rysowanie pól               1 ms  /ridemore/trasy/jhjh-aqua-velo 0 pól
[2026-09-10 17:45:20] skarby w kadrze            200 ms  /ridemore/trasy/jhjh-aqua-velo 1 pinezek
[2026-09-10 17:45:20] ślady przejazdów         474 ms  /ridemore/trasy/jhjh-aqua-velo 24/24 kafli
[2026-09-10 17:45:20] cykl mapy                  491 ms  /ridemore/trasy/jhjh-aqua-velo 9 zadań
[2026-09-10 17:45:27] pola odkryć                73 ms  /ridemore/trasy/jhjh-aqua-velo 47 pól
[2026-09-10 17:45:27] rysowanie pól               3 ms  /ridemore/trasy/jhjh-aqua-velo 47 pól
[2026-09-10 17:45:27] skarby w kadrze             95 ms  /ridemore/trasy/jhjh-aqua-velo 9 pinezek
[2026-09-10 17:45:27] znane trasy                137 ms  /ridemore/trasy/jhjh-aqua-velo 24/24 kafli
[2026-09-10 17:45:27] ślady przejazdów         163 ms  /ridemore/trasy/jhjh-aqua-velo 24/24 kafli
[2026-09-10 17:45:27] podkład mapy              353 ms  /ridemore/trasy/jhjh-aqua-velo 24/24 kafli
[2026-09-10 17:45:27] cykl mapy                  354 ms  /ridemore/trasy/jhjh-aqua-velo 7 zadań
[2026-09-10 17:45:30] znane trasy                 86 ms  /ridemore/events/3-dniowa-petla-bieszczadzka 15/15 kafli
[2026-09-10 17:45:30] pola odkryć                90 ms  /ridemore/events/3-dniowa-petla-bieszczadzka 63 pól
[2026-09-10 17:45:30] rysowanie pól               9 ms  /ridemore/events/3-dniowa-petla-bieszczadzka 63 pól
[2026-09-10 17:45:30] skarby w kadrze             99 ms  /ridemore/events/3-dniowa-petla-bieszczadzka 5 pinezek
[2026-09-10 17:45:30] pola odkryć                21 ms  /ridemore/events/3-dniowa-petla-bieszczadzka 63 pól
[2026-09-10 17:45:30] rysowanie pól               5 ms  /ridemore/events/3-dniowa-petla-bieszczadzka 63 pól
[2026-09-10 17:45:30] skarby w kadrze             35 ms  /ridemore/events/3-dniowa-petla-bieszczadzka 5 pinezek
[2026-09-10 17:45:30] podkład mapy              310 ms  /ridemore/events/3-dniowa-petla-bieszczadzka 15/15 kafli
[2026-09-10 17:45:30] cykl mapy                  378 ms  /ridemore/events/3-dniowa-petla-bieszczadzka 10 zadań
[2026-09-10 17:45:35] znane trasy                143 ms  /ridemore/events/3-dniowa-petla-bieszczadzka 15/15 kafli
[2026-09-10 17:45:35] pola odkryć               142 ms  /ridemore/events/3-dniowa-petla-bieszczadzka 63 pól
[2026-09-10 17:45:35] rysowanie pól               5 ms  /ridemore/events/3-dniowa-petla-bieszczadzka 63 pól
[2026-09-10 17:45:35] skarby w kadrze            148 ms  /ridemore/events/3-dniowa-petla-bieszczadzka 5 pinezek
[2026-09-10 17:45:35] pola odkryć                31 ms  /ridemore/events/3-dniowa-petla-bieszczadzka 63 pól
[2026-09-10 17:45:35] rysowanie pól               4 ms  /ridemore/events/3-dniowa-petla-bieszczadzka 63 pól
[2026-09-10 17:45:35] skarby w kadrze             35 ms  /ridemore/events/3-dniowa-petla-bieszczadzka 5 pinezek
[2026-09-10 17:45:35] podkład mapy              460 ms  /ridemore/events/3-dniowa-petla-bieszczadzka 15/15 kafli
[2026-09-10 17:45:35] cykl mapy                  474 ms  /ridemore/events/3-dniowa-petla-bieszczadzka 10 zadań
[2026-09-10 17:50:03] podkład mapy               38 ms  /ridemore/trasy/wislana-trasa 15/15 kafli
[2026-09-10 17:50:03] skarby w kadrze             48 ms  /ridemore/trasy/wislana-trasa 11 pinezek
[2026-09-10 17:50:03] pola odkryć                54 ms  /ridemore/trasy/wislana-trasa 51 pól
[2026-09-10 17:50:03] rysowanie pól               0 ms  /ridemore/trasy/wislana-trasa 51 pól
[2026-09-10 17:50:03] znane trasy                 70 ms  /ridemore/trasy/wislana-trasa 15/15 kafli
[2026-09-10 17:50:03] ślady przejazdów          88 ms  /ridemore/trasy/wislana-trasa 15/15 kafli
[2026-09-10 17:50:03] cykl mapy                   96 ms  /ridemore/trasy/wislana-trasa 7 zadań
[2026-09-10 17:50:03] skarby w kadrze             37 ms  /ridemore/trasy/wislana-trasa 11 pinezek
[2026-09-10 17:50:03] pola odkryć                55 ms  /ridemore/trasy/wislana-trasa 51 pól
[2026-09-10 17:50:03] rysowanie pól               0 ms  /ridemore/trasy/wislana-trasa 51 pól
[2026-09-10 17:50:03] cykl mapy                   55 ms  /ridemore/trasy/wislana-trasa 3 zadań
[2026-09-10 17:50:38] skarby w kadrze             38 ms  /ridemore/trasy/jhjh-aqua-velo 9 pinezek
[2026-09-10 17:50:38] pola odkryć                57 ms  /ridemore/trasy/jhjh-aqua-velo 47 pól
[2026-09-10 17:50:38] rysowanie pól               0 ms  /ridemore/trasy/jhjh-aqua-velo 47 pól
[2026-09-10 17:50:38] podkład mapy              606 ms  /ridemore/trasy/jhjh-aqua-velo 15/15 kafli
[2026-09-10 17:50:38] znane trasy                620 ms  /ridemore/trasy/jhjh-aqua-velo 15/15 kafli
[2026-09-10 17:50:38] ślady przejazdów         636 ms  /ridemore/trasy/jhjh-aqua-velo 15/15 kafli
[2026-09-10 17:50:38] cykl mapy                  640 ms  /ridemore/trasy/jhjh-aqua-velo 7 zadań
[2026-09-10 17:50:38] pola odkryć                16 ms  /ridemore/trasy/jhjh-aqua-velo 47 pól
[2026-09-10 17:50:38] rysowanie pól               0 ms  /ridemore/trasy/jhjh-aqua-velo 47 pól
[2026-09-10 17:50:38] skarby w kadrze             17 ms  /ridemore/trasy/jhjh-aqua-velo 9 pinezek
[2026-09-10 17:50:38] cykl mapy                   17 ms  /ridemore/trasy/jhjh-aqua-velo 3 zadań
[2026-09-10 17:52:25] skarby w kadrze             22 ms  /ridemore/events/weekend-szosowy-beskidy 0 pinezek
[2026-09-10 17:52:25] pola odkryć                29 ms  /ridemore/events/weekend-szosowy-beskidy 794 pól
[2026-09-10 17:52:25] rysowanie pól               0 ms  /ridemore/events/weekend-szosowy-beskidy 794 pól
[2026-09-10 17:52:25] skarby w kadrze             13 ms  /ridemore/events/weekend-szosowy-beskidy 0 pinezek
[2026-09-10 17:52:25] pola odkryć                42 ms  /ridemore/events/weekend-szosowy-beskidy 794 pól
[2026-09-10 17:52:25] rysowanie pól               0 ms  /ridemore/events/weekend-szosowy-beskidy 794 pól
[2026-09-10 17:52:25] podkład mapy              719 ms  /ridemore/events/weekend-szosowy-beskidy 15/15 kafli
[2026-09-10 17:52:25] znane trasy              1 000 ms  /ridemore/events/weekend-szosowy-beskidy 15/15 kafli
[2026-09-10 17:52:25] cykl mapy                1 038 ms  /ridemore/events/weekend-szosowy-beskidy 10 zadań
[2026-09-10 17:52:25] skarby w kadrze             17 ms  /ridemore/events/weekend-szosowy-beskidy 0 pinezek
[2026-09-10 17:52:25] pola odkryć                48 ms  /ridemore/events/weekend-szosowy-beskidy 794 pól
[2026-09-10 17:52:25] rysowanie pól               0 ms  /ridemore/events/weekend-szosowy-beskidy 794 pól
[2026-09-10 17:52:25] cykl mapy                   49 ms  /ridemore/events/weekend-szosowy-beskidy 3 zadań
[2026-09-10 17:53:28] pola odkryć                20 ms  /ridemore/events/weekend-szosowy-beskidy 347 pól
[2026-09-10 17:53:28] rysowanie pól               0 ms  /ridemore/events/weekend-szosowy-beskidy 347 pól
[2026-09-10 17:53:28] skarby w kadrze             36 ms  /ridemore/events/weekend-szosowy-beskidy 0 pinezek
[2026-09-10 17:53:28] cykl mapy                   37 ms  /ridemore/events/weekend-szosowy-beskidy 3 zadań
[2026-09-10 17:54:34] podkład mapy               20 ms  /ridemore/trasy/jhjh-aqua-velo 6/6 kafli
[2026-09-10 17:54:34] skarby w kadrze             21 ms  /ridemore/trasy/jhjh-aqua-velo 4 pinezek
[2026-09-10 17:54:34] pola odkryć                28 ms  /ridemore/trasy/jhjh-aqua-velo 49 pól
[2026-09-10 17:54:34] rysowanie pól               0 ms  /ridemore/trasy/jhjh-aqua-velo 49 pól
[2026-09-10 17:54:34] znane trasy                196 ms  /ridemore/trasy/jhjh-aqua-velo 6/6 kafli
[2026-09-10 17:54:34] ślady przejazdów         329 ms  /ridemore/trasy/jhjh-aqua-velo 6/6 kafli
[2026-09-10 17:54:34] cykl mapy                  332 ms  /ridemore/trasy/jhjh-aqua-velo 7 zadań
[2026-09-10 17:54:34] skarby w kadrze             38 ms  /ridemore/trasy/jhjh-aqua-velo 4 pinezek
[2026-09-10 17:54:34] pola odkryć                56 ms  /ridemore/trasy/jhjh-aqua-velo 49 pól
[2026-09-10 17:54:34] rysowanie pól               0 ms  /ridemore/trasy/jhjh-aqua-velo 49 pól
[2026-09-10 17:54:34] cykl mapy                   56 ms  /ridemore/trasy/jhjh-aqua-velo 3 zadań
[2026-09-10 17:55:32] podkład mapy               12 ms  /ridemore/trasy/jhjh-aqua-velo 6/6 kafli
[2026-09-10 17:55:32] znane trasy                 22 ms  /ridemore/trasy/jhjh-aqua-velo 6/6 kafli
[2026-09-10 17:55:32] ślady przejazdów          28 ms  /ridemore/trasy/jhjh-aqua-velo 6/6 kafli
[2026-09-10 17:55:32] skarby w kadrze             34 ms  /ridemore/trasy/jhjh-aqua-velo 4 pinezek
[2026-09-10 17:55:32] pola odkryć                48 ms  /ridemore/trasy/jhjh-aqua-velo 49 pól
[2026-09-10 17:55:32] rysowanie pól               0 ms  /ridemore/trasy/jhjh-aqua-velo 49 pól
[2026-09-10 17:55:32] cykl mapy                   53 ms  /ridemore/trasy/jhjh-aqua-velo 7 zadań
[2026-09-10 17:55:32] pola odkryć                46 ms  /ridemore/trasy/jhjh-aqua-velo 49 pól
[2026-09-10 17:55:32] rysowanie pól               0 ms  /ridemore/trasy/jhjh-aqua-velo 49 pól
[2026-09-10 17:55:32] skarby w kadrze             57 ms  /ridemore/trasy/jhjh-aqua-velo 4 pinezek
[2026-09-10 17:55:32] cykl mapy                   58 ms  /ridemore/trasy/jhjh-aqua-velo 3 zadań
[2026-09-10 17:57:46] znane trasy                 93 ms  /ridemore/events/3-dniowa-petla-bieszczadzka 15/15 kafli
[2026-09-10 17:57:46] skarby w kadrze             93 ms  /ridemore/events/3-dniowa-petla-bieszczadzka 5 pinezek
[2026-09-10 17:57:46] pola odkryć                96 ms  /ridemore/events/3-dniowa-petla-bieszczadzka 63 pól
[2026-09-10 17:57:46] rysowanie pól               8 ms  /ridemore/events/3-dniowa-petla-bieszczadzka 63 pól
[2026-09-10 17:57:46] podkład mapy              407 ms  /ridemore/events/3-dniowa-petla-bieszczadzka 15/15 kafli
[2026-09-10 17:57:46] skarby w kadrze             18 ms  /ridemore/events/3-dniowa-petla-bieszczadzka 5 pinezek
[2026-09-10 17:57:46] pola odkryć                42 ms  /ridemore/events/3-dniowa-petla-bieszczadzka 63 pól
[2026-09-10 17:57:46] rysowanie pól               6 ms  /ridemore/events/3-dniowa-petla-bieszczadzka 63 pól
[2026-09-10 17:57:46] cykl mapy                  478 ms  /ridemore/events/3-dniowa-petla-bieszczadzka 10 zadań
[2026-09-10 17:59:27] podkład mapy               55 ms  /ridemore/trasy/jhjh-aqua-velo 15/27 kafli
[2026-09-10 17:59:27] znane trasy                 53 ms  /ridemore/trasy/jhjh-aqua-velo 15/15 kafli
[2026-09-10 17:59:27] ślady przejazdów          52 ms  /ridemore/trasy/jhjh-aqua-velo 15/15 kafli
[2026-09-10 17:59:27] cykl mapy                   62 ms  /ridemore/trasy/jhjh-aqua-velo 3 zadań
[2026-09-10 17:59:27] skarby w kadrze             44 ms  /ridemore/trasy/jhjh-aqua-velo 9 pinezek
[2026-09-10 17:59:27] pola odkryć                90 ms  /ridemore/trasy/jhjh-aqua-velo 47 pól
[2026-09-10 17:59:27] rysowanie pól               0 ms  /ridemore/trasy/jhjh-aqua-velo 47 pól
[2026-09-10 17:59:27] cykl mapy                   90 ms  /ridemore/trasy/jhjh-aqua-velo 3 zadań
[2026-09-10 18:00:04] znane trasy                281 ms  /ridemore/events/weekend-szosowy-beskidy 2/2 kafli
[2026-09-10 18:00:04] podkład mapy              359 ms  /ridemore/events/weekend-szosowy-beskidy 2/2 kafli
[2026-09-10 18:00:04] cykl mapy                  360 ms  /ridemore/events/weekend-szosowy-beskidy 2 zadań
[2026-09-10 18:00:04] podkład mapy              400 ms  /ridemore/events/weekend-szosowy-beskidy 16/16 kafli
[2026-09-10 18:00:04] znane trasy                346 ms  /ridemore/events/weekend-szosowy-beskidy 16/16 kafli
[2026-09-10 18:00:04] pola odkryć                90 ms  /ridemore/events/weekend-szosowy-beskidy 9 pól
[2026-09-10 18:00:04] rysowanie pól               0 ms  /ridemore/events/weekend-szosowy-beskidy 9 pól
[2026-09-10 18:00:04] skarby w kadrze             90 ms  /ridemore/events/weekend-szosowy-beskidy 23 pinezek
[2026-09-10 18:00:04] cykl mapy                  557 ms  /ridemore/events/weekend-szosowy-beskidy 5 zadań
[2026-09-10 18:03:43] znane trasy                 56 ms  /ridemore/events/3-dniowa-petla-bieszczadzka 15/15 kafli
[2026-09-10 18:03:43] skarby w kadrze             53 ms  /ridemore/events/3-dniowa-petla-bieszczadzka 5 pinezek
[2026-09-10 18:03:43] pola odkryć                55 ms  /ridemore/events/3-dniowa-petla-bieszczadzka 63 pól
[2026-09-10 18:03:43] rysowanie pól               7 ms  /ridemore/events/3-dniowa-petla-bieszczadzka 63 pól
[2026-09-10 18:03:43] skarby w kadrze             18 ms  /ridemore/events/3-dniowa-petla-bieszczadzka 5 pinezek
[2026-09-10 18:03:43] pola odkryć                25 ms  /ridemore/events/3-dniowa-petla-bieszczadzka 63 pól
[2026-09-10 18:03:43] rysowanie pól               6 ms  /ridemore/events/3-dniowa-petla-bieszczadzka 63 pól
[2026-09-10 18:03:43] podkład mapy              391 ms  /ridemore/events/3-dniowa-petla-bieszczadzka 10/15 kafli, błędów 5
[2026-09-10 18:03:43] cykl mapy                  415 ms  /ridemore/events/3-dniowa-petla-bieszczadzka 10 zadań
[2026-09-10 18:03:45] znane trasy                334 ms  /ridemore/trasy/jhjh-aqua-velo 24/24 kafli
[2026-09-10 18:03:45] ślady przejazdów         359 ms  /ridemore/trasy/jhjh-aqua-velo 24/24 kafli
[2026-09-10 18:03:45] podkład mapy              372 ms  /ridemore/trasy/jhjh-aqua-velo 24/24 kafli
[2026-09-10 18:03:45] pola odkryć               360 ms  /ridemore/trasy/jhjh-aqua-velo 47 pól
[2026-09-10 18:03:45] rysowanie pól               2 ms  /ridemore/trasy/jhjh-aqua-velo 47 pól
[2026-09-10 18:03:45] skarby w kadrze            376 ms  /ridemore/trasy/jhjh-aqua-velo 9 pinezek
[2026-09-10 18:03:45] cykl mapy                  394 ms  /ridemore/trasy/jhjh-aqua-velo 7 zadań
[2026-09-10 18:03:50] podkład mapy              220 ms  /ridemore/trasy/jhjh-aqua-velo 24/24 kafli
[2026-09-10 18:03:50] skarby w kadrze            130 ms  /ridemore/trasy/jhjh-aqua-velo 15 pinezek
[2026-09-10 18:03:50] podkład mapy              167 ms  /ridemore/trasy/jhjh-aqua-velo 18/18 kafli
[2026-09-10 18:03:50] pola odkryć               185 ms  /ridemore/trasy/jhjh-aqua-velo 81 pól
[2026-09-10 18:03:50] rysowanie pól               3 ms  /ridemore/trasy/jhjh-aqua-velo 81 pól
[2026-09-10 18:03:50] znane trasy                618 ms  /ridemore/trasy/jhjh-aqua-velo 28/42 kafli
[2026-09-10 18:03:50] skarby w kadrze            263 ms  /ridemore/trasy/jhjh-aqua-velo 15 pinezek
[2026-09-10 18:03:50] ślady przejazdów         795 ms  /ridemore/trasy/jhjh-aqua-velo 18/42 kafli
[2026-09-10 18:03:50] pola odkryć               281 ms  /ridemore/trasy/jhjh-aqua-velo 81 pól
[2026-09-10 18:03:50] rysowanie pól               1 ms  /ridemore/trasy/jhjh-aqua-velo 81 pól
[2026-09-10 18:03:50] cykl mapy                  806 ms  /ridemore/trasy/jhjh-aqua-velo 10 zadań
[2026-09-10 18:04:02] pola odkryć                34 ms  /ridemore/events/3-dniowa-petla-bieszczadzka 61 pól
[2026-09-10 18:04:02] rysowanie pól               5 ms  /ridemore/events/3-dniowa-petla-bieszczadzka 61 pól
[2026-09-10 18:04:02] skarby w kadrze             47 ms  /ridemore/events/3-dniowa-petla-bieszczadzka 5 pinezek
[2026-09-10 18:04:02] cykl mapy                   48 ms  /ridemore/events/3-dniowa-petla-bieszczadzka 3 zadań
[2026-09-10 18:04:02] pola odkryć                22 ms  /ridemore/events/3-dniowa-petla-bieszczadzka 61 pól
[2026-09-10 18:04:02] rysowanie pól               6 ms  /ridemore/events/3-dniowa-petla-bieszczadzka 61 pól
[2026-09-10 18:04:02] skarby w kadrze             40 ms  /ridemore/events/3-dniowa-petla-bieszczadzka 5 pinezek
[2026-09-10 18:04:02] cykl mapy                   40 ms  /ridemore/events/3-dniowa-petla-bieszczadzka 3 zadań
[2026-09-10 18:04:19] pola odkryć                49 ms  /ridemore/events/3-dniowa-petla-bieszczadzka 63 pól
[2026-09-10 18:04:19] rysowanie pól               6 ms  /ridemore/events/3-dniowa-petla-bieszczadzka 63 pól
[2026-09-10 18:04:19] skarby w kadrze             63 ms  /ridemore/events/3-dniowa-petla-bieszczadzka 5 pinezek
[2026-09-10 18:04:19] cykl mapy                   64 ms  /ridemore/events/3-dniowa-petla-bieszczadzka 3 zadań
[2026-09-10 18:08:41] podkład mapy              107 ms  /ridemore/events/weekend-szosowy-beskidy 2/2 kafli
[2026-09-10 18:08:41] znane trasy                108 ms  /ridemore/events/weekend-szosowy-beskidy 2/2 kafli
[2026-09-10 18:08:41] cykl mapy                  109 ms  /ridemore/events/weekend-szosowy-beskidy 2 zadań
[2026-09-10 18:08:41] podkład mapy               26 ms  /ridemore/events/weekend-szosowy-beskidy 16/16 kafli
[2026-09-10 18:08:41] cykl mapy                   26 ms  /ridemore/events/weekend-szosowy-beskidy 1 zadań
[2026-09-10 18:08:41] znane trasy                 25 ms  /ridemore/events/weekend-szosowy-beskidy 16/16 kafli
[2026-09-10 18:08:41] skarby w kadrze             47 ms  /ridemore/events/weekend-szosowy-beskidy 23 pinezek
[2026-09-10 18:08:41] pola odkryć                83 ms  /ridemore/events/weekend-szosowy-beskidy 9 pól
[2026-09-10 18:08:41] rysowanie pól               0 ms  /ridemore/events/weekend-szosowy-beskidy 9 pól
[2026-09-10 18:08:41] cykl mapy                   84 ms  /ridemore/events/weekend-szosowy-beskidy 4 zadań
[2026-09-10 18:08:57] pola odkryć                42 ms  /ridemore/events/weekend-szosowy-beskidy 9 pól
[2026-09-10 18:08:57] rysowanie pól               0 ms  /ridemore/events/weekend-szosowy-beskidy 9 pól
[2026-09-10 18:08:57] skarby w kadrze             44 ms  /ridemore/events/weekend-szosowy-beskidy 23 pinezek
[2026-09-10 18:08:57] cykl mapy                   45 ms  /ridemore/events/weekend-szosowy-beskidy 3 zadań
[2026-09-10 18:11:05] trasy ukończone           303 ms  /ridemore/odkrycia           24/24 kafli
[2026-09-10 18:11:05] trasy nieukończone        308 ms  /ridemore/odkrycia           24/24 kafli
[2026-09-10 18:11:05] podkład mapy              315 ms  /ridemore/odkrycia           24/24 kafli
[2026-09-10 18:11:05] skarby w kadrze            375 ms  /ridemore/odkrycia           32 pinezek
[2026-09-10 18:11:05] ślady przejazdów         785 ms  /ridemore/odkrycia           24/24 kafli
[2026-09-10 18:11:05] pola odkryć               776 ms  /ridemore/odkrycia           81 pól
[2026-09-10 18:11:05] rysowanie pól               4 ms  /ridemore/odkrycia           81 pól
[2026-09-10 18:11:05] cykl mapy                  820 ms  /ridemore/odkrycia           8 zadań
[2026-09-10 18:11:12] znane trasy                186 ms  /ridemore/trasy/wislana-trasa 24/24 kafli
[2026-09-10 18:11:12] ślady przejazdów         214 ms  /ridemore/trasy/wislana-trasa 24/24 kafli
[2026-09-10 18:11:12] skarby w kadrze            211 ms  /ridemore/trasy/wislana-trasa 16 pinezek
[2026-09-10 18:11:12] pola odkryć               253 ms  /ridemore/trasy/wislana-trasa 51 pól
[2026-09-10 18:11:12] rysowanie pól              12 ms  /ridemore/trasy/wislana-trasa 51 pól
[2026-09-10 18:11:12] podkład mapy              540 ms  /ridemore/trasy/wislana-trasa 24/24 kafli
[2026-09-10 18:11:12] cykl mapy                  540 ms  /ridemore/trasy/wislana-trasa 7 zadań
[2026-09-10 18:11:15] skarby w kadrze            104 ms  /ridemore/events/weekend-szosowy-beskidy 0 pinezek
[2026-09-10 18:11:15] pola odkryć               104 ms  /ridemore/events/weekend-szosowy-beskidy 123 pól
[2026-09-10 18:11:15] rysowanie pól               0 ms  /ridemore/events/weekend-szosowy-beskidy 123 pól
[2026-09-10 18:11:15] podkład mapy              353 ms  /ridemore/events/weekend-szosowy-beskidy 6/6 kafli
[2026-09-10 18:11:15] pola odkryć                21 ms  /ridemore/events/weekend-szosowy-beskidy 123 pól
[2026-09-10 18:11:15] rysowanie pól               0 ms  /ridemore/events/weekend-szosowy-beskidy 123 pól
[2026-09-10 18:11:15] skarby w kadrze             55 ms  /ridemore/events/weekend-szosowy-beskidy 0 pinezek
[2026-09-10 18:11:15] znane trasy                489 ms  /ridemore/events/weekend-szosowy-beskidy 6/6 kafli
[2026-09-10 18:11:15] cykl mapy                  510 ms  /ridemore/events/weekend-szosowy-beskidy 10 zadań
[2026-09-10 18:11:21] podkład mapy               28 ms  /ridemore/trasy/wislana-trasa 8/8 kafli
[2026-09-10 18:11:21] znane trasy                102 ms  /ridemore/trasy/wislana-trasa 8/8 kafli
[2026-09-10 18:11:21] ślady przejazdów         174 ms  /ridemore/trasy/wislana-trasa 8/8 kafli
[2026-09-10 18:11:21] cykl mapy                  177 ms  /ridemore/trasy/wislana-trasa 3 zadań
[2026-09-10 18:11:21] skarby w kadrze             49 ms  /ridemore/trasy/wislana-trasa 31 pinezek
[2026-09-10 18:11:21] pola odkryć                78 ms  /ridemore/trasy/wislana-trasa 81 pól
[2026-09-10 18:11:21] rysowanie pól               3 ms  /ridemore/trasy/wislana-trasa 81 pól
[2026-09-10 18:11:21] podkład mapy              182 ms  /ridemore/trasy/wislana-trasa 16/32 kafli
[2026-09-10 18:11:21] skarby w kadrze            148 ms  /ridemore/trasy/wislana-trasa 18 pinezek
[2026-09-10 18:11:21] pola odkryć               175 ms  /ridemore/trasy/wislana-trasa 15 pól
[2026-09-10 18:11:21] rysowanie pól               1 ms  /ridemore/trasy/wislana-trasa 15 pól
[2026-09-10 18:11:21] podkład mapy              221 ms  /ridemore/trasy/wislana-trasa 24/24 kafli
[2026-09-10 18:11:21] znane trasy                536 ms  /ridemore/trasy/wislana-trasa 30/56 kafli
[2026-09-10 18:11:21] skarby w kadrze            276 ms  /ridemore/trasy/wislana-trasa 18 pinezek
[2026-09-10 18:11:21] pola odkryć               284 ms  /ridemore/trasy/wislana-trasa 15 pól
[2026-09-10 18:11:21] rysowanie pól              13 ms  /ridemore/trasy/wislana-trasa 15 pól
[2026-09-10 18:11:21] podkład mapy              257 ms  /ridemore/trasy/wislana-trasa 24/24 kafli
[2026-09-10 18:11:21] znane trasy                526 ms  /ridemore/trasy/wislana-trasa 24/24 kafli
[2026-09-10 18:11:21] skarby w kadrze            678 ms  /ridemore/trasy/wislana-trasa 36 pinezek
[2026-09-10 18:11:21] ślady przejazdów       1 746 ms  /ridemore/trasy/wislana-trasa 49/80 kafli
[2026-09-10 18:11:21] pola odkryć               473 ms  /ridemore/trasy/wislana-trasa 15 pól
[2026-09-10 18:11:21] rysowanie pól               9 ms  /ridemore/trasy/wislana-trasa 15 pól
[2026-09-10 18:11:21] cykl mapy                1 784 ms  /ridemore/trasy/wislana-trasa 19 zadań
[2026-09-10 18:12:16] podkład mapy               16 ms  /ridemore/events/weekend-szosowy-beskidy 6/6 kafli
[2026-09-10 18:12:16] znane trasy                 28 ms  /ridemore/events/weekend-szosowy-beskidy 6/6 kafli
[2026-09-10 18:12:16] pola odkryć                59 ms  /ridemore/events/weekend-szosowy-beskidy 123 pól
[2026-09-10 18:12:16] rysowanie pól               0 ms  /ridemore/events/weekend-szosowy-beskidy 123 pól
[2026-09-10 18:12:16] skarby w kadrze             67 ms  /ridemore/events/weekend-szosowy-beskidy 0 pinezek
[2026-09-10 18:12:16] cykl mapy                  111 ms  /ridemore/events/weekend-szosowy-beskidy 7 zadań
[2026-09-10 18:12:16] pola odkryć                39 ms  /ridemore/events/weekend-szosowy-beskidy 123 pól
[2026-09-10 18:12:16] rysowanie pól               0 ms  /ridemore/events/weekend-szosowy-beskidy 123 pól
[2026-09-10 18:12:16] skarby w kadrze             51 ms  /ridemore/events/weekend-szosowy-beskidy 0 pinezek
[2026-09-10 18:12:16] cykl mapy                   51 ms  /ridemore/events/weekend-szosowy-beskidy 3 zadań
[2026-09-10 18:12:32] podkład mapy               17 ms  /ridemore/trasy/jhjh-aqua-velo 6/6 kafli
[2026-09-10 18:12:32] skarby w kadrze             17 ms  /ridemore/trasy/jhjh-aqua-velo 4 pinezek
[2026-09-10 18:12:32] znane trasy                 23 ms  /ridemore/trasy/jhjh-aqua-velo 6/6 kafli
[2026-09-10 18:12:32] ślady przejazdów          26 ms  /ridemore/trasy/jhjh-aqua-velo 6/6 kafli
[2026-09-10 18:12:32] pola odkryć                27 ms  /ridemore/trasy/jhjh-aqua-velo 49 pól
[2026-09-10 18:12:32] rysowanie pól               0 ms  /ridemore/trasy/jhjh-aqua-velo 49 pól
[2026-09-10 18:12:32] cykl mapy                   31 ms  /ridemore/trasy/jhjh-aqua-velo 7 zadań
[2026-09-10 18:12:32] pola odkryć                41 ms  /ridemore/trasy/jhjh-aqua-velo 49 pól
[2026-09-10 18:12:32] rysowanie pól               0 ms  /ridemore/trasy/jhjh-aqua-velo 49 pól
[2026-09-10 18:12:32] skarby w kadrze             54 ms  /ridemore/trasy/jhjh-aqua-velo 4 pinezek
[2026-09-10 18:12:32] cykl mapy                   54 ms  /ridemore/trasy/jhjh-aqua-velo 3 zadań
[2026-09-10 18:12:43] podkład mapy              102 ms  /ridemore/events/weekend-szosowy-beskidy 2/2 kafli
[2026-09-10 18:12:43] znane trasy                102 ms  /ridemore/events/weekend-szosowy-beskidy 2/2 kafli
[2026-09-10 18:12:43] cykl mapy                  102 ms  /ridemore/events/weekend-szosowy-beskidy 2 zadań
[2026-09-10 18:12:43] podkład mapy               22 ms  /ridemore/events/weekend-szosowy-beskidy 16/16 kafli
[2026-09-10 18:12:43] cykl mapy                   22 ms  /ridemore/events/weekend-szosowy-beskidy 1 zadań
[2026-09-10 18:12:43] znane trasy                 13 ms  /ridemore/events/weekend-szosowy-beskidy 16/16 kafli
[2026-09-10 18:12:43] pola odkryć                20 ms  /ridemore/events/weekend-szosowy-beskidy 9 pól
[2026-09-10 18:12:43] rysowanie pól               0 ms  /ridemore/events/weekend-szosowy-beskidy 9 pól
[2026-09-10 18:12:43] skarby w kadrze             41 ms  /ridemore/events/weekend-szosowy-beskidy 23 pinezek
[2026-09-10 18:12:43] cykl mapy                   42 ms  /ridemore/events/weekend-szosowy-beskidy 4 zadań
[2026-09-10 18:12:55] podkład mapy               69 ms  /ridemore/trasy/jhjh-aqua-velo 15/27 kafli
[2026-09-10 18:12:55] pola odkryć                62 ms  /ridemore/trasy/jhjh-aqua-velo 47 pól
[2026-09-10 18:12:55] rysowanie pól               0 ms  /ridemore/trasy/jhjh-aqua-velo 47 pól
[2026-09-10 18:12:55] skarby w kadrze             62 ms  /ridemore/trasy/jhjh-aqua-velo 9 pinezek
[2026-09-10 18:12:55] znane trasy                 75 ms  /ridemore/trasy/jhjh-aqua-velo 15/15 kafli
[2026-09-10 18:12:55] ślady przejazdów          74 ms  /ridemore/trasy/jhjh-aqua-velo 15/15 kafli
[2026-09-10 18:12:55] cykl mapy                   83 ms  /ridemore/trasy/jhjh-aqua-velo 6 zadań
[2026-09-10 18:12:55] pola odkryć                42 ms  /ridemore/trasy/jhjh-aqua-velo 47 pól
[2026-09-10 18:12:55] rysowanie pól               0 ms  /ridemore/trasy/jhjh-aqua-velo 47 pól
[2026-09-10 18:12:55] skarby w kadrze             52 ms  /ridemore/trasy/jhjh-aqua-velo 9 pinezek
[2026-09-10 18:12:55] cykl mapy                   53 ms  /ridemore/trasy/jhjh-aqua-velo 3 zadań
[2026-09-10 18:14:05] znane trasy                199 ms  /ridemore/odkrycia           18/18 kafli
[2026-09-10 18:14:05] podkład mapy              239 ms  /ridemore/odkrycia           18/30 kafli
[2026-09-10 18:14:05] ślady przejazdów         379 ms  /ridemore/odkrycia           18/18 kafli
[2026-09-10 18:14:05] cykl mapy                  396 ms  /ridemore/odkrycia           3 zadań
[2026-09-10 18:14:05] pola odkryć                82 ms  /ridemore/odkrycia           81 pól
[2026-09-10 18:14:05] rysowanie pól               4 ms  /ridemore/odkrycia           81 pól
[2026-09-10 18:14:05] skarby w kadrze             88 ms  /ridemore/odkrycia           31 pinezek
[2026-09-10 18:14:05] cykl mapy                   88 ms  /ridemore/odkrycia           3 zadań
[2026-09-10 18:14:57] skarby w kadrze             39 ms  /ridemore/odkrycia           13 pinezek
[2026-09-10 18:14:57] pola odkryć                44 ms  /ridemore/odkrycia           81 pól
[2026-09-10 18:14:57] rysowanie pól               3 ms  /ridemore/odkrycia           81 pól
[2026-09-10 18:14:57] cykl mapy                   47 ms  /ridemore/odkrycia           3 zadań
[2026-09-10 18:15:05] pola odkryć                21 ms  /ridemore/odkrycia           81 pól
[2026-09-10 18:15:05] rysowanie pól               1 ms  /ridemore/odkrycia           81 pól
[2026-09-10 18:15:05] skarby w kadrze             37 ms  /ridemore/odkrycia           31 pinezek
[2026-09-10 18:15:05] cykl mapy                   38 ms  /ridemore/odkrycia           3 zadań
[2026-09-10 18:15:14] skarby w kadrze             33 ms  /ridemore/odkrycia           15 pinezek
[2026-09-10 18:15:14] pola odkryć               192 ms  /ridemore/odkrycia           44 pól
[2026-09-10 18:15:14] rysowanie pól               1 ms  /ridemore/odkrycia           44 pól
[2026-09-10 18:15:14] cykl mapy                  193 ms  /ridemore/odkrycia           3 zadań
[2026-09-10 18:15:14] pola odkryć                24 ms  /ridemore/odkrycia           44 pól
[2026-09-10 18:15:14] rysowanie pól               1 ms  /ridemore/odkrycia           44 pól
[2026-09-10 18:15:14] skarby w kadrze             41 ms  /ridemore/odkrycia           15 pinezek
[2026-09-10 18:15:14] cykl mapy                   42 ms  /ridemore/odkrycia           3 zadań
[2026-09-10 18:24:18] podkład mapy               41 ms  /ridemore/trasy/wislana-trasa 15/27 kafli
[2026-09-10 18:24:18] ślady przejazdów          35 ms  /ridemore/trasy/wislana-trasa 15/15 kafli
[2026-09-10 18:24:18] cykl mapy                   44 ms  /ridemore/trasy/wislana-trasa 2 zadań
[2026-09-10 18:24:18] skarby w kadrze             52 ms  /ridemore/trasy/wislana-trasa 11 pinezek
[2026-09-10 18:24:18] pola odkryć               112 ms  /ridemore/trasy/wislana-trasa 51 pól
[2026-09-10 18:24:18] rysowanie pól               0 ms  /ridemore/trasy/wislana-trasa 51 pól
[2026-09-10 18:24:18] cykl mapy                  113 ms  /ridemore/trasy/wislana-trasa 3 zadań
[2026-09-10 18:24:41] pola odkryć                20 ms  /ridemore/trasy/wislana-trasa 51 pól
[2026-09-10 18:24:41] rysowanie pól               0 ms  /ridemore/trasy/wislana-trasa 51 pól
[2026-09-10 18:24:41] skarby w kadrze             36 ms  /ridemore/trasy/wislana-trasa 14 pinezek
[2026-09-10 18:24:41] cykl mapy                   36 ms  /ridemore/trasy/wislana-trasa 3 zadań
[2026-09-10 18:24:56] ślady przejazdów         236 ms  /ridemore/trasy/jhjh-aqua-velo 24/24 kafli
[2026-09-10 18:24:56] skarby w kadrze            251 ms  /ridemore/trasy/jhjh-aqua-velo 9 pinezek
[2026-09-10 18:24:56] pola odkryć               219 ms  /ridemore/trasy/jhjh-aqua-velo 47 pól
[2026-09-10 18:24:56] rysowanie pól               3 ms  /ridemore/trasy/jhjh-aqua-velo 47 pól
[2026-09-10 18:24:56] podkład mapy              410 ms  /ridemore/trasy/jhjh-aqua-velo 24/24 kafli
[2026-09-10 18:24:56] cykl mapy                  410 ms  /ridemore/trasy/jhjh-aqua-velo 6 zadań
[2026-09-10 18:25:03] znane trasy                 76 ms  /ridemore/events/3-dniowa-petla-bieszczadzka 15/15 kafli
[2026-09-10 18:25:03] skarby w kadrze             78 ms  /ridemore/events/3-dniowa-petla-bieszczadzka 5 pinezek
[2026-09-10 18:25:03] pola odkryć                79 ms  /ridemore/events/3-dniowa-petla-bieszczadzka 63 pól
[2026-09-10 18:25:03] rysowanie pól               8 ms  /ridemore/events/3-dniowa-petla-bieszczadzka 63 pól
[2026-09-10 18:25:03] podkład mapy              176 ms  /ridemore/events/3-dniowa-petla-bieszczadzka 15/15 kafli
[2026-09-10 18:25:03] cykl mapy                  236 ms  /ridemore/events/3-dniowa-petla-bieszczadzka 7 zadań
[2026-09-10 18:25:03] pola odkryć                80 ms  /ridemore/events/3-dniowa-petla-bieszczadzka 63 pól
[2026-09-10 18:25:03] rysowanie pól              18 ms  /ridemore/events/3-dniowa-petla-bieszczadzka 63 pól
[2026-09-10 18:25:03] skarby w kadrze            102 ms  /ridemore/events/3-dniowa-petla-bieszczadzka 5 pinezek
[2026-09-10 18:25:03] cykl mapy                  103 ms  /ridemore/events/3-dniowa-petla-bieszczadzka 3 zadań
[2026-09-10 18:25:31] trasy ukończone           170 ms  /ridemore/odkrycia           24/24 kafli
[2026-09-10 18:25:31] podkład mapy              183 ms  /ridemore/odkrycia           24/24 kafli
[2026-09-10 18:25:31] trasy nieukończone        195 ms  /ridemore/odkrycia           24/24 kafli
[2026-09-10 18:25:31] skarby w kadrze            201 ms  /ridemore/odkrycia           32 pinezek
[2026-09-10 18:25:31] ślady przejazdów         592 ms  /ridemore/odkrycia           24/24 kafli
[2026-09-10 18:25:31] pola odkryć               583 ms  /ridemore/odkrycia           81 pól
[2026-09-10 18:25:31] rysowanie pól               3 ms  /ridemore/odkrycia           81 pól
[2026-09-10 18:25:31] cykl mapy                  618 ms  /ridemore/odkrycia           8 zadań
[2026-09-10 18:25:35] podkład mapy              121 ms  /ridemore/trasy/wislana-trasa 24/24 kafli
[2026-09-10 18:25:35] ślady przejazdów         119 ms  /ridemore/trasy/wislana-trasa 24/24 kafli
[2026-09-10 18:25:35] skarby w kadrze            137 ms  /ridemore/trasy/wislana-trasa 16 pinezek
[2026-09-10 18:25:35] pola odkryć               144 ms  /ridemore/trasy/wislana-trasa 51 pól
[2026-09-10 18:25:35] rysowanie pól               9 ms  /ridemore/trasy/wislana-trasa 51 pól
[2026-09-10 18:25:35] cykl mapy                  177 ms  /ridemore/trasy/wislana-trasa 6 zadań
[2026-09-10 18:25:40] podkład mapy              127 ms  /ridemore/trasy/wislana-trasa 8/8 kafli
[2026-09-10 18:25:40] ślady przejazdów         201 ms  /ridemore/trasy/wislana-trasa 8/8 kafli
[2026-09-10 18:25:40] cykl mapy                  209 ms  /ridemore/trasy/wislana-trasa 2 zadań
[2026-09-10 18:25:40] skarby w kadrze             52 ms  /ridemore/trasy/wislana-trasa 44 pinezek
[2026-09-10 18:25:40] pola odkryć                72 ms  /ridemore/trasy/wislana-trasa 15 pól
[2026-09-10 18:25:40] rysowanie pól               9 ms  /ridemore/trasy/wislana-trasa 15 pól
[2026-09-10 18:25:40] podkład mapy              170 ms  /ridemore/trasy/wislana-trasa 24/24 kafli
[2026-09-10 18:25:40] ślady przejazdów         173 ms  /ridemore/trasy/wislana-trasa 24/24 kafli
[2026-09-10 18:25:40] cykl mapy                  177 ms  /ridemore/trasy/wislana-trasa 5 zadań
[2026-09-10 18:25:40] skarby w kadrze            109 ms  /ridemore/trasy/wislana-trasa 44 pinezek
[2026-09-10 18:25:40] pola odkryć               140 ms  /ridemore/trasy/wislana-trasa 15 pól
[2026-09-10 18:25:40] rysowanie pól               7 ms  /ridemore/trasy/wislana-trasa 15 pól
[2026-09-10 18:25:40] cykl mapy                  147 ms  /ridemore/trasy/wislana-trasa 3 zadań
[2026-09-10 18:25:40] skarby w kadrze             48 ms  /ridemore/trasy/wislana-trasa 18 pinezek
[2026-09-10 18:25:40] podkład mapy               64 ms  /ridemore/trasy/wislana-trasa 18/18 kafli
[2026-09-10 18:25:40] ślady przejazdów          63 ms  /ridemore/trasy/wislana-trasa 18/18 kafli
[2026-09-10 18:25:40] pola odkryć                62 ms  /ridemore/trasy/wislana-trasa 52 pól
[2026-09-10 18:25:40] rysowanie pól               5 ms  /ridemore/trasy/wislana-trasa 52 pól
[2026-09-10 18:25:40] cykl mapy                   70 ms  /ridemore/trasy/wislana-trasa 5 zadań
[2026-09-10 18:25:40] skarby w kadrze             20 ms  /ridemore/trasy/wislana-trasa 18 pinezek
[2026-09-10 18:25:40] pola odkryć                28 ms  /ridemore/trasy/wislana-trasa 52 pól
[2026-09-10 18:25:40] rysowanie pól               4 ms  /ridemore/trasy/wislana-trasa 52 pól
[2026-09-10 18:25:40] cykl mapy                   32 ms  /ridemore/trasy/wislana-trasa 3 zadań
[2026-09-10 18:25:42] ślady przejazdów          62 ms  /ridemore/trasy/wislana-trasa 15/15 kafli
[2026-09-10 18:25:42] cykl mapy                   62 ms  /ridemore/trasy/wislana-trasa 1 zadań
[2026-09-10 18:26:28] ślady przejazdów          12 ms  /ridemore/trasy/wislana-trasa 15/15 kafli
[2026-09-10 18:26:28] skarby w kadrze             21 ms  /ridemore/trasy/wislana-trasa 14 pinezek
[2026-09-10 18:26:28] pola odkryć                44 ms  /ridemore/trasy/wislana-trasa 51 pól
[2026-09-10 18:26:28] rysowanie pól               0 ms  /ridemore/trasy/wislana-trasa 51 pól
[2026-09-10 18:26:28] podkład mapy               56 ms  /ridemore/trasy/wislana-trasa 15/15 kafli
[2026-09-10 18:26:28] cykl mapy                   56 ms  /ridemore/trasy/wislana-trasa 6 zadań
[2026-09-10 18:26:32] pola odkryć                42 ms  /ridemore/trasy/wislana-trasa 51 pól
[2026-09-10 18:26:32] rysowanie pól               0 ms  /ridemore/trasy/wislana-trasa 51 pól
[2026-09-10 18:26:32] skarby w kadrze             54 ms  /ridemore/trasy/wislana-trasa 14 pinezek
[2026-09-10 18:26:32] cykl mapy                   55 ms  /ridemore/trasy/wislana-trasa 3 zadań
[2026-09-10 18:27:11] pola odkryć                41 ms  /ridemore/trasy/wislana-trasa 38 pól
[2026-09-10 18:27:11] rysowanie pól               0 ms  /ridemore/trasy/wislana-trasa 38 pól
[2026-09-10 18:27:11] skarby w kadrze             53 ms  /ridemore/trasy/wislana-trasa 6 pinezek
[2026-09-10 18:27:11] cykl mapy                   53 ms  /ridemore/trasy/wislana-trasa 3 zadań
[2026-09-10 18:28:16] podkład mapy               15 ms  /ridemore/trasy/wislana-trasa 12/12 kafli
[2026-09-10 18:28:16] ślady przejazdów          13 ms  /ridemore/trasy/wislana-trasa 12/12 kafli
[2026-09-10 18:28:16] skarby w kadrze             45 ms  /ridemore/trasy/wislana-trasa 6 pinezek
[2026-09-10 18:28:16] pola odkryć                61 ms  /ridemore/trasy/wislana-trasa 38 pól
[2026-09-10 18:28:16] rysowanie pól               0 ms  /ridemore/trasy/wislana-trasa 38 pól
[2026-09-10 18:28:16] cykl mapy                   67 ms  /ridemore/trasy/wislana-trasa 6 zadań
[2026-09-10 18:28:16] pola odkryć                58 ms  /ridemore/trasy/wislana-trasa 38 pól
[2026-09-10 18:28:16] rysowanie pól               0 ms  /ridemore/trasy/wislana-trasa 38 pól
[2026-09-10 18:28:16] skarby w kadrze             74 ms  /ridemore/trasy/wislana-trasa 6 pinezek
[2026-09-10 18:28:16] cykl mapy                   74 ms  /ridemore/trasy/wislana-trasa 3 zadań
[2026-09-10 18:28:29] podkład mapy               30 ms  /ridemore/trasy/jhjh-aqua-velo 15/27 kafli
[2026-09-10 18:28:29] ślady przejazdów          34 ms  /ridemore/trasy/jhjh-aqua-velo 15/15 kafli
[2026-09-10 18:28:29] pola odkryć                33 ms  /ridemore/trasy/jhjh-aqua-velo 47 pól
[2026-09-10 18:28:29] rysowanie pól               0 ms  /ridemore/trasy/jhjh-aqua-velo 47 pól
[2026-09-10 18:28:29] skarby w kadrze             43 ms  /ridemore/trasy/jhjh-aqua-velo 9 pinezek
[2026-09-10 18:28:29] cykl mapy                   50 ms  /ridemore/trasy/jhjh-aqua-velo 5 zadań
[2026-09-10 18:28:29] pola odkryć                23 ms  /ridemore/trasy/jhjh-aqua-velo 47 pól
[2026-09-10 18:28:29] rysowanie pól               0 ms  /ridemore/trasy/jhjh-aqua-velo 47 pól
[2026-09-10 18:28:29] skarby w kadrze             36 ms  /ridemore/trasy/jhjh-aqua-velo 9 pinezek
[2026-09-10 18:28:29] cykl mapy                   36 ms  /ridemore/trasy/jhjh-aqua-velo 3 zadań
[2026-09-10 18:30:39] podkład mapy               31 ms  /ridemore/trasy/jhjh-aqua-velo 15/27 kafli
[2026-09-10 18:30:39] ślady przejazdów          37 ms  /ridemore/trasy/jhjh-aqua-velo 15/15 kafli
[2026-09-10 18:30:39] pola odkryć                36 ms  /ridemore/trasy/jhjh-aqua-velo 47 pól
[2026-09-10 18:30:39] rysowanie pól               0 ms  /ridemore/trasy/jhjh-aqua-velo 47 pól
[2026-09-10 18:30:39] skarby w kadrze             36 ms  /ridemore/trasy/jhjh-aqua-velo 9 pinezek
[2026-09-10 18:30:39] cykl mapy                   43 ms  /ridemore/trasy/jhjh-aqua-velo 5 zadań
[2026-09-10 18:30:39] pola odkryć                41 ms  /ridemore/trasy/jhjh-aqua-velo 47 pól
[2026-09-10 18:30:39] rysowanie pól               0 ms  /ridemore/trasy/jhjh-aqua-velo 47 pól
[2026-09-10 18:30:39] skarby w kadrze             53 ms  /ridemore/trasy/jhjh-aqua-velo 9 pinezek
[2026-09-10 18:30:39] cykl mapy                   54 ms  /ridemore/trasy/jhjh-aqua-velo 3 zadań
[2026-09-10 18:31:38] podkład mapy               27 ms  /ridemore/trasy/jhjh-aqua-velo 15/27 kafli
[2026-09-10 18:31:38] ślady przejazdów          35 ms  /ridemore/trasy/jhjh-aqua-velo 15/15 kafli
[2026-09-10 18:31:38] skarby w kadrze             34 ms  /ridemore/trasy/jhjh-aqua-velo 9 pinezek
[2026-09-10 18:31:38] pola odkryć                42 ms  /ridemore/trasy/jhjh-aqua-velo 47 pól
[2026-09-10 18:31:38] rysowanie pól               0 ms  /ridemore/trasy/jhjh-aqua-velo 47 pól
[2026-09-10 18:31:38] cykl mapy                   48 ms  /ridemore/trasy/jhjh-aqua-velo 5 zadań
[2026-09-10 18:31:38] skarby w kadrze             49 ms  /ridemore/trasy/jhjh-aqua-velo 9 pinezek
[2026-09-10 18:31:38] pola odkryć                72 ms  /ridemore/trasy/jhjh-aqua-velo 47 pól
[2026-09-10 18:31:38] rysowanie pól               0 ms  /ridemore/trasy/jhjh-aqua-velo 47 pól
[2026-09-10 18:31:38] cykl mapy                   72 ms  /ridemore/trasy/jhjh-aqua-velo 3 zadań
[2026-09-10 18:31:55] podkład mapy               48 ms  /ridemore/trasy/wislana-trasa 15/27 kafli
[2026-09-10 18:31:55] ślady przejazdów          58 ms  /ridemore/trasy/wislana-trasa 15/15 kafli
[2026-09-10 18:31:55] skarby w kadrze             62 ms  /ridemore/trasy/wislana-trasa 11 pinezek
[2026-09-10 18:31:55] pola odkryć                70 ms  /ridemore/trasy/wislana-trasa 51 pól
[2026-09-10 18:31:55] rysowanie pól               0 ms  /ridemore/trasy/wislana-trasa 51 pól
[2026-09-10 18:31:55] cykl mapy                   79 ms  /ridemore/trasy/wislana-trasa 5 zadań
[2026-09-10 18:31:55] skarby w kadrze             21 ms  /ridemore/trasy/wislana-trasa 11 pinezek
[2026-09-10 18:31:55] pola odkryć                26 ms  /ridemore/trasy/wislana-trasa 51 pól
[2026-09-10 18:31:55] rysowanie pól               0 ms  /ridemore/trasy/wislana-trasa 51 pól
[2026-09-10 18:31:55] cykl mapy                   26 ms  /ridemore/trasy/wislana-trasa 3 zadań
[2026-09-10 18:32:06] podkład mapy               36 ms  /ridemore/trasy/jhjh-aqua-velo 6/9 kafli
[2026-09-10 18:32:06] ślady przejazdów          31 ms  /ridemore/trasy/jhjh-aqua-velo 6/6 kafli
[2026-09-10 18:32:06] skarby w kadrze             60 ms  /ridemore/trasy/jhjh-aqua-velo 4 pinezek
[2026-09-10 18:32:06] pola odkryć                63 ms  /ridemore/trasy/jhjh-aqua-velo 49 pól
[2026-09-10 18:32:06] rysowanie pól               0 ms  /ridemore/trasy/jhjh-aqua-velo 49 pól
[2026-09-10 18:32:06] cykl mapy                   72 ms  /ridemore/trasy/jhjh-aqua-velo 5 zadań
[2026-09-10 18:32:06] pola odkryć                30 ms  /ridemore/trasy/jhjh-aqua-velo 49 pól
[2026-09-10 18:32:06] rysowanie pól               0 ms  /ridemore/trasy/jhjh-aqua-velo 49 pól
[2026-09-10 18:32:06] skarby w kadrze             55 ms  /ridemore/trasy/jhjh-aqua-velo 4 pinezek
[2026-09-10 18:32:06] cykl mapy                   55 ms  /ridemore/trasy/jhjh-aqua-velo 3 zadań
[2026-09-10 18:33:22] podkład mapy                8 ms  /ridemore/trasy/jhjh-aqua-velo 6/6 kafli
[2026-09-10 18:33:22] ślady przejazdów           9 ms  /ridemore/trasy/jhjh-aqua-velo 6/6 kafli
[2026-09-10 18:33:22] skarby w kadrze             20 ms  /ridemore/trasy/jhjh-aqua-velo 4 pinezek
[2026-09-10 18:33:22] pola odkryć                68 ms  /ridemore/trasy/jhjh-aqua-velo 49 pól
[2026-09-10 18:33:22] rysowanie pól               0 ms  /ridemore/trasy/jhjh-aqua-velo 49 pól
[2026-09-10 18:33:22] cykl mapy                   71 ms  /ridemore/trasy/jhjh-aqua-velo 6 zadań
[2026-09-10 18:33:26] pola odkryć                52 ms  /ridemore/trasy/jhjh-aqua-velo 49 pól
[2026-09-10 18:33:26] rysowanie pól               0 ms  /ridemore/trasy/jhjh-aqua-velo 49 pól
[2026-09-10 18:33:26] skarby w kadrze             54 ms  /ridemore/trasy/jhjh-aqua-velo 4 pinezek
[2026-09-10 18:33:26] cykl mapy                   55 ms  /ridemore/trasy/jhjh-aqua-velo 3 zadań
[2026-09-10 18:33:31] podkład mapy               23 ms  /ridemore/events/weekend-szosowy-beskidy 6/6 kafli
[2026-09-10 18:33:31] pola odkryć                23 ms  /ridemore/events/weekend-szosowy-beskidy 123 pól
[2026-09-10 18:33:31] rysowanie pól               0 ms  /ridemore/events/weekend-szosowy-beskidy 123 pól
[2026-09-10 18:33:31] znane trasy                 29 ms  /ridemore/events/weekend-szosowy-beskidy 6/6 kafli
[2026-09-10 18:33:31] skarby w kadrze             40 ms  /ridemore/events/weekend-szosowy-beskidy 0 pinezek
[2026-09-10 18:33:31] cykl mapy                   82 ms  /ridemore/events/weekend-szosowy-beskidy 7 zadań
[2026-09-10 18:33:31] pola odkryć                20 ms  /ridemore/events/weekend-szosowy-beskidy 123 pól
[2026-09-10 18:33:31] rysowanie pól               0 ms  /ridemore/events/weekend-szosowy-beskidy 123 pól
[2026-09-10 18:33:31] skarby w kadrze             36 ms  /ridemore/events/weekend-szosowy-beskidy 0 pinezek
[2026-09-10 18:33:31] cykl mapy                   36 ms  /ridemore/events/weekend-szosowy-beskidy 3 zadań
[2026-09-10 18:33:36] pola odkryć                26 ms  /ridemore/events/weekend-szosowy-beskidy 123 pól
[2026-09-10 18:33:36] rysowanie pól               0 ms  /ridemore/events/weekend-szosowy-beskidy 123 pól
[2026-09-10 18:33:36] skarby w kadrze             36 ms  /ridemore/events/weekend-szosowy-beskidy 0 pinezek
[2026-09-10 18:33:36] cykl mapy                   36 ms  /ridemore/events/weekend-szosowy-beskidy 3 zadań
[2026-09-10 18:34:51] podkład mapy               42 ms  /ridemore/trasy/jhjh-aqua-velo 15/27 kafli
[2026-09-10 18:34:51] ślady przejazdów          38 ms  /ridemore/trasy/jhjh-aqua-velo 15/15 kafli
[2026-09-10 18:34:51] skarby w kadrze             37 ms  /ridemore/trasy/jhjh-aqua-velo 9 pinezek
[2026-09-10 18:34:51] pola odkryć                50 ms  /ridemore/trasy/jhjh-aqua-velo 47 pól
[2026-09-10 18:34:51] rysowanie pól               0 ms  /ridemore/trasy/jhjh-aqua-velo 47 pól
[2026-09-10 18:34:51] cykl mapy                   58 ms  /ridemore/trasy/jhjh-aqua-velo 5 zadań
[2026-09-10 18:34:51] pola odkryć                15 ms  /ridemore/trasy/jhjh-aqua-velo 47 pól
[2026-09-10 18:34:51] rysowanie pól               0 ms  /ridemore/trasy/jhjh-aqua-velo 47 pól
[2026-09-10 18:34:51] skarby w kadrze             37 ms  /ridemore/trasy/jhjh-aqua-velo 9 pinezek
[2026-09-10 18:34:51] cykl mapy                   37 ms  /ridemore/trasy/jhjh-aqua-velo 3 zadań
[2026-09-10 18:35:51] ślady przejazdów         220 ms  /ridemore/trasy/wislana-trasa 24/24 kafli
[2026-09-10 18:35:51] skarby w kadrze            234 ms  /ridemore/trasy/wislana-trasa 16 pinezek
[2026-09-10 18:35:51] pola odkryć               238 ms  /ridemore/trasy/wislana-trasa 51 pól
[2026-09-10 18:35:51] rysowanie pól              12 ms  /ridemore/trasy/wislana-trasa 51 pól
[2026-09-10 18:35:51] skarby w kadrze             17 ms  /ridemore/trasy/wislana-trasa 16 pinezek
[2026-09-10 18:35:51] pola odkryć                35 ms  /ridemore/trasy/wislana-trasa 51 pól
[2026-09-10 18:35:51] rysowanie pól               8 ms  /ridemore/trasy/wislana-trasa 51 pól
[2026-09-10 18:35:51] podkład mapy              509 ms  /ridemore/trasy/wislana-trasa 16/24 kafli, błędów 8
[2026-09-10 18:35:51] cykl mapy                  509 ms  /ridemore/trasy/wislana-trasa 9 zadań
[2026-09-10 18:35:54] ślady przejazdów         287 ms  /ridemore/trasy/wislana-trasa 24/24 kafli
[2026-09-10 18:35:54] skarby w kadrze            312 ms  /ridemore/trasy/wislana-trasa 16 pinezek
[2026-09-10 18:35:54] pola odkryć               307 ms  /ridemore/trasy/wislana-trasa 51 pól
[2026-09-10 18:35:54] rysowanie pól              25 ms  /ridemore/trasy/wislana-trasa 51 pól
[2026-09-10 18:35:54] podkład mapy              411 ms  /ridemore/trasy/wislana-trasa 24/24 kafli
[2026-09-10 18:35:54] cykl mapy                  411 ms  /ridemore/trasy/wislana-trasa 6 zadań
[2026-09-10 18:41:08] trasy ukończone           203 ms  /ridemore/odkrycia           24/24 kafli
[2026-09-10 18:41:08] podkład mapy              225 ms  /ridemore/odkrycia           24/24 kafli
[2026-09-10 18:41:08] trasy nieukończone        220 ms  /ridemore/odkrycia           24/24 kafli
[2026-09-10 18:41:08] skarby w kadrze            226 ms  /ridemore/odkrycia           32 pinezek
[2026-09-10 18:41:08] pola odkryć               378 ms  /ridemore/odkrycia           81 pól
[2026-09-10 18:41:08] rysowanie pól               3 ms  /ridemore/odkrycia           81 pól
[2026-09-10 18:41:08] ślady przejazdów         569 ms  /ridemore/odkrycia           24/24 kafli
[2026-09-10 18:41:08] cykl mapy                  578 ms  /ridemore/odkrycia           8 zadań
[2026-09-10 18:41:12] podkład mapy              114 ms  /ridemore/trasy/jhjh-aqua-velo 24/24 kafli
[2026-09-10 18:41:12] ślady przejazdów         114 ms  /ridemore/trasy/jhjh-aqua-velo 24/24 kafli
[2026-09-10 18:41:12] skarby w kadrze            123 ms  /ridemore/trasy/jhjh-aqua-velo 9 pinezek
[2026-09-10 18:41:12] pola odkryć               106 ms  /ridemore/trasy/jhjh-aqua-velo 47 pól
[2026-09-10 18:41:12] rysowanie pól               2 ms  /ridemore/trasy/jhjh-aqua-velo 47 pól
[2026-09-10 18:41:12] cykl mapy                  133 ms  /ridemore/trasy/jhjh-aqua-velo 6 zadań
[2026-09-10 18:46:26] podkład mapy               31 ms  /ridemore/trasy/jhjh-aqua-velo 15/27 kafli
[2026-09-10 18:46:26] ślady przejazdów          35 ms  /ridemore/trasy/jhjh-aqua-velo 15/15 kafli
[2026-09-10 18:46:26] cykl mapy                   41 ms  /ridemore/trasy/jhjh-aqua-velo 2 zadań
[2026-09-10 18:46:26] pola odkryć                34 ms  /ridemore/trasy/jhjh-aqua-velo 47 pól
[2026-09-10 18:46:26] rysowanie pól               0 ms  /ridemore/trasy/jhjh-aqua-velo 47 pól
[2026-09-10 18:46:26] skarby w kadrze             47 ms  /ridemore/trasy/jhjh-aqua-velo 9 pinezek
[2026-09-10 18:46:26] cykl mapy                   47 ms  /ridemore/trasy/jhjh-aqua-velo 3 zadań
[2026-09-10 18:46:49] pola odkryć                38 ms  /ridemore/trasy/jhjh-aqua-velo 3 pól
[2026-09-10 18:46:49] rysowanie pól               2 ms  /ridemore/trasy/jhjh-aqua-velo 3 pól
[2026-09-10 18:46:49] skarby w kadrze             43 ms  /ridemore/trasy/jhjh-aqua-velo 0 pinezek
[2026-09-10 18:46:49] podkład mapy              243 ms  /ridemore/trasy/jhjh-aqua-velo 24/24 kafli
[2026-09-10 18:46:49] pola odkryć               167 ms  /ridemore/trasy/jhjh-aqua-velo 3 pól
[2026-09-10 18:46:49] rysowanie pól               1 ms  /ridemore/trasy/jhjh-aqua-velo 3 pól
[2026-09-10 18:46:49] skarby w kadrze            172 ms  /ridemore/trasy/jhjh-aqua-velo 0 pinezek
[2026-09-10 18:46:49] ślady przejazdów         439 ms  /ridemore/trasy/jhjh-aqua-velo 24/24 kafli
[2026-09-10 18:46:49] cykl mapy                  446 ms  /ridemore/trasy/jhjh-aqua-velo 8 zadań
[2026-09-10 18:46:54] ślady przejazdów         141 ms  /ridemore/trasy/jhjh-aqua-velo 24/24 kafli
[2026-09-10 18:46:54] pola odkryć               108 ms  /ridemore/trasy/jhjh-aqua-velo 47 pól
[2026-09-10 18:46:54] rysowanie pól               3 ms  /ridemore/trasy/jhjh-aqua-velo 47 pól
[2026-09-10 18:46:54] skarby w kadrze            146 ms  /ridemore/trasy/jhjh-aqua-velo 9 pinezek
[2026-09-10 18:46:54] podkład mapy              353 ms  /ridemore/trasy/jhjh-aqua-velo 24/24 kafli
[2026-09-10 18:46:54] cykl mapy                  353 ms  /ridemore/trasy/jhjh-aqua-velo 6 zadań
[2026-09-10 18:47:24] podkład mapy               84 ms  /ridemore/events/3-dniowa-petla-bieszczadzka 15/15 kafli
[2026-09-10 18:47:24] znane trasy                 84 ms  /ridemore/events/3-dniowa-petla-bieszczadzka 15/15 kafli
[2026-09-10 18:47:24] pola odkryć                90 ms  /ridemore/events/3-dniowa-petla-bieszczadzka 63 pól
[2026-09-10 18:47:24] rysowanie pól              10 ms  /ridemore/events/3-dniowa-petla-bieszczadzka 63 pól
[2026-09-10 18:47:24] skarby w kadrze            100 ms  /ridemore/events/3-dniowa-petla-bieszczadzka 5 pinezek
[2026-09-10 18:47:24] cykl mapy                  161 ms  /ridemore/events/3-dniowa-petla-bieszczadzka 7 zadań
[2026-09-10 18:47:24] pola odkryć                49 ms  /ridemore/events/3-dniowa-petla-bieszczadzka 63 pól
[2026-09-10 18:47:24] rysowanie pól               4 ms  /ridemore/events/3-dniowa-petla-bieszczadzka 63 pól
[2026-09-10 18:47:24] skarby w kadrze             68 ms  /ridemore/events/3-dniowa-petla-bieszczadzka 5 pinezek
[2026-09-10 18:47:24] cykl mapy                   69 ms  /ridemore/events/3-dniowa-petla-bieszczadzka 3 zadań
[2026-09-11 09:49:25] skarby w kadrze            144 ms  /ridemore/trasy/asdfasd      0 pinezek
[2026-09-11 09:49:25] podkład mapy              477 ms  /ridemore/trasy/asdfasd      20/20 kafli
[2026-09-11 09:49:25] pola odkryć               478 ms  /ridemore/trasy/asdfasd      0 pól
[2026-09-11 09:49:25] rysowanie pól               6 ms  /ridemore/trasy/asdfasd      0 pól
[2026-09-11 09:49:25] ślady przejazdów         510 ms  /ridemore/trasy/asdfasd      20/20 kafli
[2026-09-11 09:49:25] cykl mapy                  517 ms  /ridemore/trasy/asdfasd      6 zadań
[2026-09-11 09:49:25] pola odkryć                53 ms  /ridemore/trasy/asdfasd      0 pól
[2026-09-11 09:49:25] rysowanie pól               2 ms  /ridemore/trasy/asdfasd      0 pól
[2026-09-11 09:49:25] skarby w kadrze             58 ms  /ridemore/trasy/asdfasd      0 pinezek
[2026-09-11 09:49:25] ślady przejazdów         315 ms  /ridemore/trasy/asdfasd      18/18 kafli
[2026-09-11 09:49:25] podkład mapy              317 ms  /ridemore/trasy/asdfasd      18/18 kafli
[2026-09-11 09:49:25] cykl mapy                  317 ms  /ridemore/trasy/asdfasd      5 zadań
[2026-09-11 09:49:25] pola odkryć                24 ms  /ridemore/trasy/asdfasd      0 pól
[2026-09-11 09:49:25] rysowanie pól               1 ms  /ridemore/trasy/asdfasd      0 pól
[2026-09-11 09:49:25] skarby w kadrze             29 ms  /ridemore/trasy/asdfasd      0 pinezek
[2026-09-11 09:49:25] cykl mapy                   29 ms  /ridemore/trasy/asdfasd      3 zadań
[2026-09-11 09:56:11] ślady przejazdów          35 ms  /ridemore/trasy/jhjh-aqua-velo 15/15 kafli
[2026-09-11 09:56:11] podkład mapy              279 ms  /ridemore/trasy/jhjh-aqua-velo 15/27 kafli
[2026-09-11 09:56:11] cykl mapy                  279 ms  /ridemore/trasy/jhjh-aqua-velo 2 zadań
[2026-09-11 09:56:11] skarby w kadrze             50 ms  /ridemore/trasy/jhjh-aqua-velo 9 pinezek
[2026-09-11 09:56:11] pola odkryć                83 ms  /ridemore/trasy/jhjh-aqua-velo 47 pól
[2026-09-11 09:56:11] rysowanie pól               0 ms  /ridemore/trasy/jhjh-aqua-velo 47 pól
[2026-09-11 09:56:11] cykl mapy                   84 ms  /ridemore/trasy/jhjh-aqua-velo 3 zadań
[2026-09-11 10:00:21] skarby w kadrze             21 ms  /ridemore/trasy/jhjh-aqua-velo 9 pinezek
[2026-09-11 10:00:21] pola odkryć                48 ms  /ridemore/trasy/jhjh-aqua-velo 47 pól
[2026-09-11 10:00:21] rysowanie pól               0 ms  /ridemore/trasy/jhjh-aqua-velo 47 pól
[2026-09-11 10:00:21] podkład mapy               62 ms  /ridemore/trasy/jhjh-aqua-velo 15/15 kafli
[2026-09-11 10:00:21] ślady przejazdów          69 ms  /ridemore/trasy/jhjh-aqua-velo 15/15 kafli
[2026-09-11 10:00:21] cykl mapy                   73 ms  /ridemore/trasy/jhjh-aqua-velo 6 zadań
[2026-09-11 10:02:31] skarby w kadrze             48 ms  /ridemore/trasy/jhjh-aqua-velo 9 pinezek
[2026-09-11 10:02:31] pola odkryć                63 ms  /ridemore/trasy/jhjh-aqua-velo 47 pól
[2026-09-11 10:02:31] rysowanie pól               0 ms  /ridemore/trasy/jhjh-aqua-velo 47 pól
[2026-09-11 10:02:31] cykl mapy                   64 ms  /ridemore/trasy/jhjh-aqua-velo 3 zadań
[2026-09-11 10:07:10] trasy ukończone           188 ms  /ridemore/odkrycia           24/24 kafli
[2026-09-11 10:07:10] trasy nieukończone        193 ms  /ridemore/odkrycia           24/24 kafli
[2026-09-11 10:07:10] podkład mapy              202 ms  /ridemore/odkrycia           24/24 kafli
[2026-09-11 10:07:10] skarby w kadrze            266 ms  /ridemore/odkrycia           32 pinezek
[2026-09-11 10:07:10] ślady przejazdów         731 ms  /ridemore/odkrycia           24/24 kafli
[2026-09-11 10:07:10] pola odkryć               718 ms  /ridemore/odkrycia           81 pól
[2026-09-11 10:07:10] rysowanie pól               2 ms  /ridemore/odkrycia           81 pól
[2026-09-11 10:07:10] cykl mapy                  762 ms  /ridemore/odkrycia           8 zadań
[2026-09-11 10:07:14] podkład mapy              106 ms  /ridemore/trasy/jhjh-aqua-velo 24/24 kafli
[2026-09-11 10:07:14] ślady przejazdów         110 ms  /ridemore/trasy/jhjh-aqua-velo 24/24 kafli
[2026-09-11 10:07:14] skarby w kadrze            116 ms  /ridemore/trasy/jhjh-aqua-velo 9 pinezek
[2026-09-11 10:07:14] pola odkryć               105 ms  /ridemore/trasy/jhjh-aqua-velo 47 pól
[2026-09-11 10:07:14] rysowanie pól               2 ms  /ridemore/trasy/jhjh-aqua-velo 47 pól
[2026-09-11 10:07:14] cykl mapy                  126 ms  /ridemore/trasy/jhjh-aqua-velo 6 zadań
[2026-09-11 10:07:22] pola odkryć                35 ms  /ridemore/trasy/jhjh-aqua-velo 0 pól
[2026-09-11 10:07:22] rysowanie pól               1 ms  /ridemore/trasy/jhjh-aqua-velo 0 pól
[2026-09-11 10:07:22] skarby w kadrze             36 ms  /ridemore/trasy/jhjh-aqua-velo 1 pinezek
[2026-09-11 10:07:22] podkład mapy              187 ms  /ridemore/trasy/jhjh-aqua-velo 24/24 kafli
[2026-09-11 10:07:22] ślady przejazdów         259 ms  /ridemore/trasy/jhjh-aqua-velo 24/24 kafli
[2026-09-11 10:07:22] cykl mapy                  267 ms  /ridemore/trasy/jhjh-aqua-velo 5 zadań
[2026-09-11 10:07:22] pola odkryć                19 ms  /ridemore/trasy/jhjh-aqua-velo 0 pól
[2026-09-11 10:07:22] rysowanie pól               1 ms  /ridemore/trasy/jhjh-aqua-velo 0 pól
[2026-09-11 10:07:22] skarby w kadrze             23 ms  /ridemore/trasy/jhjh-aqua-velo 1 pinezek
[2026-09-11 10:07:22] cykl mapy                   24 ms  /ridemore/trasy/jhjh-aqua-velo 3 zadań
[2026-09-11 10:29:15] ślady przejazdów         141 ms  /ridemore/trasy/jhjh-aqua-velo 11/11 kafli
[2026-09-11 10:29:15] skarby w kadrze             41 ms  /ridemore/trasy/jhjh-aqua-velo 7 pinezek
[2026-09-11 10:29:15] pola odkryć                52 ms  /ridemore/trasy/jhjh-aqua-velo 53 pól
[2026-09-11 10:29:15] rysowanie pól               3 ms  /ridemore/trasy/jhjh-aqua-velo 53 pól
[2026-09-11 10:29:15] podkład mapy              392 ms  /ridemore/trasy/jhjh-aqua-velo 24/35 kafli
[2026-09-11 10:29:15] ślady przejazdów         201 ms  /ridemore/trasy/jhjh-aqua-velo 24/24 kafli
[2026-09-11 10:29:15] cykl mapy                  455 ms  /ridemore/trasy/jhjh-aqua-velo 6 zadań
[2026-09-11 10:29:15] skarby w kadrze             90 ms  /ridemore/trasy/jhjh-aqua-velo 7 pinezek
[2026-09-11 10:29:15] pola odkryć               118 ms  /ridemore/trasy/jhjh-aqua-velo 53 pól
[2026-09-11 10:29:15] rysowanie pól               2 ms  /ridemore/trasy/jhjh-aqua-velo 53 pól
[2026-09-11 10:29:15] cykl mapy                  120 ms  /ridemore/trasy/jhjh-aqua-velo 3 zadań
[2026-09-11 10:29:15] podkład mapy              134 ms  /ridemore/trasy/jhjh-aqua-velo 9/9 kafli
[2026-09-11 10:29:15] ślady przejazdów         202 ms  /ridemore/trasy/jhjh-aqua-velo 9/9 kafli
[2026-09-11 10:29:15] cykl mapy                  208 ms  /ridemore/trasy/jhjh-aqua-velo 2 zadań
[2026-09-11 10:29:15] skarby w kadrze             62 ms  /ridemore/trasy/jhjh-aqua-velo 22 pinezek
[2026-09-11 10:29:15] pola odkryć                78 ms  /ridemore/trasy/jhjh-aqua-velo 54 pól
[2026-09-11 10:29:15] rysowanie pól              21 ms  /ridemore/trasy/jhjh-aqua-velo 54 pól
[2026-09-11 10:29:15] podkład mapy              158 ms  /ridemore/trasy/jhjh-aqua-velo 9/9 kafli
[2026-09-11 10:29:15] ślady przejazdów         230 ms  /ridemore/trasy/jhjh-aqua-velo 9/9 kafli
[2026-09-11 10:29:15] cykl mapy                  234 ms  /ridemore/trasy/jhjh-aqua-velo 5 zadań
[2026-09-11 10:29:15] skarby w kadrze             19 ms  /ridemore/trasy/jhjh-aqua-velo 22 pinezek
[2026-09-11 10:29:15] pola odkryć                97 ms  /ridemore/trasy/jhjh-aqua-velo 54 pól
[2026-09-11 10:29:15] rysowanie pól              17 ms  /ridemore/trasy/jhjh-aqua-velo 54 pól
[2026-09-11 10:29:15] cykl mapy                  113 ms  /ridemore/trasy/jhjh-aqua-velo 3 zadań
[2026-09-11 10:29:19] ślady przejazdów         246 ms  /ridemore/trasy/jhjh-aqua-velo 24/24 kafli
[2026-09-11 10:29:19] podkład mapy              250 ms  /ridemore/trasy/jhjh-aqua-velo 24/24 kafli
[2026-09-11 10:29:19] skarby w kadrze            261 ms  /ridemore/trasy/jhjh-aqua-velo 9 pinezek
[2026-09-11 10:29:19] pola odkryć               246 ms  /ridemore/trasy/jhjh-aqua-velo 47 pól
[2026-09-11 10:29:19] rysowanie pól               1 ms  /ridemore/trasy/jhjh-aqua-velo 47 pól
[2026-09-11 10:29:19] cykl mapy                  269 ms  /ridemore/trasy/jhjh-aqua-velo 6 zadań
[2026-09-11 10:29:29] podkład mapy              199 ms  /ridemore/trasy/jhjh-aqua-velo 24/24 kafli
[2026-09-11 10:29:29] skarby w kadrze            130 ms  /ridemore/trasy/jhjh-aqua-velo 11 pinezek
[2026-09-11 10:29:29] podkład mapy              161 ms  /ridemore/trasy/jhjh-aqua-velo 24/24 kafli
[2026-09-11 10:29:29] pola odkryć               171 ms  /ridemore/trasy/jhjh-aqua-velo 72 pól
[2026-09-11 10:29:29] rysowanie pól               3 ms  /ridemore/trasy/jhjh-aqua-velo 72 pól
[2026-09-11 10:29:29] ślady przejazdów         523 ms  /ridemore/trasy/jhjh-aqua-velo 35/48 kafli
[2026-09-11 10:29:29] skarby w kadrze             70 ms  /ridemore/trasy/jhjh-aqua-velo 11 pinezek
[2026-09-11 10:29:29] pola odkryć                96 ms  /ridemore/trasy/jhjh-aqua-velo 72 pól
[2026-09-11 10:29:29] rysowanie pól               1 ms  /ridemore/trasy/jhjh-aqua-velo 72 pól
[2026-09-11 10:29:29] cykl mapy                  620 ms  /ridemore/trasy/jhjh-aqua-velo 9 zadań
[2026-09-11 10:29:29] podkład mapy               13 ms  /ridemore/trasy/jhjh-aqua-velo 8/8 kafli
[2026-09-11 10:29:29] cykl mapy                   13 ms  /ridemore/trasy/jhjh-aqua-velo 1 zadań
[2026-09-11 10:29:29] podkład mapy               36 ms  /ridemore/trasy/jhjh-aqua-velo 1/1 kafli
[2026-09-11 10:29:29] cykl mapy                   36 ms  /ridemore/trasy/jhjh-aqua-velo 1 zadań
[2026-09-11 10:29:29] skarby w kadrze             30 ms  /ridemore/trasy/jhjh-aqua-velo 32 pinezek
[2026-09-11 10:29:29] pola odkryć                71 ms  /ridemore/trasy/jhjh-aqua-velo 81 pól
[2026-09-11 10:29:29] rysowanie pól               3 ms  /ridemore/trasy/jhjh-aqua-velo 81 pól
[2026-09-11 10:29:29] ślady przejazdów         178 ms  /ridemore/trasy/jhjh-aqua-velo 9/9 kafli
[2026-09-11 10:29:29] cykl mapy                  178 ms  /ridemore/trasy/jhjh-aqua-velo 4 zadań
[2026-09-11 10:29:29] podkład mapy              134 ms  /ridemore/trasy/jhjh-aqua-velo 9/9 kafli
[2026-09-11 10:29:29] ślady przejazdów         211 ms  /ridemore/trasy/jhjh-aqua-velo 9/9 kafli
[2026-09-11 10:29:29] cykl mapy                  218 ms  /ridemore/trasy/jhjh-aqua-velo 2 zadań
[2026-09-11 10:29:29] skarby w kadrze             47 ms  /ridemore/trasy/jhjh-aqua-velo 18 pinezek
[2026-09-11 10:29:29] pola odkryć                68 ms  /ridemore/trasy/jhjh-aqua-velo 15 pól
[2026-09-11 10:29:29] rysowanie pól               1 ms  /ridemore/trasy/jhjh-aqua-velo 15 pól
[2026-09-11 10:29:29] podkład mapy              134 ms  /ridemore/trasy/jhjh-aqua-velo 24/24 kafli
[2026-09-11 10:29:29] ślady przejazdów         220 ms  /ridemore/trasy/jhjh-aqua-velo 24/24 kafli
[2026-09-11 10:29:29] cykl mapy                  222 ms  /ridemore/trasy/jhjh-aqua-velo 5 zadań
[2026-09-11 10:29:29] skarby w kadrze             57 ms  /ridemore/trasy/jhjh-aqua-velo 18 pinezek
[2026-09-11 10:29:29] pola odkryć                80 ms  /ridemore/trasy/jhjh-aqua-velo 15 pól
[2026-09-11 10:29:29] rysowanie pól               1 ms  /ridemore/trasy/jhjh-aqua-velo 15 pól
[2026-09-11 10:29:29] cykl mapy                   81 ms  /ridemore/trasy/jhjh-aqua-velo 3 zadań
[2026-09-11 10:29:29] podkład mapy               21 ms  /ridemore/trasy/jhjh-aqua-velo 9/9 kafli
[2026-09-11 10:29:29] cykl mapy                   21 ms  /ridemore/trasy/jhjh-aqua-velo 1 zadań
[2026-09-11 10:29:29] ślady przejazdów          22 ms  /ridemore/trasy/jhjh-aqua-velo 9/9 kafli
[2026-09-11 10:29:29] skarby w kadrze             30 ms  /ridemore/trasy/jhjh-aqua-velo 23 pinezek
[2026-09-11 10:29:29] pola odkryć                58 ms  /ridemore/trasy/jhjh-aqua-velo 18 pól
[2026-09-11 10:29:29] rysowanie pól               1 ms  /ridemore/trasy/jhjh-aqua-velo 18 pól
[2026-09-11 10:29:29] cykl mapy                   59 ms  /ridemore/trasy/jhjh-aqua-velo 4 zadań
[2026-09-11 10:29:34] skarby w kadrze             35 ms  /ridemore/trasy/jhjh-aqua-velo 7 pinezek
[2026-09-11 10:29:34] pola odkryć                38 ms  /ridemore/trasy/jhjh-aqua-velo 8 pól
[2026-09-11 10:29:34] rysowanie pól               0 ms  /ridemore/trasy/jhjh-aqua-velo 8 pól
[2026-09-11 10:29:34] podkład mapy              222 ms  /ridemore/trasy/jhjh-aqua-velo 24/24 kafli
[2026-09-11 10:29:34] pola odkryć               150 ms  /ridemore/trasy/jhjh-aqua-velo 8 pól
[2026-09-11 10:29:34] rysowanie pól               0 ms  /ridemore/trasy/jhjh-aqua-velo 8 pól
[2026-09-11 10:29:34] skarby w kadrze            153 ms  /ridemore/trasy/jhjh-aqua-velo 7 pinezek
[2026-09-11 10:29:34] ślady przejazdów         420 ms  /ridemore/trasy/jhjh-aqua-velo 24/24 kafli
[2026-09-11 10:29:34] cykl mapy                  423 ms  /ridemore/trasy/jhjh-aqua-velo 8 zadań
[2026-09-11 10:29:34] skarby w kadrze             45 ms  /ridemore/trasy/jhjh-aqua-velo 0 pinezek
[2026-09-11 10:29:34] pola odkryć                60 ms  /ridemore/trasy/jhjh-aqua-velo 59 pól
[2026-09-11 10:29:34] rysowanie pól               1 ms  /ridemore/trasy/jhjh-aqua-velo 59 pól
[2026-09-11 10:29:34] pola odkryć                59 ms  /ridemore/trasy/jhjh-aqua-velo 59 pól
[2026-09-11 10:29:34] rysowanie pól               1 ms  /ridemore/trasy/jhjh-aqua-velo 59 pól
[2026-09-11 10:29:34] skarby w kadrze             83 ms  /ridemore/trasy/jhjh-aqua-velo 0 pinezek
[2026-09-11 10:29:34] ślady przejazdów         349 ms  /ridemore/trasy/jhjh-aqua-velo 18/18 kafli
[2026-09-11 10:29:34] podkład mapy              410 ms  /ridemore/trasy/jhjh-aqua-velo 18/18 kafli
[2026-09-11 10:29:34] cykl mapy                  410 ms  /ridemore/trasy/jhjh-aqua-velo 8 zadań
[2026-09-11 10:29:34] podkład mapy              187 ms  /ridemore/trasy/jhjh-aqua-velo 24/24 kafli
[2026-09-11 10:29:34] skarby w kadrze            147 ms  /ridemore/trasy/jhjh-aqua-velo 0 pinezek
[2026-09-11 10:29:34] pola odkryć               147 ms  /ridemore/trasy/jhjh-aqua-velo 59 pól
[2026-09-11 10:29:34] rysowanie pól               8 ms  /ridemore/trasy/jhjh-aqua-velo 59 pól
[2026-09-11 10:29:34] ślady przejazdów         419 ms  /ridemore/trasy/jhjh-aqua-velo 24/24 kafli
[2026-09-11 10:29:34] cykl mapy                  427 ms  /ridemore/trasy/jhjh-aqua-velo 5 zadań
[2026-09-11 10:29:34] skarby w kadrze             51 ms  /ridemore/trasy/jhjh-aqua-velo 0 pinezek
[2026-09-11 10:29:34] pola odkryć                91 ms  /ridemore/trasy/jhjh-aqua-velo 59 pól
[2026-09-11 10:29:34] rysowanie pól              15 ms  /ridemore/trasy/jhjh-aqua-velo 59 pól
[2026-09-11 10:29:34] cykl mapy                  106 ms  /ridemore/trasy/jhjh-aqua-velo 3 zadań
[2026-09-11 10:29:39] podkład mapy              122 ms  /ridemore/trasy/jhjh-aqua-velo 6/6 kafli
[2026-09-11 10:29:39] cykl mapy                  122 ms  /ridemore/trasy/jhjh-aqua-velo 1 zadań
[2026-09-11 10:29:39] pola odkryć                23 ms  /ridemore/trasy/jhjh-aqua-velo 46 pól
[2026-09-11 10:29:39] rysowanie pól               7 ms  /ridemore/trasy/jhjh-aqua-velo 46 pól
[2026-09-11 10:29:39] skarby w kadrze             39 ms  /ridemore/trasy/jhjh-aqua-velo 0 pinezek
[2026-09-11 10:29:39] ślady przejazdów         144 ms  /ridemore/trasy/jhjh-aqua-velo 6/6 kafli
[2026-09-11 10:29:39] cykl mapy                  144 ms  /ridemore/trasy/jhjh-aqua-velo 4 zadań
[2026-09-11 14:10:16] ślady przejazdów         209 ms  /ridemore/trasy/jhjh-aqua-velo 24/24 kafli
[2026-09-11 14:10:16] podkład mapy              215 ms  /ridemore/trasy/jhjh-aqua-velo 24/24 kafli
[2026-09-11 14:10:16] skarby w kadrze            222 ms  /ridemore/trasy/jhjh-aqua-velo 9 pinezek
[2026-09-11 14:10:16] pola odkryć               212 ms  /ridemore/trasy/jhjh-aqua-velo 47 pól
[2026-09-11 14:10:16] rysowanie pól               2 ms  /ridemore/trasy/jhjh-aqua-velo 47 pól
[2026-09-11 14:10:16] cykl mapy                  235 ms  /ridemore/trasy/jhjh-aqua-velo 6 zadań
[2026-09-11 18:15:57] podkład mapy              184 ms  /ridemore/odkrycia           24/24 kafli
[2026-09-11 18:15:57] trasy ukończone           190 ms  /ridemore/odkrycia           24/24 kafli
[2026-09-11 18:15:57] trasy nieukończone        194 ms  /ridemore/odkrycia           24/24 kafli
[2026-09-11 18:15:57] skarby w kadrze            336 ms  /ridemore/odkrycia           32 pinezek
[2026-09-11 18:15:57] ślady przejazdów         735 ms  /ridemore/odkrycia           24/24 kafli
[2026-09-11 18:15:57] pola odkryć               724 ms  /ridemore/odkrycia           81 pól
[2026-09-11 18:15:57] rysowanie pól               2 ms  /ridemore/odkrycia           81 pól
[2026-09-11 18:15:57] cykl mapy                  767 ms  /ridemore/odkrycia           8 zadań
[2026-09-11 19:52:19] podkład mapy               86 ms  /ridemore/admin/skarby       7/6 kafli
[2026-09-11 19:52:19] pola odkryć               379 ms  /ridemore/admin/skarby       23 pól
[2026-09-11 19:52:19] rysowanie pól               6 ms  /ridemore/admin/skarby       23 pól
[2026-09-11 19:52:19] ślady przejazdów         209 ms  /ridemore/admin/skarby       7/6 kafli
[2026-09-11 19:52:19] znane trasy                213 ms  /ridemore/admin/skarby       7/6 kafli
[2026-09-11 19:52:19] cykl mapy                  455 ms  /ridemore/admin/skarby       5 zadań
[2026-09-11 19:52:19] pola odkryć                44 ms  /ridemore/admin/skarby       81 pól
[2026-09-11 19:52:19] rysowanie pól               2 ms  /ridemore/admin/skarby       81 pól
[2026-09-11 19:52:19] podkład mapy               53 ms  /ridemore/admin/skarby       14/14 kafli
[2026-09-11 19:52:19] znane trasy                 63 ms  /ridemore/admin/skarby       14/14 kafli
[2026-09-11 19:52:19] ślady przejazdów         197 ms  /ridemore/admin/skarby       14/14 kafli
[2026-09-11 19:52:19] cykl mapy                  200 ms  /ridemore/admin/skarby       5 zadań
[2026-09-11 19:52:19] pola odkryć                75 ms  /ridemore/admin/skarby       81 pól
[2026-09-11 19:52:19] rysowanie pól               1 ms  /ridemore/admin/skarby       81 pól
[2026-09-11 19:52:19] cykl mapy                   76 ms  /ridemore/admin/skarby       2 zadań
[2026-09-11 20:14:04] podkład mapy              411 ms  /ridemore/trasy/szlak-testowy 18/30 kafli
[2026-09-11 20:14:04] skarby w kadrze             60 ms  /ridemore/trasy/szlak-testowy 9 pinezek
[2026-09-11 20:14:04] pola odkryć                69 ms  /ridemore/trasy/szlak-testowy 127 pól
[2026-09-11 20:14:04] rysowanie pól               0 ms  /ridemore/trasy/szlak-testowy 127 pól
[2026-09-11 20:14:04] ślady przejazdów         659 ms  /ridemore/trasy/szlak-testowy 18/18 kafli
[2026-09-11 20:14:04] cykl mapy                  669 ms  /ridemore/trasy/szlak-testowy 5 zadań
[2026-09-11 20:14:23] ślady przejazdów          39 ms  /ridemore/trasy/wislana-trasa 15/15 kafli
[2026-09-11 20:14:23] skarby w kadrze             43 ms  /ridemore/trasy/wislana-trasa 11 pinezek
[2026-09-11 20:14:23] pola odkryć                49 ms  /ridemore/trasy/wislana-trasa 51 pól
[2026-09-11 20:14:23] rysowanie pól               0 ms  /ridemore/trasy/wislana-trasa 51 pól
[2026-09-11 20:14:23] podkład mapy              269 ms  /ridemore/trasy/wislana-trasa 15/15 kafli
[2026-09-11 20:14:23] cykl mapy                  269 ms  /ridemore/trasy/wislana-trasa 6 zadań
[2026-09-11 20:14:41] podkład mapy               38 ms  /ridemore/trasy/szlak-testowy 18/18 kafli
[2026-09-11 20:14:41] ślady przejazdów          55 ms  /ridemore/trasy/szlak-testowy 18/18 kafli
[2026-09-11 20:14:41] skarby w kadrze            120 ms  /ridemore/trasy/szlak-testowy 9 pinezek
[2026-09-11 20:14:41] pola odkryć               131 ms  /ridemore/trasy/szlak-testowy 127 pól
[2026-09-11 20:14:41] rysowanie pól               0 ms  /ridemore/trasy/szlak-testowy 127 pól
[2026-09-11 20:14:41] cykl mapy                  136 ms  /ridemore/trasy/szlak-testowy 6 zadań
[2026-09-11 20:14:41] pola odkryć                26 ms  /ridemore/trasy/szlak-testowy 127 pól
[2026-09-11 20:14:41] rysowanie pól               0 ms  /ridemore/trasy/szlak-testowy 127 pól
[2026-09-11 20:14:41] skarby w kadrze             54 ms  /ridemore/trasy/szlak-testowy 9 pinezek
[2026-09-11 20:14:41] cykl mapy                   54 ms  /ridemore/trasy/szlak-testowy 3 zadań
[2026-09-11 20:18:24] skarby w kadrze             66 ms  /ridemore/rowerzysta/historical 0 pinezek
[2026-09-11 20:18:24] pola odkryć                65 ms  /ridemore/rowerzysta/historical 128 pól
[2026-09-11 20:18:24] rysowanie pól              15 ms  /ridemore/rowerzysta/historical 128 pól
[2026-09-11 20:18:24] podkład mapy              961 ms  /ridemore/rowerzysta/historical 18/18 kafli
[2026-09-11 20:18:24] trasy ukończone         1 305 ms  /ridemore/rowerzysta/historical 18/18 kafli
[2026-09-11 20:18:24] wolne żądanie          1 514 ms  /ridemore/rowerzysta/historical /ridemore/assets/tiles/slady/kn-historical/14/9167/5533.png?v=4
[2026-09-11 20:18:24] wolne żądanie          1 531 ms  /ridemore/rowerzysta/historical /ridemore/assets/tiles/slady/kn-historical/14/9170/5533.png?v=4
[2026-09-11 20:18:24] wolne żądanie          1 549 ms  /ridemore/rowerzysta/historical /ridemore/assets/tiles/slady/kn-historical/14/9167/5535.png?v=4
[2026-09-11 20:18:24] wolne żądanie          1 581 ms  /ridemore/rowerzysta/historical /ridemore/assets/tiles/slady/kn-historical/14/9170/5535.png?v=4
[2026-09-11 20:18:24] wolne żądanie          1 599 ms  /ridemore/rowerzysta/historical /ridemore/assets/tiles/slady/kn-historical/14/9166/5534.png?v=4
[2026-09-11 20:18:24] wolne żądanie          1 614 ms  /ridemore/rowerzysta/historical /ridemore/assets/tiles/slady/kn-historical/14/9171/5534.png?v=4
[2026-09-11 20:18:24] wolne żądanie          1 646 ms  /ridemore/rowerzysta/historical /ridemore/assets/tiles/slady/kn-historical/14/9166/5533.png?v=4
[2026-09-11 20:18:24] wolne żądanie          1 681 ms  /ridemore/rowerzysta/historical /ridemore/assets/tiles/slady/kn-historical/14/9171/5533.png?v=4
[2026-09-11 20:18:24] wolne żądanie          1 700 ms  /ridemore/rowerzysta/historical /ridemore/assets/tiles/slady/kn-historical/14/9166/5535.png?v=4
[2026-09-11 20:18:24] wolne żądanie          1 714 ms  /ridemore/rowerzysta/historical /ridemore/assets/tiles/slady/kn-historical/14/9171/5535.png?v=4
[2026-09-11 20:18:24] trasy nieukończone      1 724 ms  /ridemore/rowerzysta/historical 18/18 kafli
[2026-09-11 20:18:24] wolne żądanie          1 747 ms  /ridemore/rowerzysta/historical /ridemore/assets/tiles/slady/u-historical/14/9168/5534.png?v=10
[2026-09-11 20:18:24] wolne żądanie          1 764 ms  /ridemore/rowerzysta/historical /ridemore/assets/tiles/slady/u-historical/14/9169/5534.png?v=10
[2026-09-11 20:18:24] wolne żądanie          1 782 ms  /ridemore/rowerzysta/historical /ridemore/assets/tiles/slady/u-historical/14/9168/5533.png?v=10
[2026-09-11 20:18:24] wolne żądanie          1 810 ms  /ridemore/rowerzysta/historical /ridemore/assets/tiles/slady/u-historical/14/9169/5533.png?v=10
[2026-09-11 20:18:24] wolne żądanie          1 829 ms  /ridemore/rowerzysta/historical /ridemore/assets/tiles/slady/u-historical/14/9168/5535.png?v=10
[2026-09-11 20:18:24] wolne żądanie          1 844 ms  /ridemore/rowerzysta/historical /ridemore/assets/tiles/slady/u-historical/14/9169/5535.png?v=10
[2026-09-11 20:18:24] wolne żądanie          1 874 ms  /ridemore/rowerzysta/historical /ridemore/assets/tiles/slady/u-historical/14/9167/5534.png?v=10
[2026-09-11 20:18:24] wolne żądanie          1 914 ms  /ridemore/rowerzysta/historical /ridemore/assets/tiles/slady/u-historical/14/9170/5534.png?v=10
[2026-09-11 20:18:24] wolne żądanie          1 932 ms  /ridemore/rowerzysta/historical /ridemore/assets/tiles/slady/u-historical/14/9167/5533.png?v=10
[2026-09-11 20:18:24] wolne żądanie          1 946 ms  /ridemore/rowerzysta/historical /ridemore/assets/tiles/slady/u-historical/14/9170/5533.png?v=10
[2026-09-11 20:18:24] wolne żądanie          1 969 ms  /ridemore/rowerzysta/historical /ridemore/assets/tiles/slady/u-historical/14/9167/5535.png?v=10
[2026-09-11 20:18:24] wolne żądanie          1 990 ms  /ridemore/rowerzysta/historical /ridemore/assets/tiles/slady/u-historical/14/9170/5535.png?v=10
[2026-09-11 20:18:24] wolne żądanie          2 005 ms  /ridemore/rowerzysta/historical /ridemore/assets/tiles/slady/u-historical/14/9166/5534.png?v=10
[2026-09-11 20:18:24] wolne żądanie          2 026 ms  /ridemore/rowerzysta/historical /ridemore/assets/tiles/slady/u-historical/14/9171/5534.png?v=10
[2026-09-11 20:18:24] wolne żądanie          2 058 ms  /ridemore/rowerzysta/historical /ridemore/assets/tiles/slady/u-historical/14/9166/5533.png?v=10
[2026-09-11 20:18:24] wolne żądanie          2 075 ms  /ridemore/rowerzysta/historical /ridemore/assets/tiles/slady/u-historical/14/9171/5533.png?v=10
[2026-09-11 20:18:24] wolne żądanie          2 088 ms  /ridemore/rowerzysta/historical /ridemore/assets/tiles/slady/u-historical/14/9166/5535.png?v=10
[2026-09-11 20:18:24] wolne żądanie          2 112 ms  /ridemore/rowerzysta/historical /ridemore/assets/tiles/slady/u-historical/14/9171/5535.png?v=10
[2026-09-11 20:18:24] ślady przejazdów       2 121 ms  /ridemore/rowerzysta/historical 18/18 kafli
[2026-09-11 20:18:24] cykl mapy                2 127 ms  /ridemore/rowerzysta/historical 8 zadań
[2026-09-11 20:19:48] wolne żądanie          1 514 ms  /ridemore/rowerzysta/historical /ridemore/assets/tiles/slady/kn-historical/14/9167/5533.png?v=4
[2026-09-11 20:19:48] wolne żądanie          1 531 ms  /ridemore/rowerzysta/historical /ridemore/assets/tiles/slady/kn-historical/14/9170/5533.png?v=4
[2026-09-11 20:19:48] wolne żądanie          1 549 ms  /ridemore/rowerzysta/historical /ridemore/assets/tiles/slady/kn-historical/14/9167/5535.png?v=4
[2026-09-11 20:19:48] wolne żądanie          1 581 ms  /ridemore/rowerzysta/historical /ridemore/assets/tiles/slady/kn-historical/14/9170/5535.png?v=4
[2026-09-11 20:19:48] wolne żądanie          1 599 ms  /ridemore/rowerzysta/historical /ridemore/assets/tiles/slady/kn-historical/14/9166/5534.png?v=4
[2026-09-11 20:19:48] wolne żądanie          1 614 ms  /ridemore/rowerzysta/historical /ridemore/assets/tiles/slady/kn-historical/14/9171/5534.png?v=4
[2026-09-11 20:19:48] wolne żądanie          1 646 ms  /ridemore/rowerzysta/historical /ridemore/assets/tiles/slady/kn-historical/14/9166/5533.png?v=4
[2026-09-11 20:19:48] wolne żądanie          1 681 ms  /ridemore/rowerzysta/historical /ridemore/assets/tiles/slady/kn-historical/14/9171/5533.png?v=4
[2026-09-11 20:19:48] wolne żądanie          1 700 ms  /ridemore/rowerzysta/historical /ridemore/assets/tiles/slady/kn-historical/14/9166/5535.png?v=4
[2026-09-11 20:19:48] wolne żądanie          1 714 ms  /ridemore/rowerzysta/historical /ridemore/assets/tiles/slady/kn-historical/14/9171/5535.png?v=4
[2026-09-11 20:19:48] wolne żądanie          1 747 ms  /ridemore/rowerzysta/historical /ridemore/assets/tiles/slady/u-historical/14/9168/5534.png?v=10
[2026-09-11 20:19:48] wolne żądanie          1 764 ms  /ridemore/rowerzysta/historical /ridemore/assets/tiles/slady/u-historical/14/9169/5534.png?v=10
[2026-09-11 20:19:48] wolne żądanie          1 782 ms  /ridemore/rowerzysta/historical /ridemore/assets/tiles/slady/u-historical/14/9168/5533.png?v=10
[2026-09-11 20:19:48] wolne żądanie          1 810 ms  /ridemore/rowerzysta/historical /ridemore/assets/tiles/slady/u-historical/14/9169/5533.png?v=10
[2026-09-11 20:19:48] wolne żądanie          1 829 ms  /ridemore/rowerzysta/historical /ridemore/assets/tiles/slady/u-historical/14/9168/5535.png?v=10
[2026-09-11 20:19:48] wolne żądanie          1 844 ms  /ridemore/rowerzysta/historical /ridemore/assets/tiles/slady/u-historical/14/9169/5535.png?v=10
[2026-09-11 20:19:48] wolne żądanie          1 874 ms  /ridemore/rowerzysta/historical /ridemore/assets/tiles/slady/u-historical/14/9167/5534.png?v=10
[2026-09-11 20:19:48] wolne żądanie          1 914 ms  /ridemore/rowerzysta/historical /ridemore/assets/tiles/slady/u-historical/14/9170/5534.png?v=10
[2026-09-11 20:19:48] wolne żądanie          1 932 ms  /ridemore/rowerzysta/historical /ridemore/assets/tiles/slady/u-historical/14/9167/5533.png?v=10
[2026-09-11 20:19:48] wolne żądanie          1 946 ms  /ridemore/rowerzysta/historical /ridemore/assets/tiles/slady/u-historical/14/9170/5533.png?v=10
[2026-09-11 20:19:48] wolne żądanie          1 969 ms  /ridemore/rowerzysta/historical /ridemore/assets/tiles/slady/u-historical/14/9167/5535.png?v=10
[2026-09-11 20:19:48] wolne żądanie          1 990 ms  /ridemore/rowerzysta/historical /ridemore/assets/tiles/slady/u-historical/14/9170/5535.png?v=10
[2026-09-11 20:19:48] wolne żądanie          2 005 ms  /ridemore/rowerzysta/historical /ridemore/assets/tiles/slady/u-historical/14/9166/5534.png?v=10
[2026-09-11 20:19:48] wolne żądanie          2 026 ms  /ridemore/rowerzysta/historical /ridemore/assets/tiles/slady/u-historical/14/9171/5534.png?v=10
[2026-09-11 20:19:48] wolne żądanie          2 058 ms  /ridemore/rowerzysta/historical /ridemore/assets/tiles/slady/u-historical/14/9166/5533.png?v=10
[2026-09-11 20:19:48] wolne żądanie          2 075 ms  /ridemore/rowerzysta/historical /ridemore/assets/tiles/slady/u-historical/14/9171/5533.png?v=10
[2026-09-11 20:19:48] wolne żądanie          2 088 ms  /ridemore/rowerzysta/historical /ridemore/assets/tiles/slady/u-historical/14/9166/5535.png?v=10
[2026-09-11 20:19:48] wolne żądanie          2 112 ms  /ridemore/rowerzysta/historical /ridemore/assets/tiles/slady/u-historical/14/9171/5535.png?v=10
[2026-09-11 20:19:48] pola odkryć                26 ms  /ridemore/rowerzysta/historical 59 pól
[2026-09-11 20:19:48] rysowanie pól               7 ms  /ridemore/rowerzysta/historical 59 pól
[2026-09-11 20:19:48] podkład mapy              407 ms  /ridemore/rowerzysta/historical 6/6 kafli
[2026-09-11 20:19:48] cykl mapy                  407 ms  /ridemore/rowerzysta/historical 4 zadań
[2026-09-11 20:20:00] pola odkryć                49 ms  /ridemore/rowerzysta/historical 30 pól
[2026-09-11 20:20:00] rysowanie pól               3 ms  /ridemore/rowerzysta/historical 30 pól
[2026-09-11 20:20:00] podkład mapy              106 ms  /ridemore/rowerzysta/historical 2/2 kafli
[2026-09-11 20:20:00] cykl mapy                  106 ms  /ridemore/rowerzysta/historical 3 zadań
[2026-09-11 20:20:00] pola odkryć                17 ms  /ridemore/rowerzysta/historical 30 pól
[2026-09-11 20:20:00] rysowanie pól               3 ms  /ridemore/rowerzysta/historical 30 pól
[2026-09-11 20:20:00] podkład mapy              219 ms  /ridemore/rowerzysta/historical 12/12 kafli
[2026-09-11 20:20:00] cykl mapy                  219 ms  /ridemore/rowerzysta/historical 3 zadań
[2026-09-11 20:20:00] pola odkryć                37 ms  /ridemore/rowerzysta/historical 30 pól
[2026-09-11 20:20:00] rysowanie pól               5 ms  /ridemore/rowerzysta/historical 30 pól
[2026-09-11 20:20:00] cykl mapy                   42 ms  /ridemore/rowerzysta/historical 2 zadań
[2026-09-11 20:20:00] skarby w kadrze             52 ms  /ridemore/rowerzysta/historical 0 pinezek
[2026-09-11 20:20:00] pola odkryć                79 ms  /ridemore/rowerzysta/historical 128 pól
[2026-09-11 20:20:00] rysowanie pól               2 ms  /ridemore/rowerzysta/historical 128 pól
[2026-09-11 20:20:00] cykl mapy                   81 ms  /ridemore/rowerzysta/historical 3 zadań
[2026-09-11 20:34:06] skarby w kadrze             25 ms  /ridemore/trasy/jhjh-aqua-velo 9 pinezek
[2026-09-11 20:34:06] pola odkryć                42 ms  /ridemore/trasy/jhjh-aqua-velo 47 pól
[2026-09-11 20:34:06] rysowanie pól               0 ms  /ridemore/trasy/jhjh-aqua-velo 47 pól
[2026-09-11 20:34:06] ślady przejazdów         666 ms  /ridemore/trasy/jhjh-aqua-velo 15/15 kafli
[2026-09-11 20:34:06] podkład mapy              703 ms  /ridemore/trasy/jhjh-aqua-velo 15/15 kafli
[2026-09-11 20:34:06] cykl mapy                  703 ms  /ridemore/trasy/jhjh-aqua-velo 6 zadań
[2026-09-11 20:34:06] skarby w kadrze             37 ms  /ridemore/trasy/jhjh-aqua-velo 9 pinezek
[2026-09-11 20:34:06] pola odkryć                58 ms  /ridemore/trasy/jhjh-aqua-velo 47 pól
[2026-09-11 20:34:06] rysowanie pól               0 ms  /ridemore/trasy/jhjh-aqua-velo 47 pól
[2026-09-11 20:34:06] cykl mapy                   59 ms  /ridemore/trasy/jhjh-aqua-velo 3 zadań
[2026-09-11 20:34:45] pola odkryć                40 ms  /ridemore/events/okja        23 pól
[2026-09-11 20:34:45] rysowanie pól               0 ms  /ridemore/events/okja        23 pól
[2026-09-11 20:34:45] skarby w kadrze             40 ms  /ridemore/events/okja        23 pinezek
[2026-09-11 20:34:45] cykl mapy                   41 ms  /ridemore/events/okja        3 zadań
[2026-09-11 20:35:16] skarby w kadrze             21 ms  /ridemore/events/okja        23 pinezek
[2026-09-11 20:35:16] pola odkryć                46 ms  /ridemore/events/okja        23 pól
[2026-09-11 20:35:16] rysowanie pól               0 ms  /ridemore/events/okja        23 pól
[2026-09-11 20:35:16] cykl mapy                   46 ms  /ridemore/events/okja        3 zadań
[2026-09-11 20:45:21] ślad przejazdu             33 ms  /ridemore/przejazd/16123     2180 punktów
[2026-09-11 20:45:21] podkład mapy               47 ms  /ridemore/przejazd/16123     18/18 kafli
[2026-09-11 20:45:21] pola odkryć                41 ms  /ridemore/przejazd/16123     0 pól
[2026-09-11 20:45:21] rysowanie pól               6 ms  /ridemore/przejazd/16123     0 pól
[2026-09-11 20:45:21] skarby w kadrze             49 ms  /ridemore/przejazd/16123     0 pinezek
[2026-09-11 20:45:21] znane trasy                303 ms  /ridemore/przejazd/16123     18/18 kafli
[2026-09-11 20:45:21] pola odkryć                16 ms  /ridemore/przejazd/16123     0 pól
[2026-09-11 20:45:21] rysowanie pól               3 ms  /ridemore/przejazd/16123     0 pól
[2026-09-11 20:45:21] skarby w kadrze             30 ms  /ridemore/przejazd/16123     0 pinezek
[2026-09-11 20:45:21] cykl mapy                  337 ms  /ridemore/przejazd/16123     10 zadań
[2026-09-11 20:45:46] pola odkryć                41 ms  /ridemore/przejazd/16123     0 pól
[2026-09-11 20:45:46] rysowanie pól               4 ms  /ridemore/przejazd/16123     0 pól
[2026-09-11 20:45:46] skarby w kadrze             56 ms  /ridemore/przejazd/16123     0 pinezek
[2026-09-11 20:45:46] cykl mapy                   57 ms  /ridemore/przejazd/16123     3 zadań
[2026-09-11 21:12:35] skarby w kadrze             38 ms  /ridemore/trasy/jhjh-aqua-velo 6 pinezek
[2026-09-11 21:12:35] ślady przejazdów          69 ms  /ridemore/trasy/jhjh-aqua-velo 16/16 kafli
[2026-09-11 21:12:35] pola odkryć                56 ms  /ridemore/trasy/jhjh-aqua-velo 47 pól
[2026-09-11 21:12:35] rysowanie pól               0 ms  /ridemore/trasy/jhjh-aqua-velo 47 pól
[2026-09-11 21:12:35] podkład mapy              312 ms  /ridemore/trasy/jhjh-aqua-velo 16/16 kafli
[2026-09-11 21:12:35] cykl mapy                  312 ms  /ridemore/trasy/jhjh-aqua-velo 6 zadań
[2026-09-11 21:27:38] trasy ukończone           172 ms  /ridemore/odkrycia           24/24 kafli
[2026-09-11 21:27:38] podkład mapy              181 ms  /ridemore/odkrycia           24/24 kafli
[2026-09-11 21:27:38] trasy nieukończone        175 ms  /ridemore/odkrycia           24/24 kafli
[2026-09-11 21:27:38] skarby w kadrze            212 ms  /ridemore/odkrycia           32 pinezek
[2026-09-11 21:27:38] ślady przejazdów         674 ms  /ridemore/odkrycia           24/24 kafli
[2026-09-11 21:27:38] pola odkryć               682 ms  /ridemore/odkrycia           81 pól
[2026-09-11 21:27:38] rysowanie pól               3 ms  /ridemore/odkrycia           81 pól
[2026-09-11 21:27:38] cykl mapy                  727 ms  /ridemore/odkrycia           8 zadań
[2026-09-11 21:27:42] ślady przejazdów         106 ms  /ridemore/trasy/wislana-trasa 24/24 kafli
[2026-09-11 21:27:42] skarby w kadrze            105 ms  /ridemore/trasy/wislana-trasa 16 pinezek
[2026-09-11 21:27:42] pola odkryć               108 ms  /ridemore/trasy/wislana-trasa 51 pól
[2026-09-11 21:27:42] rysowanie pól              13 ms  /ridemore/trasy/wislana-trasa 51 pól
[2026-09-11 21:27:42] podkład mapy              441 ms  /ridemore/trasy/wislana-trasa 24/24 kafli
[2026-09-11 21:27:42] cykl mapy                  441 ms  /ridemore/trasy/wislana-trasa 6 zadań
[2026-09-11 21:27:42] podkład mapy              356 ms  /ridemore/trasy/wislana-trasa 14/56 kafli
[2026-09-11 21:27:42] ślady przejazdów         356 ms  /ridemore/trasy/wislana-trasa 21/56 kafli
[2026-09-11 21:27:42] skarby w kadrze             50 ms  /ridemore/trasy/wislana-trasa 11 pinezek
[2026-09-11 21:27:42] pola odkryć               101 ms  /ridemore/trasy/wislana-trasa 15 pól
[2026-09-11 21:27:42] rysowanie pól               1 ms  /ridemore/trasy/wislana-trasa 15 pól
[2026-09-11 21:27:42] podkład mapy              141 ms  /ridemore/trasy/wislana-trasa 16/16 kafli
[2026-09-11 21:27:42] ślady przejazdów         155 ms  /ridemore/trasy/wislana-trasa 16/16 kafli
[2026-09-11 21:27:42] cykl mapy                  718 ms  /ridemore/trasy/wislana-trasa 9 zadań
[2026-09-11 21:27:42] skarby w kadrze            120 ms  /ridemore/trasy/wislana-trasa 11 pinezek
[2026-09-11 21:27:42] pola odkryć               150 ms  /ridemore/trasy/wislana-trasa 15 pól
[2026-09-11 21:27:42] rysowanie pól               4 ms  /ridemore/trasy/wislana-trasa 15 pól
[2026-09-11 21:27:42] cykl mapy                  154 ms  /ridemore/trasy/wislana-trasa 3 zadań
[2026-09-11 21:27:42] skarby w kadrze             68 ms  /ridemore/trasy/wislana-trasa 13 pinezek
[2026-09-11 21:27:42] pola odkryć                74 ms  /ridemore/trasy/wislana-trasa 30 pól
[2026-09-11 21:27:42] rysowanie pól               1 ms  /ridemore/trasy/wislana-trasa 30 pól
[2026-09-11 21:27:42] podkład mapy              151 ms  /ridemore/trasy/wislana-trasa 18/18 kafli
[2026-09-11 21:27:42] ślady przejazdów         211 ms  /ridemore/trasy/wislana-trasa 18/18 kafli
[2026-09-11 21:27:42] cykl mapy                  217 ms  /ridemore/trasy/wislana-trasa 5 zadań
[2026-09-11 21:27:42] skarby w kadrze            102 ms  /ridemore/trasy/wislana-trasa 13 pinezek
[2026-09-11 21:27:42] pola odkryć               124 ms  /ridemore/trasy/wislana-trasa 30 pól
[2026-09-11 21:27:42] rysowanie pól               2 ms  /ridemore/trasy/wislana-trasa 30 pól
[2026-09-11 21:27:42] cykl mapy                  126 ms  /ridemore/trasy/wislana-trasa 3 zadań
[2026-09-11 21:27:49] pola odkryć                29 ms  /ridemore/trasy/wislana-trasa 30 pól
[2026-09-11 21:27:49] rysowanie pól               1 ms  /ridemore/trasy/wislana-trasa 30 pól
[2026-09-11 21:27:49] skarby w kadrze             41 ms  /ridemore/trasy/wislana-trasa 12 pinezek
[2026-09-11 21:27:49] cykl mapy                   41 ms  /ridemore/trasy/wislana-trasa 3 zadań
[2026-09-11 21:27:49] podkład mapy              189 ms  /ridemore/trasy/wislana-trasa 24/24 kafli
[2026-09-11 21:27:49] pola odkryć                29 ms  /ridemore/trasy/wislana-trasa 30 pól
[2026-09-11 21:27:49] rysowanie pól               7 ms  /ridemore/trasy/wislana-trasa 30 pól
[2026-09-11 21:27:49] ślady przejazdów         301 ms  /ridemore/trasy/wislana-trasa 24/24 kafli
[2026-09-11 21:27:49] skarby w kadrze             41 ms  /ridemore/trasy/wislana-trasa 15 pinezek
[2026-09-11 21:27:49] cykl mapy                  305 ms  /ridemore/trasy/wislana-trasa 5 zadań
[2026-09-11 21:27:49] skarby w kadrze             69 ms  /ridemore/trasy/wislana-trasa 15 pinezek
[2026-09-11 21:27:49] pola odkryć                86 ms  /ridemore/trasy/wislana-trasa 30 pól
[2026-09-11 21:27:49] rysowanie pól               4 ms  /ridemore/trasy/wislana-trasa 30 pól
[2026-09-11 21:27:49] cykl mapy                   90 ms  /ridemore/trasy/wislana-trasa 3 zadań
[2026-09-11 21:27:49] podkład mapy              113 ms  /ridemore/trasy/wislana-trasa 14/14 kafli
[2026-09-11 21:27:49] cykl mapy                  113 ms  /ridemore/trasy/wislana-trasa 1 zadań
[2026-09-11 21:27:49] skarby w kadrze             42 ms  /ridemore/trasy/wislana-trasa 25 pinezek
[2026-09-11 21:27:49] pola odkryć                54 ms  /ridemore/trasy/wislana-trasa 54 pól
[2026-09-11 21:27:49] rysowanie pól               5 ms  /ridemore/trasy/wislana-trasa 54 pól
[2026-09-11 21:27:49] ślady przejazdów          96 ms  /ridemore/trasy/wislana-trasa 8/8 kafli
[2026-09-11 21:27:49] cykl mapy                   96 ms  /ridemore/trasy/wislana-trasa 4 zadań
[2026-09-11 21:27:49] skarby w kadrze             25 ms  /ridemore/trasy/wislana-trasa 25 pinezek
[2026-09-11 21:27:49] pola odkryć                57 ms  /ridemore/trasy/wislana-trasa 67 pól
[2026-09-11 21:27:49] rysowanie pól               5 ms  /ridemore/trasy/wislana-trasa 67 pól
[2026-09-11 21:27:49] ślady przejazdów          99 ms  /ridemore/trasy/wislana-trasa 7/7 kafli
[2026-09-11 21:27:49] podkład mapy              104 ms  /ridemore/trasy/wislana-trasa 2/2 kafli
[2026-09-11 21:27:49] cykl mapy                  104 ms  /ridemore/trasy/wislana-trasa 5 zadań
[2026-09-11 21:27:49] skarby w kadrze             38 ms  /ridemore/trasy/wislana-trasa 0 pinezek
[2026-09-11 21:27:49] pola odkryć                43 ms  /ridemore/trasy/wislana-trasa 115 pól
[2026-09-11 21:27:49] rysowanie pól               7 ms  /ridemore/trasy/wislana-trasa 115 pól
[2026-09-11 21:27:49] podkład mapy              273 ms  /ridemore/trasy/wislana-trasa 24/24 kafli
[2026-09-11 21:27:49] pola odkryć               164 ms  /ridemore/trasy/wislana-trasa 115 pól
[2026-09-11 21:27:49] rysowanie pól               5 ms  /ridemore/trasy/wislana-trasa 115 pól
[2026-09-11 21:27:49] skarby w kadrze            172 ms  /ridemore/trasy/wislana-trasa 0 pinezek
[2026-09-11 21:27:49] ślady przejazdów         436 ms  /ridemore/trasy/wislana-trasa 24/24 kafli
[2026-09-11 21:27:49] cykl mapy                  441 ms  /ridemore/trasy/wislana-trasa 8 zadań
[2026-09-11 21:27:49] podkład mapy              156 ms  /ridemore/trasy/wislana-trasa 6/6 kafli
[2026-09-11 21:27:49] cykl mapy                  156 ms  /ridemore/trasy/wislana-trasa 1 zadań
[2026-09-11 21:27:53] pola odkryć                40 ms  /ridemore/trasy/wislana-trasa 185 pól
[2026-09-11 21:27:53] rysowanie pól               6 ms  /ridemore/trasy/wislana-trasa 185 pól
[2026-09-11 21:27:53] skarby w kadrze             48 ms  /ridemore/trasy/wislana-trasa 0 pinezek
[2026-09-11 21:27:53] ślady przejazdów         134 ms  /ridemore/trasy/wislana-trasa 5/5 kafli
[2026-09-11 21:27:53] cykl mapy                  134 ms  /ridemore/trasy/wislana-trasa 4 zadań
[2026-09-11 21:27:58] pola odkryć                34 ms  /ridemore/trasy/wislana-trasa 184 pól
[2026-09-11 21:27:58] rysowanie pól               6 ms  /ridemore/trasy/wislana-trasa 184 pól
[2026-09-11 21:27:58] skarby w kadrze             40 ms  /ridemore/trasy/wislana-trasa 0 pinezek
[2026-09-11 21:27:58] cykl mapy                   40 ms  /ridemore/trasy/wislana-trasa 3 zadań
[2026-09-11 21:29:03] pola odkryć                34 ms  /ridemore/trasy/wislana-trasa 196 pól
[2026-09-11 21:29:03] rysowanie pól              14 ms  /ridemore/trasy/wislana-trasa 196 pól
[2026-09-11 21:29:03] skarby w kadrze             47 ms  /ridemore/trasy/wislana-trasa 0 pinezek
[2026-09-11 21:29:03] podkład mapy              372 ms  /ridemore/trasy/wislana-trasa 24/24 kafli
[2026-09-11 21:29:03] pola odkryć               140 ms  /ridemore/trasy/wislana-trasa 196 pól
[2026-09-11 21:29:03] rysowanie pól               7 ms  /ridemore/trasy/wislana-trasa 196 pól
[2026-09-11 21:29:03] skarby w kadrze            151 ms  /ridemore/trasy/wislana-trasa 0 pinezek
[2026-09-11 21:29:03] ślady przejazdów         425 ms  /ridemore/trasy/wislana-trasa 24/24 kafli
[2026-09-11 21:29:03] cykl mapy                  433 ms  /ridemore/trasy/wislana-trasa 8 zadań
[2026-09-11 21:29:03] podkład mapy              152 ms  /ridemore/trasy/wislana-trasa 9/9 kafli
[2026-09-11 21:29:03] ślady przejazdów         218 ms  /ridemore/trasy/wislana-trasa 9/9 kafli
[2026-09-11 21:29:03] cykl mapy                  221 ms  /ridemore/trasy/wislana-trasa 2 zadań
[2026-09-11 21:29:03] skarby w kadrze             52 ms  /ridemore/trasy/wislana-trasa 0 pinezek
[2026-09-11 21:29:03] podkład mapy               91 ms  /ridemore/trasy/wislana-trasa 18/18 kafli
[2026-09-11 21:29:03] pola odkryć                81 ms  /ridemore/trasy/wislana-trasa 184 pól
[2026-09-11 21:29:03] rysowanie pól               5 ms  /ridemore/trasy/wislana-trasa 184 pól
[2026-09-11 21:29:03] ślady przejazdów          93 ms  /ridemore/trasy/wislana-trasa 18/18 kafli
[2026-09-11 21:29:03] cykl mapy                  100 ms  /ridemore/trasy/wislana-trasa 5 zadań
[2026-09-11 21:29:03] skarby w kadrze             60 ms  /ridemore/trasy/wislana-trasa 0 pinezek
[2026-09-11 21:29:03] pola odkryć                68 ms  /ridemore/trasy/wislana-trasa 184 pól
[2026-09-11 21:29:03] rysowanie pól               4 ms  /ridemore/trasy/wislana-trasa 184 pól
[2026-09-11 21:29:03] cykl mapy                   72 ms  /ridemore/trasy/wislana-trasa 3 zadań
[2026-09-11 21:29:07] podkład mapy              246 ms  /ridemore/odkrycia           24/24 kafli
[2026-09-11 21:29:07] trasy ukończone           253 ms  /ridemore/odkrycia           24/24 kafli
[2026-09-11 21:29:07] trasy nieukończone        256 ms  /ridemore/odkrycia           24/24 kafli
[2026-09-11 21:29:07] skarby w kadrze            307 ms  /ridemore/odkrycia           32 pinezek
[2026-09-11 21:29:07] ślady przejazdów         821 ms  /ridemore/odkrycia           24/24 kafli
[2026-09-11 21:29:07] pola odkryć               806 ms  /ridemore/odkrycia           81 pól
[2026-09-11 21:29:07] rysowanie pól               2 ms  /ridemore/odkrycia           81 pól
[2026-09-11 21:29:07] cykl mapy                  836 ms  /ridemore/odkrycia           8 zadań
[2026-09-11 21:29:07] skarby w kadrze             67 ms  /ridemore/odkrycia           2 pinezek
[2026-09-11 21:29:07] pola odkryć                70 ms  /ridemore/odkrycia           73 pól
[2026-09-11 21:29:07] rysowanie pól               4 ms  /ridemore/odkrycia           73 pól
[2026-09-11 21:29:07] podkład mapy              235 ms  /ridemore/odkrycia           24/24 kafli
[2026-09-11 21:29:07] trasy ukończone           532 ms  /ridemore/odkrycia           24/24 kafli
[2026-09-11 21:29:07] trasy nieukończone      1 031 ms  /ridemore/odkrycia           24/24 kafli
[2026-09-11 21:29:07] pola odkryć             1 170 ms  /ridemore/odkrycia           73 pól
[2026-09-11 21:29:07] rysowanie pól               3 ms  /ridemore/odkrycia           73 pól
[2026-09-11 21:29:07] skarby w kadrze          1 175 ms  /ridemore/odkrycia           2 pinezek
[2026-09-11 21:29:07] ślady przejazdów       1 435 ms  /ridemore/odkrycia           24/24 kafli
[2026-09-11 21:29:07] cykl mapy                1 442 ms  /ridemore/odkrycia           10 zadań
[2026-09-11 21:29:12] pola odkryć                48 ms  /ridemore/odkrycia           19 pól
[2026-09-11 21:29:12] rysowanie pól               4 ms  /ridemore/odkrycia           19 pól
[2026-09-11 21:29:12] skarby w kadrze             52 ms  /ridemore/odkrycia           1 pinezek
[2026-09-11 21:29:12] podkład mapy              280 ms  /ridemore/odkrycia           48/48 kafli
[2026-09-11 21:29:12] trasy ukończone           501 ms  /ridemore/odkrycia           24/24 kafli
[2026-09-11 21:29:12] trasy nieukończone        984 ms  /ridemore/odkrycia           24/24 kafli
[2026-09-11 21:29:12] ślad przejazdu             81 ms  /ridemore/odkrycia           bez geometrii
[2026-09-11 21:29:12] ślady przejazdów       1 506 ms  /ridemore/odkrycia           24/24 kafli
[2026-09-11 21:29:12] cykl mapy                1 561 ms  /ridemore/odkrycia           8 zadań
[2026-09-11 21:29:12] ślad przejazdu             16 ms  /ridemore/odkrycia           bez geometrii
[2026-09-11 21:29:12] cykl mapy                   16 ms  /ridemore/odkrycia           1 zadań
[2026-09-11 21:29:17] ślad przejazdu             28 ms  /ridemore/odkrycia           bez geometrii
[2026-09-11 21:29:17] cykl mapy                   28 ms  /ridemore/odkrycia           1 zadań
[2026-09-11 21:29:17] ślad przejazdu             40 ms  /ridemore/odkrycia           bez geometrii
[2026-09-11 21:29:17] cykl mapy                   40 ms  /ridemore/odkrycia           1 zadań
[2026-09-11 21:29:30] podkład mapy              105 ms  /ridemore/trasy/jhjh-aqua-velo 24/24 kafli
[2026-09-11 21:29:30] ślady przejazdów         106 ms  /ridemore/trasy/jhjh-aqua-velo 24/24 kafli
[2026-09-11 21:29:30] skarby w kadrze            114 ms  /ridemore/trasy/jhjh-aqua-velo 9 pinezek
[2026-09-11 21:29:30] pola odkryć               101 ms  /ridemore/trasy/jhjh-aqua-velo 47 pól
[2026-09-11 21:29:30] rysowanie pól               2 ms  /ridemore/trasy/jhjh-aqua-velo 47 pól
[2026-09-11 21:29:30] cykl mapy                  127 ms  /ridemore/trasy/jhjh-aqua-velo 6 zadań
[2026-09-11 21:29:34] pola odkryć                58 ms  /ridemore/trasy/jhjh-aqua-velo 47 pól
[2026-09-11 21:29:34] rysowanie pól              10 ms  /ridemore/trasy/jhjh-aqua-velo 47 pól
[2026-09-11 21:29:34] skarby w kadrze             73 ms  /ridemore/trasy/jhjh-aqua-velo 5 pinezek
[2026-09-11 21:29:34] ślady przejazdów         360 ms  /ridemore/trasy/jhjh-aqua-velo 20/20 kafli
[2026-09-11 21:29:34] podkład mapy              537 ms  /ridemore/trasy/jhjh-aqua-velo 20/20 kafli
[2026-09-11 21:29:34] skarby w kadrze             38 ms  /ridemore/trasy/jhjh-aqua-velo 5 pinezek
[2026-09-11 21:29:34] pola odkryć                43 ms  /ridemore/trasy/jhjh-aqua-velo 47 pól
[2026-09-11 21:29:34] rysowanie pól              12 ms  /ridemore/trasy/jhjh-aqua-velo 47 pól
[2026-09-11 21:29:34] cykl mapy                  570 ms  /ridemore/trasy/jhjh-aqua-velo 8 zadań
[2026-09-11 21:29:34] podkład mapy              134 ms  /ridemore/trasy/jhjh-aqua-velo 9/9 kafli
[2026-09-11 21:29:34] cykl mapy                  134 ms  /ridemore/trasy/jhjh-aqua-velo 1 zadań
[2026-09-11 21:29:34] pola odkryć                20 ms  /ridemore/trasy/jhjh-aqua-velo 45 pól
[2026-09-11 21:29:34] rysowanie pól               8 ms  /ridemore/trasy/jhjh-aqua-velo 45 pól
[2026-09-11 21:29:34] skarby w kadrze             32 ms  /ridemore/trasy/jhjh-aqua-velo 5 pinezek
[2026-09-11 21:29:34] ślady przejazdów         177 ms  /ridemore/trasy/jhjh-aqua-velo 8/8 kafli
[2026-09-11 21:29:34] cykl mapy                  177 ms  /ridemore/trasy/jhjh-aqua-velo 4 zadań
[2026-09-11 21:29:42] podkład mapy              100 ms  /ridemore/trasy/jhjh-aqua-velo 24/24 kafli
[2026-09-11 21:29:42] ślady przejazdów          97 ms  /ridemore/trasy/jhjh-aqua-velo 24/24 kafli
[2026-09-11 21:29:42] skarby w kadrze            102 ms  /ridemore/trasy/jhjh-aqua-velo 9 pinezek
[2026-09-11 21:29:42] pola odkryć                89 ms  /ridemore/trasy/jhjh-aqua-velo 47 pól
[2026-09-11 21:29:42] rysowanie pól               1 ms  /ridemore/trasy/jhjh-aqua-velo 47 pól
[2026-09-11 21:29:42] cykl mapy                  112 ms  /ridemore/trasy/jhjh-aqua-velo 6 zadań
[2026-09-11 21:32:34] pola odkryć                33 ms  /ridemore/admin/skarby       65 pól
[2026-09-11 21:32:34] rysowanie pól               1 ms  /ridemore/admin/skarby       65 pól
[2026-09-11 21:32:34] cykl mapy                   35 ms  /ridemore/admin/skarby       2 zadań
[2026-09-11 21:32:39] pola odkryć                39 ms  /ridemore/admin/skarby       9 pól
[2026-09-11 21:32:39] rysowanie pól               1 ms  /ridemore/admin/skarby       9 pól
[2026-09-11 21:32:39] znane trasy                302 ms  /ridemore/admin/skarby       15/15 kafli
[2026-09-11 21:32:39] podkład mapy              454 ms  /ridemore/admin/skarby       15/15 kafli
[2026-09-11 21:32:39] pola odkryć               241 ms  /ridemore/admin/skarby       9 pól
[2026-09-11 21:32:39] rysowanie pól               0 ms  /ridemore/admin/skarby       9 pól
[2026-09-11 21:32:39] ślady przejazdów         521 ms  /ridemore/admin/skarby       15/15 kafli
[2026-09-11 21:32:39] cykl mapy                  526 ms  /ridemore/admin/skarby       7 zadań
[2026-09-11 21:32:39] podkład mapy              163 ms  /ridemore/admin/skarby       7/7 kafli
[2026-09-11 21:32:39] pola odkryć                32 ms  /ridemore/admin/skarby       259 pól
[2026-09-11 21:32:39] rysowanie pól               4 ms  /ridemore/admin/skarby       259 pól
[2026-09-11 21:32:39] znane trasy                164 ms  /ridemore/admin/skarby       7/7 kafli
[2026-09-11 21:32:39] ślady przejazdów         244 ms  /ridemore/admin/skarby       7/7 kafli
[2026-09-11 21:32:39] cykl mapy                  377 ms  /ridemore/admin/skarby       5 zadań
[2026-09-11 21:32:47] podkład mapy              231 ms  /ridemore/admin/skarby       20/20 kafli
[2026-09-11 21:32:47] znane trasy                229 ms  /ridemore/admin/skarby       20/20 kafli
[2026-09-11 21:32:47] pola odkryć               407 ms  /ridemore/admin/skarby       23 pól
[2026-09-11 21:32:47] rysowanie pól               3 ms  /ridemore/admin/skarby       23 pól
[2026-09-11 21:32:47] pola odkryć                73 ms  /ridemore/admin/skarby       81 pól
[2026-09-11 21:32:47] rysowanie pól               2 ms  /ridemore/admin/skarby       81 pól
[2026-09-11 21:32:47] podkład mapy              102 ms  /ridemore/admin/skarby       20/20 kafli
[2026-09-11 21:32:47] znane trasy                122 ms  /ridemore/admin/skarby       20/20 kafli
[2026-09-11 21:32:47] ślady przejazdów         483 ms  /ridemore/admin/skarby       39/40 kafli
[2026-09-11 21:32:47] cykl mapy                  648 ms  /ridemore/admin/skarby       9 zadań
[2026-09-11 21:32:47] pola odkryć                82 ms  /ridemore/admin/skarby       81 pól
[2026-09-11 21:32:47] rysowanie pól               2 ms  /ridemore/admin/skarby       81 pól
[2026-09-11 21:32:47] cykl mapy                   84 ms  /ridemore/admin/skarby       2 zadań
[2026-09-11 21:33:01] podkład mapy              116 ms  /ridemore/admin/skarby       4/4 kafli
[2026-09-11 21:33:01] cykl mapy                  116 ms  /ridemore/admin/skarby       1 zadań
[2026-09-11 21:33:01] podkład mapy               69 ms  /ridemore/admin/skarby       1/1 kafli
[2026-09-11 21:33:01] cykl mapy                   69 ms  /ridemore/admin/skarby       1 zadań
[2026-09-11 21:33:01] pola odkryć                34 ms  /ridemore/admin/skarby       51 pól
[2026-09-11 21:33:01] rysowanie pól               1 ms  /ridemore/admin/skarby       51 pól
[2026-09-11 21:33:01] znane trasy                133 ms  /ridemore/admin/skarby       5/5 kafli
[2026-09-11 21:33:01] ślady przejazdów         187 ms  /ridemore/admin/skarby       5/5 kafli
[2026-09-11 21:33:01] cykl mapy                  187 ms  /ridemore/admin/skarby       4 zadań
[2026-09-11 21:33:01] podkład mapy               15 ms  /ridemore/admin/skarby       4/4 kafli
[2026-09-11 21:33:01] cykl mapy                   15 ms  /ridemore/admin/skarby       1 zadań
[2026-09-11 21:33:01] pola odkryć                47 ms  /ridemore/admin/skarby       81 pól
[2026-09-11 21:33:01] rysowanie pól               2 ms  /ridemore/admin/skarby       81 pól
[2026-09-11 21:33:01] znane trasy                 82 ms  /ridemore/admin/skarby       3/3 kafli
[2026-09-11 21:33:01] ślady przejazdów         105 ms  /ridemore/admin/skarby       3/3 kafli
[2026-09-11 21:33:01] cykl mapy                  105 ms  /ridemore/admin/skarby       4 zadań
[2026-09-12 10:11:22] ślady przejazdów         108 ms  /ridemore/trasy/jhjh-aqua-velo 24/24 kafli
[2026-09-12 10:11:22] podkład mapy              116 ms  /ridemore/trasy/jhjh-aqua-velo 24/24 kafli
[2026-09-12 10:11:22] skarby w kadrze            119 ms  /ridemore/trasy/jhjh-aqua-velo 9 pinezek
[2026-09-12 10:11:22] pola odkryć               103 ms  /ridemore/trasy/jhjh-aqua-velo 47 pól
[2026-09-12 10:11:22] rysowanie pól               2 ms  /ridemore/trasy/jhjh-aqua-velo 47 pól
[2026-09-12 10:11:22] cykl mapy                  137 ms  /ridemore/trasy/jhjh-aqua-velo 6 zadań
[2026-09-12 10:19:16] pola odkryć                38 ms  /ridemore/trasy/jhjh-aqua-velo 25 pól
[2026-09-12 10:19:16] rysowanie pól               5 ms  /ridemore/trasy/jhjh-aqua-velo 25 pól
[2026-09-12 10:19:16] skarby w kadrze             44 ms  /ridemore/trasy/jhjh-aqua-velo 2 pinezek
[2026-09-12 10:19:16] pola odkryć                37 ms  /ridemore/trasy/jhjh-aqua-velo 25 pól
[2026-09-12 10:19:16] rysowanie pól               3 ms  /ridemore/trasy/jhjh-aqua-velo 25 pól
[2026-09-12 10:19:16] skarby w kadrze             49 ms  /ridemore/trasy/jhjh-aqua-velo 2 pinezek
[2026-09-12 10:19:16] ślady przejazdów         407 ms  /ridemore/trasy/jhjh-aqua-velo 24/24 kafli
[2026-09-12 10:19:16] podkład mapy              671 ms  /ridemore/trasy/jhjh-aqua-velo 24/24 kafli
[2026-09-12 10:19:16] cykl mapy                  671 ms  /ridemore/trasy/jhjh-aqua-velo 8 zadań
[2026-09-12 10:19:16] skarby w kadrze             31 ms  /ridemore/trasy/jhjh-aqua-velo 1 pinezek
[2026-09-12 10:19:16] pola odkryć                33 ms  /ridemore/trasy/jhjh-aqua-velo 12 pól
[2026-09-12 10:19:16] rysowanie pól               1 ms  /ridemore/trasy/jhjh-aqua-velo 12 pól
[2026-09-12 10:19:16] podkład mapy              305 ms  /ridemore/trasy/jhjh-aqua-velo 18/18 kafli
[2026-09-12 10:19:16] pola odkryć                46 ms  /ridemore/trasy/jhjh-aqua-velo 12 pól
[2026-09-12 10:19:16] rysowanie pól               1 ms  /ridemore/trasy/jhjh-aqua-velo 12 pól
[2026-09-12 10:19:16] ślady przejazdów         308 ms  /ridemore/trasy/jhjh-aqua-velo 18/18 kafli
[2026-09-12 10:19:16] skarby w kadrze             62 ms  /ridemore/trasy/jhjh-aqua-velo 1 pinezek
[2026-09-12 10:19:16] cykl mapy                  325 ms  /ridemore/trasy/jhjh-aqua-velo 8 zadań
[2026-09-12 10:19:21] podkład mapy              103 ms  /ridemore/trasy/jhjh-aqua-velo 8/8 kafli
[2026-09-12 10:19:21] ślady przejazdów         169 ms  /ridemore/trasy/jhjh-aqua-velo 8/8 kafli
[2026-09-12 10:19:21] cykl mapy                  172 ms  /ridemore/trasy/jhjh-aqua-velo 2 zadań
[2026-09-12 10:19:21] pola odkryć                33 ms  /ridemore/trasy/jhjh-aqua-velo 20 pól
[2026-09-12 10:19:21] rysowanie pól               1 ms  /ridemore/trasy/jhjh-aqua-velo 20 pól
[2026-09-12 10:19:21] skarby w kadrze             37 ms  /ridemore/trasy/jhjh-aqua-velo 1 pinezek
[2026-09-12 10:19:21] podkład mapy              140 ms  /ridemore/trasy/jhjh-aqua-velo 16/16 kafli
[2026-09-12 10:19:21] ślady przejazdów         293 ms  /ridemore/trasy/jhjh-aqua-velo 16/16 kafli
[2026-09-12 10:19:21] skarby w kadrze             35 ms  /ridemore/trasy/jhjh-aqua-velo 1 pinezek
[2026-09-12 10:19:21] pola odkryć                51 ms  /ridemore/trasy/jhjh-aqua-velo 20 pól
[2026-09-12 10:19:21] rysowanie pól               1 ms  /ridemore/trasy/jhjh-aqua-velo 20 pól
[2026-09-12 10:19:21] cykl mapy                  316 ms  /ridemore/trasy/jhjh-aqua-velo 8 zadań
[2026-09-12 10:19:21] podkład mapy               19 ms  /ridemore/trasy/jhjh-aqua-velo 6/6 kafli
[2026-09-12 10:19:21] ślady przejazdów         141 ms  /ridemore/trasy/jhjh-aqua-velo 6/6 kafli
[2026-09-12 10:19:21] cykl mapy                  144 ms  /ridemore/trasy/jhjh-aqua-velo 2 zadań
[2026-09-12 10:19:21] skarby w kadrze             24 ms  /ridemore/trasy/jhjh-aqua-velo 2 pinezek
[2026-09-12 10:19:21] pola odkryć                25 ms  /ridemore/trasy/jhjh-aqua-velo 25 pól
[2026-09-12 10:19:21] rysowanie pól               1 ms  /ridemore/trasy/jhjh-aqua-velo 25 pól
[2026-09-12 10:19:21] podkład mapy              111 ms  /ridemore/trasy/jhjh-aqua-velo 18/18 kafli
[2026-09-12 10:19:21] podkład mapy              120 ms  /ridemore/trasy/jhjh-aqua-velo 9/9 kafli
[2026-09-12 10:19:21] pola odkryć               100 ms  /ridemore/trasy/jhjh-aqua-velo 47 pól
[2026-09-12 10:19:21] rysowanie pól               5 ms  /ridemore/trasy/jhjh-aqua-velo 47 pól
[2026-09-12 10:19:21] skarby w kadrze            106 ms  /ridemore/trasy/jhjh-aqua-velo 2 pinezek
[2026-09-12 10:19:21] ślady przejazdów         375 ms  /ridemore/trasy/jhjh-aqua-velo 13/27 kafli
[2026-09-12 10:19:21] cykl mapy                  376 ms  /ridemore/trasy/jhjh-aqua-velo 9 zadań
[2026-09-12 10:19:21] podkład mapy              104 ms  /ridemore/trasy/jhjh-aqua-velo 9/9 kafli
[2026-09-12 10:19:21] ślady przejazdów         197 ms  /ridemore/trasy/jhjh-aqua-velo 9/9 kafli
[2026-09-12 10:19:21] cykl mapy                  199 ms  /ridemore/trasy/jhjh-aqua-velo 2 zadań
[2026-09-12 10:19:21] pola odkryć                20 ms  /ridemore/trasy/jhjh-aqua-velo 47 pól
[2026-09-12 10:19:21] rysowanie pól               3 ms  /ridemore/trasy/jhjh-aqua-velo 47 pól
[2026-09-12 10:19:21] skarby w kadrze             26 ms  /ridemore/trasy/jhjh-aqua-velo 2 pinezek
[2026-09-12 10:19:21] cykl mapy                   27 ms  /ridemore/trasy/jhjh-aqua-velo 3 zadań
[2026-09-12 10:19:27] podkład mapy              114 ms  /ridemore/trasy/jhjh-aqua-velo 8/8 kafli
[2026-09-12 10:19:27] ślady przejazdów         169 ms  /ridemore/trasy/jhjh-aqua-velo 8/8 kafli
[2026-09-12 10:19:27] cykl mapy                  173 ms  /ridemore/trasy/jhjh-aqua-velo 2 zadań
[2026-09-12 10:19:27] skarby w kadrze             27 ms  /ridemore/trasy/jhjh-aqua-velo 5 pinezek
[2026-09-12 10:19:27] pola odkryć                52 ms  /ridemore/trasy/jhjh-aqua-velo 133 pól
[2026-09-12 10:19:27] rysowanie pól               2 ms  /ridemore/trasy/jhjh-aqua-velo 133 pól
[2026-09-12 10:19:27] podkład mapy              158 ms  /ridemore/trasy/jhjh-aqua-velo 18/18 kafli
[2026-09-12 10:19:27] pola odkryć                18 ms  /ridemore/trasy/jhjh-aqua-velo 133 pól
[2026-09-12 10:19:27] rysowanie pól               2 ms  /ridemore/trasy/jhjh-aqua-velo 133 pól
[2026-09-12 10:19:27] skarby w kadrze             39 ms  /ridemore/trasy/jhjh-aqua-velo 5 pinezek
[2026-09-12 10:19:27] ślady przejazdów         301 ms  /ridemore/trasy/jhjh-aqua-velo 18/18 kafli
[2026-09-12 10:19:27] cykl mapy                  304 ms  /ridemore/trasy/jhjh-aqua-velo 8 zadań
[2026-09-12 10:19:27] skarby w kadrze             34 ms  /ridemore/trasy/jhjh-aqua-velo 3 pinezek
[2026-09-12 10:19:27] pola odkryć                39 ms  /ridemore/trasy/jhjh-aqua-velo 47 pól
[2026-09-12 10:19:27] rysowanie pól               3 ms  /ridemore/trasy/jhjh-aqua-velo 47 pól
[2026-09-12 10:19:27] podkład mapy               91 ms  /ridemore/trasy/jhjh-aqua-velo 18/18 kafli
[2026-09-12 10:19:27] ślady przejazdów         109 ms  /ridemore/trasy/jhjh-aqua-velo 18/18 kafli
[2026-09-12 10:19:27] cykl mapy                  112 ms  /ridemore/trasy/jhjh-aqua-velo 5 zadań
[2026-09-12 10:19:27] skarby w kadrze             37 ms  /ridemore/trasy/jhjh-aqua-velo 3 pinezek
[2026-09-12 10:19:27] pola odkryć                65 ms  /ridemore/trasy/jhjh-aqua-velo 47 pól
[2026-09-12 10:19:27] rysowanie pól               3 ms  /ridemore/trasy/jhjh-aqua-velo 47 pól
[2026-09-12 10:19:27] cykl mapy                   69 ms  /ridemore/trasy/jhjh-aqua-velo 3 zadań
[2026-09-12 10:19:32] podkład mapy               62 ms  /ridemore/trasy/jhjh-aqua-velo 24/24 kafli
[2026-09-12 10:19:32] pola odkryć               104 ms  /ridemore/trasy/jhjh-aqua-velo 28 pól
[2026-09-12 10:19:32] rysowanie pól               1 ms  /ridemore/trasy/jhjh-aqua-velo 28 pól
[2026-09-12 10:19:32] skarby w kadrze            107 ms  /ridemore/trasy/jhjh-aqua-velo 2 pinezek
[2026-09-12 10:19:32] ślady przejazdów         378 ms  /ridemore/trasy/jhjh-aqua-velo 24/24 kafli
[2026-09-12 10:19:32] cykl mapy                  382 ms  /ridemore/trasy/jhjh-aqua-velo 5 zadań
[2026-09-12 10:19:32] skarby w kadrze             57 ms  /ridemore/trasy/jhjh-aqua-velo 2 pinezek
[2026-09-12 10:19:32] pola odkryć                85 ms  /ridemore/trasy/jhjh-aqua-velo 28 pól
[2026-09-12 10:19:32] rysowanie pól               2 ms  /ridemore/trasy/jhjh-aqua-velo 28 pól
[2026-09-12 10:19:32] cykl mapy                   87 ms  /ridemore/trasy/jhjh-aqua-velo 3 zadań
[2026-09-12 10:19:37] ślady przejazdów          10 ms  /ridemore/trasy/jhjh-aqua-velo 12/12 kafli
[2026-09-12 10:19:37] podkład mapy               37 ms  /ridemore/trasy/jhjh-aqua-velo 12/12 kafli
[2026-09-12 10:19:37] cykl mapy                   37 ms  /ridemore/trasy/jhjh-aqua-velo 2 zadań
[2026-09-12 10:19:37] podkład mapy               24 ms  /ridemore/trasy/jhjh-aqua-velo 6/6 kafli
[2026-09-12 10:19:37] skarby w kadrze             27 ms  /ridemore/trasy/jhjh-aqua-velo 3 pinezek
[2026-09-12 10:19:37] ślady przejazdów          31 ms  /ridemore/trasy/jhjh-aqua-velo 6/6 kafli
[2026-09-12 10:19:37] pola odkryć                30 ms  /ridemore/trasy/jhjh-aqua-velo 49 pól
[2026-09-12 10:19:37] rysowanie pól               2 ms  /ridemore/trasy/jhjh-aqua-velo 49 pól
[2026-09-12 10:19:37] cykl mapy                   35 ms  /ridemore/trasy/jhjh-aqua-velo 5 zadań
[2026-09-12 10:19:37] skarby w kadrze             37 ms  /ridemore/trasy/jhjh-aqua-velo 3 pinezek
[2026-09-12 10:19:37] pola odkryć                52 ms  /ridemore/trasy/jhjh-aqua-velo 49 pól
[2026-09-12 10:19:37] rysowanie pól               2 ms  /ridemore/trasy/jhjh-aqua-velo 49 pól
[2026-09-12 10:19:37] cykl mapy                   54 ms  /ridemore/trasy/jhjh-aqua-velo 3 zadań
[2026-09-12 10:19:37] podkład mapy              162 ms  /ridemore/trasy/jhjh-aqua-velo 8/8 kafli
[2026-09-12 10:19:37] ślady przejazdów         165 ms  /ridemore/trasy/jhjh-aqua-velo 8/8 kafli
[2026-09-12 10:19:37] cykl mapy                  171 ms  /ridemore/trasy/jhjh-aqua-velo 2 zadań
[2026-09-12 10:19:37] pola odkryć                27 ms  /ridemore/trasy/jhjh-aqua-velo 96 pól
[2026-09-12 10:19:37] rysowanie pól              10 ms  /ridemore/trasy/jhjh-aqua-velo 96 pól
[2026-09-12 10:19:37] skarby w kadrze             37 ms  /ridemore/trasy/jhjh-aqua-velo 3 pinezek
[2026-09-12 10:19:37] podkład mapy              143 ms  /ridemore/trasy/jhjh-aqua-velo 16/16 kafli
[2026-09-12 10:19:37] pola odkryć                39 ms  /ridemore/trasy/jhjh-aqua-velo 96 pól
[2026-09-12 10:19:37] rysowanie pól               4 ms  /ridemore/trasy/jhjh-aqua-velo 96 pól
[2026-09-12 10:19:37] skarby w kadrze             44 ms  /ridemore/trasy/jhjh-aqua-velo 3 pinezek
[2026-09-12 10:19:37] ślady przejazdów         315 ms  /ridemore/trasy/jhjh-aqua-velo 16/16 kafli
[2026-09-12 10:19:37] cykl mapy                  318 ms  /ridemore/trasy/jhjh-aqua-velo 8 zadań
[2026-09-12 10:19:42] podkład mapy               35 ms  /ridemore/trasy/jhjh-aqua-velo 12/12 kafli
[2026-09-12 10:19:42] ślady przejazdów          43 ms  /ridemore/trasy/jhjh-aqua-velo 12/12 kafli
[2026-09-12 10:19:42] cykl mapy                   47 ms  /ridemore/trasy/jhjh-aqua-velo 2 zadań
[2026-09-12 10:19:42] skarby w kadrze             22 ms  /ridemore/trasy/jhjh-aqua-velo 6 pinezek
[2026-09-12 10:19:42] pola odkryć                39 ms  /ridemore/trasy/jhjh-aqua-velo 147 pól
[2026-09-12 10:19:42] rysowanie pól               1 ms  /ridemore/trasy/jhjh-aqua-velo 147 pól
[2026-09-12 10:19:42] podkład mapy               79 ms  /ridemore/trasy/jhjh-aqua-velo 6/6 kafli
[2026-09-12 10:19:42] ślady przejazdów         109 ms  /ridemore/trasy/jhjh-aqua-velo 6/6 kafli
[2026-09-12 10:19:42] cykl mapy                  110 ms  /ridemore/trasy/jhjh-aqua-velo 5 zadań
[2026-09-12 10:19:42] pola odkryć                39 ms  /ridemore/trasy/jhjh-aqua-velo 147 pól
[2026-09-12 10:19:42] rysowanie pól               1 ms  /ridemore/trasy/jhjh-aqua-velo 147 pól
[2026-09-12 10:19:42] skarby w kadrze             54 ms  /ridemore/trasy/jhjh-aqua-velo 6 pinezek
[2026-09-12 10:19:42] cykl mapy                   55 ms  /ridemore/trasy/jhjh-aqua-velo 3 zadań
[2026-09-12 10:19:50] pola odkryć                64 ms  /ridemore/trasy/jhjh-aqua-velo 50 pól
[2026-09-12 10:19:50] rysowanie pól               4 ms  /ridemore/trasy/jhjh-aqua-velo 50 pól
[2026-09-12 10:19:50] skarby w kadrze             74 ms  /ridemore/trasy/jhjh-aqua-velo 3 pinezek
[2026-09-12 10:19:50] podkład mapy              142 ms  /ridemore/trasy/jhjh-aqua-velo 24/24 kafli
[2026-09-12 10:19:50] ślady przejazdów         209 ms  /ridemore/trasy/jhjh-aqua-velo 24/24 kafli
[2026-09-12 10:19:50] cykl mapy                  213 ms  /ridemore/trasy/jhjh-aqua-velo 5 zadań
[2026-09-12 10:19:50] pola odkryć                76 ms  /ridemore/trasy/jhjh-aqua-velo 50 pól
[2026-09-12 10:19:50] rysowanie pól               5 ms  /ridemore/trasy/jhjh-aqua-velo 50 pól
[2026-09-12 10:19:50] skarby w kadrze            102 ms  /ridemore/trasy/jhjh-aqua-velo 3 pinezek
[2026-09-12 10:19:50] cykl mapy                  102 ms  /ridemore/trasy/jhjh-aqua-velo 3 zadań
[2026-09-12 10:20:31] pola odkryć                51 ms  /ridemore/admin/znane-trasy/36933/edytuj 8 pól
[2026-09-12 10:20:31] rysowanie pól               1 ms  /ridemore/admin/znane-trasy/36933/edytuj 8 pól
[2026-09-12 10:20:31] podkład mapy              312 ms  /ridemore/admin/znane-trasy/36933/edytuj 6/6 kafli
[2026-09-12 10:20:31] ślady przejazdów         325 ms  /ridemore/admin/znane-trasy/36933/edytuj 6/6 kafli
[2026-09-12 10:20:31] cykl mapy                  329 ms  /ridemore/admin/znane-trasy/36933/edytuj 5 zadań
[2026-09-12 10:20:31] pola odkryć                39 ms  /ridemore/admin/znane-trasy/36933/edytuj 8 pól
[2026-09-12 10:20:31] rysowanie pól               0 ms  /ridemore/admin/znane-trasy/36933/edytuj 8 pól
[2026-09-12 10:20:31] cykl mapy                   39 ms  /ridemore/admin/znane-trasy/36933/edytuj 2 zadań
[2026-09-12 10:21:38] podkład mapy                7 ms  /ridemore/admin/znane-trasy/36933/edytuj?ok=zapisane 6/6 kafli
[2026-09-12 10:21:38] ślady przejazdów           8 ms  /ridemore/admin/znane-trasy/36933/edytuj?ok=zapisane 6/6 kafli
[2026-09-12 10:21:38] pola odkryć                21 ms  /ridemore/admin/znane-trasy/36933/edytuj?ok=zapisane 8 pól
[2026-09-12 10:21:38] rysowanie pól               0 ms  /ridemore/admin/znane-trasy/36933/edytuj?ok=zapisane 8 pól
[2026-09-12 10:21:38] cykl mapy                   24 ms  /ridemore/admin/znane-trasy/36933/edytuj?ok=zapisane 5 zadań
[2026-09-12 10:21:38] pola odkryć                55 ms  /ridemore/admin/znane-trasy/36933/edytuj?ok=zapisane 8 pól
[2026-09-12 10:21:38] rysowanie pól               0 ms  /ridemore/admin/znane-trasy/36933/edytuj?ok=zapisane 8 pól
[2026-09-12 10:21:38] cykl mapy                   55 ms  /ridemore/admin/znane-trasy/36933/edytuj?ok=zapisane 2 zadań
[2026-09-12 10:22:17] skarby w kadrze             24 ms  /ridemore/trasy/jhjh-aqua-velo 9 pinezek
[2026-09-12 10:22:17] pola odkryć                29 ms  /ridemore/trasy/jhjh-aqua-velo 0 pól
[2026-09-12 10:22:17] rysowanie pól               1 ms  /ridemore/trasy/jhjh-aqua-velo 0 pól
[2026-09-12 10:22:17] podkład mapy              782 ms  /ridemore/trasy/jhjh-aqua-velo 24/24 kafli
[2026-09-12 10:22:17] ślady przejazdów         801 ms  /ridemore/trasy/jhjh-aqua-velo 24/24 kafli
[2026-09-12 10:22:17] cykl mapy                  805 ms  /ridemore/trasy/jhjh-aqua-velo 6 zadań
[2026-09-12 10:22:17] skarby w kadrze             14 ms  /ridemore/trasy/jhjh-aqua-velo 9 pinezek
[2026-09-12 10:22:17] pola odkryć                19 ms  /ridemore/trasy/jhjh-aqua-velo 0 pól
[2026-09-12 10:22:17] rysowanie pól               0 ms  /ridemore/trasy/jhjh-aqua-velo 0 pól
[2026-09-12 10:22:17] cykl mapy                   20 ms  /ridemore/trasy/jhjh-aqua-velo 3 zadań
[2026-09-12 10:23:04] podkład mapy              192 ms  /ridemore/trasy/jhjh-aqua-velo 24/24 kafli
[2026-09-12 10:23:04] pola odkryć               170 ms  /ridemore/trasy/jhjh-aqua-velo 28 pól
[2026-09-12 10:23:04] rysowanie pól               1 ms  /ridemore/trasy/jhjh-aqua-velo 28 pól
[2026-09-12 10:23:04] skarby w kadrze            172 ms  /ridemore/trasy/jhjh-aqua-velo 2 pinezek
[2026-09-12 10:23:04] ślady przejazdów         437 ms  /ridemore/trasy/jhjh-aqua-velo 24/24 kafli
[2026-09-12 10:23:04] cykl mapy                  439 ms  /ridemore/trasy/jhjh-aqua-velo 5 zadań
[2026-09-12 10:23:04] skarby w kadrze             17 ms  /ridemore/trasy/jhjh-aqua-velo 2 pinezek
[2026-09-12 10:23:04] pola odkryć                23 ms  /ridemore/trasy/jhjh-aqua-velo 28 pól
[2026-09-12 10:23:04] rysowanie pól               1 ms  /ridemore/trasy/jhjh-aqua-velo 28 pól
[2026-09-12 10:23:04] cykl mapy                   24 ms  /ridemore/trasy/jhjh-aqua-velo 3 zadań
[2026-09-12 10:23:16] pola odkryć                39 ms  /ridemore/admin/skarby       47 pól
[2026-09-12 10:23:16] rysowanie pól               2 ms  /ridemore/admin/skarby       47 pól
[2026-09-12 10:23:16] podkład mapy               66 ms  /ridemore/admin/skarby       20/20 kafli
[2026-09-12 10:23:16] znane trasy                267 ms  /ridemore/admin/skarby       20/20 kafli
[2026-09-12 10:23:16] pola odkryć                63 ms  /ridemore/admin/skarby       47 pól
[2026-09-12 10:23:16] rysowanie pól               1 ms  /ridemore/admin/skarby       47 pól
[2026-09-12 10:23:16] ślady przejazdów         343 ms  /ridemore/admin/skarby       20/20 kafli
[2026-09-12 10:23:16] cykl mapy                  717 ms  /ridemore/admin/skarby       8 zadań
[2026-09-12 10:23:24] pola odkryć               286 ms  /ridemore/admin/skarby?filtr=&szukaj=prze&sort= 23 pól
[2026-09-12 10:23:24] rysowanie pól               7 ms  /ridemore/admin/skarby?filtr=&szukaj=prze&sort= 23 pól
[2026-09-12 10:23:24] podkład mapy               71 ms  /ridemore/admin/skarby?filtr=&szukaj=prze&sort= 20/20 kafli
[2026-09-12 10:23:24] znane trasy                 68 ms  /ridemore/admin/skarby?filtr=&szukaj=prze&sort= 20/20 kafli
[2026-09-12 10:23:24] ślady przejazdów          67 ms  /ridemore/admin/skarby?filtr=&szukaj=prze&sort= 20/20 kafli
[2026-09-12 10:23:24] cykl mapy                  316 ms  /ridemore/admin/skarby?filtr=&szukaj=prze&sort= 5 zadań
[2026-09-12 10:23:24] znane trasy                 94 ms  /ridemore/admin/skarby?filtr=&szukaj=prze&sort= 20/20 kafli
[2026-09-12 10:23:24] pola odkryć                94 ms  /ridemore/admin/skarby?filtr=&szukaj=prze&sort= 81 pól
[2026-09-12 10:23:24] rysowanie pól               2 ms  /ridemore/admin/skarby?filtr=&szukaj=prze&sort= 81 pól
[2026-09-12 10:23:24] podkład mapy              104 ms  /ridemore/admin/skarby?filtr=&szukaj=prze&sort= 20/20 kafli
[2026-09-12 10:23:24] ślady przejazdów         135 ms  /ridemore/admin/skarby?filtr=&szukaj=prze&sort= 20/20 kafli
[2026-09-12 10:23:24] cykl mapy                  139 ms  /ridemore/admin/skarby?filtr=&szukaj=prze&sort= 5 zadań
[2026-09-12 10:23:24] pola odkryć                21 ms  /ridemore/admin/skarby?filtr=&szukaj=prze&sort= 81 pól
[2026-09-12 10:23:24] rysowanie pól               1 ms  /ridemore/admin/skarby?filtr=&szukaj=prze&sort= 81 pól
[2026-09-12 10:23:24] cykl mapy                   22 ms  /ridemore/admin/skarby?filtr=&szukaj=prze&sort= 2 zadań
[2026-09-12 10:23:30] podkład mapy              222 ms  /ridemore/admin/skarby?szukaj=prze&skarb=1407 15/15 kafli
[2026-09-12 10:23:30] znane trasy                331 ms  /ridemore/admin/skarby?szukaj=prze&skarb=1407 15/15 kafli
[2026-09-12 10:23:30] pola odkryć               478 ms  /ridemore/admin/skarby?szukaj=prze&skarb=1407 17 pól
[2026-09-12 10:23:30] rysowanie pól               1 ms  /ridemore/admin/skarby?szukaj=prze&skarb=1407 17 pól
[2026-09-12 10:23:30] ślady przejazdów         515 ms  /ridemore/admin/skarby?szukaj=prze&skarb=1407 15/15 kafli
[2026-09-12 10:23:30] cykl mapy                  520 ms  /ridemore/admin/skarby?szukaj=prze&skarb=1407 6 zadań
[2026-09-12 10:24:07] znane trasy                162 ms  /ridemore/admin/skarby?szukaj=prze&skarb=1407 15/15 kafli
[2026-09-12 10:24:07] ślady przejazdów         159 ms  /ridemore/admin/skarby?szukaj=prze&skarb=1407 15/15 kafli
[2026-09-12 10:24:07] podkład mapy              185 ms  /ridemore/admin/skarby?szukaj=prze&skarb=1407 15/15 kafli
[2026-09-12 10:24:07] pola odkryć               226 ms  /ridemore/admin/skarby?szukaj=prze&skarb=1407 17 pól
[2026-09-12 10:24:07] rysowanie pól               2 ms  /ridemore/admin/skarby?szukaj=prze&skarb=1407 17 pól
[2026-09-12 10:24:07] cykl mapy                  248 ms  /ridemore/admin/skarby?szukaj=prze&skarb=1407 6 zadań
[2026-09-12 10:25:18] pola odkryć               306 ms  /ridemore/admin/skarby?szukaj=prze&strona=1&info=zapisane 23 pól
[2026-09-12 10:25:18] rysowanie pól               2 ms  /ridemore/admin/skarby?szukaj=prze&strona=1&info=zapisane 23 pól
[2026-09-12 10:25:18] cykl mapy                  308 ms  /ridemore/admin/skarby?szukaj=prze&strona=1&info=zapisane 2 zadań
[2026-09-12 10:25:18] pola odkryć                50 ms  /ridemore/admin/skarby?szukaj=prze&strona=1&info=zapisane 47 pól
[2026-09-12 10:25:18] rysowanie pól               2 ms  /ridemore/admin/skarby?szukaj=prze&strona=1&info=zapisane 47 pól
[2026-09-12 10:25:18] znane trasy                 84 ms  /ridemore/admin/skarby?szukaj=prze&strona=1&info=zapisane 20/20 kafli
[2026-09-12 10:25:18] podkład mapy               89 ms  /ridemore/admin/skarby?szukaj=prze&strona=1&info=zapisane 20/20 kafli
[2026-09-12 10:25:18] ślady przejazdów          95 ms  /ridemore/admin/skarby?szukaj=prze&strona=1&info=zapisane 20/20 kafli
[2026-09-12 10:25:18] cykl mapy                   99 ms  /ridemore/admin/skarby?szukaj=prze&strona=1&info=zapisane 5 zadań
[2026-09-12 10:25:18] pola odkryć                61 ms  /ridemore/admin/skarby?szukaj=prze&strona=1&info=zapisane 47 pól
[2026-09-12 10:25:18] rysowanie pól               3 ms  /ridemore/admin/skarby?szukaj=prze&strona=1&info=zapisane 47 pól
[2026-09-12 10:25:18] cykl mapy                   64 ms  /ridemore/admin/skarby?szukaj=prze&strona=1&info=zapisane 2 zadań
[2026-09-12 10:25:34] podkład mapy              280 ms  /ridemore/admin/skarby?szukaj=prze&skarb=1407 15/15 kafli
[2026-09-12 10:25:34] pola odkryć               467 ms  /ridemore/admin/skarby?szukaj=prze&skarb=1407 17 pól
[2026-09-12 10:25:34] rysowanie pól               2 ms  /ridemore/admin/skarby?szukaj=prze&skarb=1407 17 pól
[2026-09-12 10:25:34] znane trasy                569 ms  /ridemore/admin/skarby?szukaj=prze&skarb=1407 15/15 kafli
[2026-09-12 10:25:34] ślady przejazdów         576 ms  /ridemore/admin/skarby?szukaj=prze&skarb=1407 15/15 kafli
[2026-09-12 10:25:34] cykl mapy                  582 ms  /ridemore/admin/skarby?szukaj=prze&skarb=1407 6 zadań
[2026-09-12 10:25:43] pola odkryć               306 ms  /ridemore/admin/skarby?szukaj=prze&strona=1&info=zapisane 23 pól
[2026-09-12 10:25:43] rysowanie pól               2 ms  /ridemore/admin/skarby?szukaj=prze&strona=1&info=zapisane 23 pól
[2026-09-12 10:25:43] cykl mapy                  308 ms  /ridemore/admin/skarby?szukaj=prze&strona=1&info=zapisane 2 zadań
[2026-09-12 10:25:43] pola odkryć                49 ms  /ridemore/admin/skarby?szukaj=prze&strona=1&info=zapisane 47 pól
[2026-09-12 10:25:43] rysowanie pól               2 ms  /ridemore/admin/skarby?szukaj=prze&strona=1&info=zapisane 47 pól
[2026-09-12 10:25:43] znane trasy                 86 ms  /ridemore/admin/skarby?szukaj=prze&strona=1&info=zapisane 20/20 kafli
[2026-09-12 10:25:43] podkład mapy               93 ms  /ridemore/admin/skarby?szukaj=prze&strona=1&info=zapisane 20/20 kafli
[2026-09-12 10:25:43] ślady przejazdów          89 ms  /ridemore/admin/skarby?szukaj=prze&strona=1&info=zapisane 20/20 kafli
[2026-09-12 10:25:43] cykl mapy                   94 ms  /ridemore/admin/skarby?szukaj=prze&strona=1&info=zapisane 5 zadań
[2026-09-12 10:25:43] pola odkryć                31 ms  /ridemore/admin/skarby?szukaj=prze&strona=1&info=zapisane 47 pól
[2026-09-12 10:25:43] rysowanie pól               1 ms  /ridemore/admin/skarby?szukaj=prze&strona=1&info=zapisane 47 pól
[2026-09-12 10:25:43] cykl mapy                   32 ms  /ridemore/admin/skarby?szukaj=prze&strona=1&info=zapisane 2 zadań
[2026-09-12 10:25:51] pola odkryć                30 ms  /ridemore/admin/skarby?szukaj=prze&strona=1&info=zapisane 72 pól
[2026-09-12 10:25:51] rysowanie pól               2 ms  /ridemore/admin/skarby?szukaj=prze&strona=1&info=zapisane 72 pól
[2026-09-12 10:25:51] znane trasy                 69 ms  /ridemore/admin/skarby?szukaj=prze&strona=1&info=zapisane 15/15 kafli
[2026-09-12 10:25:51] podkład mapy              223 ms  /ridemore/admin/skarby?szukaj=prze&strona=1&info=zapisane 15/15 kafli
[2026-09-12 10:25:51] pola odkryć                70 ms  /ridemore/admin/skarby?szukaj=prze&strona=1&info=zapisane 72 pól
[2026-09-12 10:25:51] rysowanie pól               1 ms  /ridemore/admin/skarby?szukaj=prze&strona=1&info=zapisane 72 pól
[2026-09-12 10:25:51] ślady przejazdów         350 ms  /ridemore/admin/skarby?szukaj=prze&strona=1&info=zapisane 15/15 kafli
[2026-09-12 10:25:51] cykl mapy                  353 ms  /ridemore/admin/skarby?szukaj=prze&strona=1&info=zapisane 7 zadań
[2026-09-12 10:25:51] podkład mapy              163 ms  /ridemore/admin/skarby?szukaj=prze&strona=1&info=zapisane 20/20 kafli
[2026-09-12 10:25:51] znane trasy                477 ms  /ridemore/admin/skarby?szukaj=prze&strona=1&info=zapisane 20/20 kafli
[2026-09-12 10:25:51] pola odkryć               301 ms  /ridemore/admin/skarby?szukaj=prze&strona=1&info=zapisane 48 pól
[2026-09-12 10:25:51] rysowanie pól               9 ms  /ridemore/admin/skarby?szukaj=prze&strona=1&info=zapisane 48 pól
[2026-09-12 10:25:51] ślady przejazdów         833 ms  /ridemore/admin/skarby?szukaj=prze&strona=1&info=zapisane 20/20 kafli
[2026-09-12 10:25:51] cykl mapy                  837 ms  /ridemore/admin/skarby?szukaj=prze&strona=1&info=zapisane 6 zadań
[2026-09-12 10:25:59] znane trasy                217 ms  /ridemore/admin/skarby?szukaj=prze&skarb=1407 15/15 kafli
[2026-09-12 10:25:59] podkład mapy              222 ms  /ridemore/admin/skarby?szukaj=prze&skarb=1407 15/15 kafli
[2026-09-12 10:25:59] ślady przejazdów         218 ms  /ridemore/admin/skarby?szukaj=prze&skarb=1407 15/15 kafli
[2026-09-12 10:25:59] pola odkryć               269 ms  /ridemore/admin/skarby?szukaj=prze&skarb=1407 17 pól
[2026-09-12 10:25:59] rysowanie pól               2 ms  /ridemore/admin/skarby?szukaj=prze&skarb=1407 17 pól
[2026-09-12 10:25:59] cykl mapy                  292 ms  /ridemore/admin/skarby?szukaj=prze&skarb=1407 6 zadań
[2026-09-12 10:26:04] pola odkryć               307 ms  /ridemore/admin/skarby?szukaj=prze&strona=1&info=zapisane 23 pól
[2026-09-12 10:26:04] rysowanie pól               6 ms  /ridemore/admin/skarby?szukaj=prze&strona=1&info=zapisane 23 pól
[2026-09-12 10:26:04] podkład mapy               98 ms  /ridemore/admin/skarby?szukaj=prze&strona=1&info=zapisane 20/20 kafli
[2026-09-12 10:26:04] znane trasy                101 ms  /ridemore/admin/skarby?szukaj=prze&strona=1&info=zapisane 20/20 kafli
[2026-09-12 10:26:04] ślady przejazdów         100 ms  /ridemore/admin/skarby?szukaj=prze&strona=1&info=zapisane 20/20 kafli
[2026-09-12 10:26:04] cykl mapy                  376 ms  /ridemore/admin/skarby?szukaj=prze&strona=1&info=zapisane 5 zadań
[2026-09-12 10:26:04] pola odkryć                47 ms  /ridemore/admin/skarby?szukaj=prze&strona=1&info=zapisane 81 pól
[2026-09-12 10:26:04] rysowanie pól               2 ms  /ridemore/admin/skarby?szukaj=prze&strona=1&info=zapisane 81 pól
[2026-09-12 10:26:04] podkład mapy               75 ms  /ridemore/admin/skarby?szukaj=prze&strona=1&info=zapisane 20/20 kafli
[2026-09-12 10:26:04] znane trasy                 86 ms  /ridemore/admin/skarby?szukaj=prze&strona=1&info=zapisane 20/20 kafli
[2026-09-12 10:26:04] ślady przejazdów         154 ms  /ridemore/admin/skarby?szukaj=prze&strona=1&info=zapisane 20/20 kafli
[2026-09-12 10:26:04] cykl mapy                  158 ms  /ridemore/admin/skarby?szukaj=prze&strona=1&info=zapisane 5 zadań
[2026-09-12 10:26:04] pola odkryć                24 ms  /ridemore/admin/skarby?szukaj=prze&strona=1&info=zapisane 81 pól
[2026-09-12 10:26:04] rysowanie pól               1 ms  /ridemore/admin/skarby?szukaj=prze&strona=1&info=zapisane 81 pól
[2026-09-12 10:26:04] cykl mapy                   25 ms  /ridemore/admin/skarby?szukaj=prze&strona=1&info=zapisane 2 zadań
[2026-09-12 10:26:05] podkład mapy              210 ms  /ridemore/admin/skarby?szukaj=prze&skarb=1407 15/15 kafli
[2026-09-12 10:26:05] znane trasy                208 ms  /ridemore/admin/skarby?szukaj=prze&skarb=1407 15/15 kafli
[2026-09-12 10:26:05] ślady przejazdów         207 ms  /ridemore/admin/skarby?szukaj=prze&skarb=1407 15/15 kafli
[2026-09-12 10:26:05] pola odkryć               256 ms  /ridemore/admin/skarby?szukaj=prze&skarb=1407 17 pól
[2026-09-12 10:26:05] rysowanie pól               1 ms  /ridemore/admin/skarby?szukaj=prze&skarb=1407 17 pól
[2026-09-12 10:26:05] cykl mapy                  281 ms  /ridemore/admin/skarby?szukaj=prze&skarb=1407 6 zadań
[2026-09-12 10:26:06] pola odkryć               252 ms  /ridemore/admin/skarby?filtr=&szukaj=prze&sort= 23 pól
[2026-09-12 10:26:06] rysowanie pól               7 ms  /ridemore/admin/skarby?filtr=&szukaj=prze&sort= 23 pól
[2026-09-12 10:26:06] podkład mapy               69 ms  /ridemore/admin/skarby?filtr=&szukaj=prze&sort= 20/20 kafli
[2026-09-12 10:26:06] znane trasy                100 ms  /ridemore/admin/skarby?filtr=&szukaj=prze&sort= 20/20 kafli
[2026-09-12 10:26:06] ślady przejazdów         104 ms  /ridemore/admin/skarby?filtr=&szukaj=prze&sort= 20/20 kafli
[2026-09-12 10:26:06] cykl mapy                  330 ms  /ridemore/admin/skarby?filtr=&szukaj=prze&sort= 5 zadań
[2026-09-12 10:26:06] pola odkryć                43 ms  /ridemore/admin/skarby?filtr=&szukaj=prze&sort= 81 pól
[2026-09-12 10:26:06] rysowanie pól               2 ms  /ridemore/admin/skarby?filtr=&szukaj=prze&sort= 81 pól
[2026-09-12 10:26:06] podkład mapy               65 ms  /ridemore/admin/skarby?filtr=&szukaj=prze&sort= 20/20 kafli
[2026-09-12 10:26:06] znane trasy                 82 ms  /ridemore/admin/skarby?filtr=&szukaj=prze&sort= 20/20 kafli
[2026-09-12 10:26:06] ślady przejazdów         101 ms  /ridemore/admin/skarby?filtr=&szukaj=prze&sort= 20/20 kafli
[2026-09-12 10:26:06] cykl mapy                  105 ms  /ridemore/admin/skarby?filtr=&szukaj=prze&sort= 5 zadań
[2026-09-12 10:26:10] podkład mapy               76 ms  /ridemore/admin/skarby       20/20 kafli
[2026-09-12 10:26:10] znane trasy                 75 ms  /ridemore/admin/skarby       20/20 kafli
[2026-09-12 10:26:10] ślady przejazdów          72 ms  /ridemore/admin/skarby       20/20 kafli
[2026-09-12 10:26:10] pola odkryć               245 ms  /ridemore/admin/skarby       23 pól
[2026-09-12 10:26:10] rysowanie pól               3 ms  /ridemore/admin/skarby       23 pól
[2026-09-12 10:26:10] cykl mapy                  248 ms  /ridemore/admin/skarby       5 zadań
[2026-09-12 10:26:10] podkład mapy               26 ms  /ridemore/admin/skarby       20/20 kafli
[2026-09-12 10:26:10] znane trasy                 25 ms  /ridemore/admin/skarby       20/20 kafli
[2026-09-12 10:26:10] ślady przejazdów          24 ms  /ridemore/admin/skarby       20/20 kafli
[2026-09-12 10:26:10] pola odkryć                33 ms  /ridemore/admin/skarby       81 pól
[2026-09-12 10:26:10] rysowanie pól               1 ms  /ridemore/admin/skarby       81 pól
[2026-09-12 10:26:10] cykl mapy                   43 ms  /ridemore/admin/skarby       5 zadań
[2026-09-12 10:26:10] pola odkryć                20 ms  /ridemore/admin/skarby       81 pól
[2026-09-12 10:26:10] rysowanie pól               1 ms  /ridemore/admin/skarby       81 pól
[2026-09-12 10:26:10] cykl mapy                   21 ms  /ridemore/admin/skarby       2 zadań
[2026-09-12 10:26:20] ślady przejazdów          65 ms  /ridemore/admin/znane-trasy/36933/edytuj 6/6 kafli
[2026-09-12 10:26:20] pola odkryć                61 ms  /ridemore/admin/znane-trasy/36933/edytuj 8 pól
[2026-09-12 10:26:20] rysowanie pól               0 ms  /ridemore/admin/znane-trasy/36933/edytuj 8 pól
[2026-09-12 10:26:20] podkład mapy               72 ms  /ridemore/admin/znane-trasy/36933/edytuj 6/6 kafli
[2026-09-12 10:26:20] cykl mapy                   72 ms  /ridemore/admin/znane-trasy/36933/edytuj 5 zadań
[2026-09-12 10:30:44] pola odkryć                38 ms  /ridemore/trasy/jhjh-aqua-velo bez odpowiedzi
[2026-09-12 10:30:44] skarby w kadrze             46 ms  /ridemore/trasy/jhjh-aqua-velo 3 pinezek
[2026-09-12 10:30:44] cykl mapy                   47 ms  /ridemore/trasy/jhjh-aqua-velo 2 zadań
[2026-09-12 10:34:39] pola odkryć               252 ms  /ridemore/admin/skarby       23 pól
[2026-09-12 10:34:39] rysowanie pól               1 ms  /ridemore/admin/skarby       23 pól
[2026-09-12 10:34:39] cykl mapy                  253 ms  /ridemore/admin/skarby       2 zadań
[2026-09-12 10:34:55] podkład mapy               70 ms  /ridemore/admin/znane-trasy/36933/edytuj 6/6 kafli
[2026-09-12 10:34:55] ślady przejazdów          68 ms  /ridemore/admin/znane-trasy/36933/edytuj 6/6 kafli
[2026-09-12 10:34:55] pola odkryć                69 ms  /ridemore/admin/znane-trasy/36933/edytuj 8 pól
[2026-09-12 10:34:55] rysowanie pól               0 ms  /ridemore/admin/znane-trasy/36933/edytuj 8 pól
[2026-09-12 10:34:55] cykl mapy                   80 ms  /ridemore/admin/znane-trasy/36933/edytuj 5 zadań
[2026-09-12 10:35:07] podkład mapy               68 ms  /ridemore/admin/znane-trasy/36933/edytuj?ok=zapisane 6/6 kafli
[2026-09-12 10:35:07] ślady przejazdów          66 ms  /ridemore/admin/znane-trasy/36933/edytuj?ok=zapisane 6/6 kafli
[2026-09-12 10:35:07] pola odkryć                62 ms  /ridemore/admin/znane-trasy/36933/edytuj?ok=zapisane 8 pól
[2026-09-12 10:35:07] rysowanie pól               0 ms  /ridemore/admin/znane-trasy/36933/edytuj?ok=zapisane 8 pól
[2026-09-12 10:35:07] cykl mapy                   79 ms  /ridemore/admin/znane-trasy/36933/edytuj?ok=zapisane 5 zadań
[2026-09-12 10:35:28] podkład mapy              229 ms  /ridemore/trasy/jhjh-aqua-velo 24/24 kafli
[2026-09-12 10:35:28] ślady przejazdów         226 ms  /ridemore/trasy/jhjh-aqua-velo 24/24 kafli
[2026-09-12 10:35:28] skarby w kadrze            243 ms  /ridemore/trasy/jhjh-aqua-velo 9 pinezek
[2026-09-12 10:35:28] pola odkryć               220 ms  /ridemore/trasy/jhjh-aqua-velo 47 pól
[2026-09-12 10:35:28] rysowanie pól               1 ms  /ridemore/trasy/jhjh-aqua-velo 47 pól
[2026-09-12 10:35:28] cykl mapy                  254 ms  /ridemore/trasy/jhjh-aqua-velo 6 zadań
[2026-09-12 10:36:47] podkład mapy               77 ms  /ridemore/admin/znane-trasy/36933/edytuj 6/6 kafli
[2026-09-12 10:36:47] ślady przejazdów          76 ms  /ridemore/admin/znane-trasy/36933/edytuj 6/6 kafli
[2026-09-12 10:36:47] pola odkryć                69 ms  /ridemore/admin/znane-trasy/36933/edytuj 8 pól
[2026-09-12 10:36:47] rysowanie pól               0 ms  /ridemore/admin/znane-trasy/36933/edytuj 8 pól
[2026-09-12 10:36:47] cykl mapy                   92 ms  /ridemore/admin/znane-trasy/36933/edytuj 5 zadań
[2026-09-12 10:36:56] trasy ukończone           241 ms  /ridemore/rowerzysta/historical 18/18 kafli
[2026-09-12 10:36:56] trasy nieukończone        244 ms  /ridemore/rowerzysta/historical 18/18 kafli
[2026-09-12 10:36:56] skarby w kadrze            250 ms  /ridemore/rowerzysta/historical 0 pinezek
[2026-09-12 10:36:56] podkład mapy              374 ms  /ridemore/rowerzysta/historical 18/18 kafli
[2026-09-12 10:36:56] pola odkryć               748 ms  /ridemore/rowerzysta/historical 170 pól
[2026-09-12 10:36:56] rysowanie pól              10 ms  /ridemore/rowerzysta/historical 170 pól
[2026-09-12 10:36:56] ślady przejazdów         797 ms  /ridemore/rowerzysta/historical 18/18 kafli
[2026-09-12 10:36:56] cykl mapy                  805 ms  /ridemore/rowerzysta/historical 8 zadań
[2026-09-12 10:36:56] skarby w kadrze            131 ms  /ridemore/rowerzysta/historical 0 pinezek
[2026-09-12 10:36:56] pola odkryć               144 ms  /ridemore/rowerzysta/historical 993 pól
[2026-09-12 10:36:56] rysowanie pól              18 ms  /ridemore/rowerzysta/historical 993 pól
[2026-09-12 10:36:56] podkład mapy              476 ms  /ridemore/rowerzysta/historical 27/42 kafli
[2026-09-12 10:36:56] trasy ukończone           785 ms  /ridemore/rowerzysta/historical 27/42 kafli
[2026-09-12 10:36:56] trasy nieukończone      1 135 ms  /ridemore/rowerzysta/historical 18/42 kafli
[2026-09-12 10:36:56] skarby w kadrze            908 ms  /ridemore/rowerzysta/historical 0 pinezek
[2026-09-12 10:36:56] pola odkryć               922 ms  /ridemore/rowerzysta/historical 993 pól
[2026-09-12 10:36:56] rysowanie pól               6 ms  /ridemore/rowerzysta/historical 993 pól
[2026-09-12 10:36:56] ślady przejazdów       1 461 ms  /ridemore/rowerzysta/historical 18/42 kafli
[2026-09-12 10:36:56] cykl mapy                1 468 ms  /ridemore/rowerzysta/historical 10 zadań
[2026-09-12 10:37:11] podkład mapy              110 ms  /ridemore/trasy/jhjh-aqua-velo 24/24 kafli
[2026-09-12 10:37:11] ślady przejazdów         110 ms  /ridemore/trasy/jhjh-aqua-velo 24/24 kafli
[2026-09-12 10:37:11] skarby w kadrze            109 ms  /ridemore/trasy/jhjh-aqua-velo 9 pinezek
[2026-09-12 10:37:11] pola odkryć               103 ms  /ridemore/trasy/jhjh-aqua-velo 47 pól
[2026-09-12 10:37:11] rysowanie pól               2 ms  /ridemore/trasy/jhjh-aqua-velo 47 pól
[2026-09-12 10:37:11] cykl mapy                  128 ms  /ridemore/trasy/jhjh-aqua-velo 6 zadań
[2026-09-12 10:37:20] pola odkryć                23 ms  /ridemore/trasy/jhjh-aqua-velo 47 pól
[2026-09-12 10:37:20] rysowanie pól               1 ms  /ridemore/trasy/jhjh-aqua-velo 47 pól
[2026-09-12 10:37:20] skarby w kadrze             27 ms  /ridemore/trasy/jhjh-aqua-velo 9 pinezek
[2026-09-12 10:37:20] cykl mapy                   27 ms  /ridemore/trasy/jhjh-aqua-velo 3 zadań
[2026-09-12 10:37:52] ślady przejazdów         142 ms  /ridemore/trasy/jhjh-aqua-velo 24/24 kafli
[2026-09-12 10:37:52] pola odkryć                30 ms  /ridemore/trasy/jhjh-aqua-velo 38 pól
[2026-09-12 10:37:52] rysowanie pól              14 ms  /ridemore/trasy/jhjh-aqua-velo 38 pól
[2026-09-12 10:37:52] podkład mapy              306 ms  /ridemore/trasy/jhjh-aqua-velo 24/24 kafli
[2026-09-12 10:37:52] skarby w kadrze             50 ms  /ridemore/trasy/jhjh-aqua-velo 7 pinezek
[2026-09-12 10:37:52] cykl mapy                  307 ms  /ridemore/trasy/jhjh-aqua-velo 5 zadań
[2026-09-12 10:37:52] pola odkryć                20 ms  /ridemore/trasy/jhjh-aqua-velo 38 pól
[2026-09-12 10:37:52] rysowanie pól               9 ms  /ridemore/trasy/jhjh-aqua-velo 38 pól
[2026-09-12 10:37:52] skarby w kadrze             36 ms  /ridemore/trasy/jhjh-aqua-velo 7 pinezek
[2026-09-12 10:37:52] cykl mapy                   36 ms  /ridemore/trasy/jhjh-aqua-velo 3 zadań
[2026-09-12 10:48:50] pola odkryć                33 ms  /ridemore/trasy/jhjh-aqua-velo 47 pól
[2026-09-12 10:48:50] rysowanie pól              11 ms  /ridemore/trasy/jhjh-aqua-velo 47 pól
[2026-09-12 10:48:50] skarby w kadrze             47 ms  /ridemore/trasy/jhjh-aqua-velo 6 pinezek
[2026-09-12 10:48:50] ślady przejazdów          97 ms  /ridemore/trasy/jhjh-aqua-velo 6/6 kafli
[2026-09-12 10:48:50] podkład mapy              204 ms  /ridemore/trasy/jhjh-aqua-velo 6/6 kafli
[2026-09-12 10:48:50] cykl mapy                  204 ms  /ridemore/trasy/jhjh-aqua-velo 5 zadań
[2026-09-12 10:48:50] podkład mapy              112 ms  /ridemore/trasy/jhjh-aqua-velo 9/9 kafli
[2026-09-12 10:48:50] cykl mapy                  112 ms  /ridemore/trasy/jhjh-aqua-velo 1 zadań
[2026-09-12 10:48:50] skarby w kadrze             21 ms  /ridemore/trasy/jhjh-aqua-velo 5 pinezek
[2026-09-12 10:48:50] pola odkryć                33 ms  /ridemore/trasy/jhjh-aqua-velo 42 pól
[2026-09-12 10:48:50] rysowanie pól              12 ms  /ridemore/trasy/jhjh-aqua-velo 42 pól
[2026-09-12 10:48:50] ślady przejazdów         150 ms  /ridemore/trasy/jhjh-aqua-velo 9/9 kafli
[2026-09-12 10:48:50] cykl mapy                  150 ms  /ridemore/trasy/jhjh-aqua-velo 4 zadań
[2026-09-12 10:49:35] ślady przejazdów         130 ms  /ridemore/trasy/jhjh-aqua-velo 24/24 kafli
[2026-09-12 10:49:35] podkład mapy              194 ms  /ridemore/trasy/jhjh-aqua-velo 24/24 kafli
[2026-09-12 10:49:35] cykl mapy                  194 ms  /ridemore/trasy/jhjh-aqua-velo 2 zadań
[2026-09-12 10:49:35] skarby w kadrze             19 ms  /ridemore/trasy/jhjh-aqua-velo 4 pinezek
[2026-09-12 10:49:35] pola odkryć                43 ms  /ridemore/trasy/jhjh-aqua-velo 34 pól
[2026-09-12 10:49:35] rysowanie pól              13 ms  /ridemore/trasy/jhjh-aqua-velo 34 pól
[2026-09-12 10:49:35] cykl mapy                   56 ms  /ridemore/trasy/jhjh-aqua-velo 3 zadań
[2026-09-12 10:49:35] skarby w kadrze             36 ms  /ridemore/trasy/jhjh-aqua-velo 4 pinezek
[2026-09-12 10:49:35] pola odkryć                55 ms  /ridemore/trasy/jhjh-aqua-velo 34 pól
[2026-09-12 10:49:35] rysowanie pól               9 ms  /ridemore/trasy/jhjh-aqua-velo 34 pól
[2026-09-12 10:49:35] cykl mapy                   63 ms  /ridemore/trasy/jhjh-aqua-velo 3 zadań
[2026-09-12 10:49:35] podkład mapy               10 ms  /ridemore/trasy/jhjh-aqua-velo 6/6 kafli
[2026-09-12 10:49:35] cykl mapy                   10 ms  /ridemore/trasy/jhjh-aqua-velo 1 zadań
[2026-09-12 10:49:35] ślady przejazdów          14 ms  /ridemore/trasy/jhjh-aqua-velo 6/6 kafli
[2026-09-12 10:49:35] pola odkryć                22 ms  /ridemore/trasy/jhjh-aqua-velo 47 pól
[2026-09-12 10:49:35] rysowanie pól               7 ms  /ridemore/trasy/jhjh-aqua-velo 47 pól
[2026-09-12 10:49:35] skarby w kadrze             37 ms  /ridemore/trasy/jhjh-aqua-velo 6 pinezek
[2026-09-12 10:49:35] cykl mapy                   38 ms  /ridemore/trasy/jhjh-aqua-velo 4 zadań
[2026-09-12 10:50:34] pola odkryć               345 ms  /ridemore/admin/skarby       23 pól
[2026-09-12 10:50:34] rysowanie pól               2 ms  /ridemore/admin/skarby       23 pól
[2026-09-12 10:50:34] cykl mapy                  347 ms  /ridemore/admin/skarby       2 zadań
[2026-09-12 10:50:34] pola odkryć                51 ms  /ridemore/admin/skarby       47 pól
[2026-09-12 10:50:34] rysowanie pól               2 ms  /ridemore/admin/skarby       47 pól
[2026-09-12 10:50:34] znane trasy                 81 ms  /ridemore/admin/skarby       20/20 kafli
[2026-09-12 10:50:34] ślady przejazdów          83 ms  /ridemore/admin/skarby       20/20 kafli
[2026-09-12 10:50:34] podkład mapy               88 ms  /ridemore/admin/skarby       20/20 kafli
[2026-09-12 10:50:34] cykl mapy                   88 ms  /ridemore/admin/skarby       5 zadań
[2026-09-12 10:50:34] pola odkryć                57 ms  /ridemore/admin/skarby       47 pól
[2026-09-12 10:50:34] rysowanie pól               1 ms  /ridemore/admin/skarby       47 pól
[2026-09-12 10:50:34] cykl mapy                   58 ms  /ridemore/admin/skarby       2 zadań
[2026-09-12 10:52:25] ślady przejazdów          92 ms  /ridemore/admin/skarby?id=244 1/1 kafli
[2026-09-12 10:52:25] pola odkryć               258 ms  /ridemore/admin/skarby?id=244 23 pól
[2026-09-12 10:52:25] rysowanie pól               3 ms  /ridemore/admin/skarby?id=244 23 pól
[2026-09-12 10:52:25] podkład mapy              164 ms  /ridemore/admin/skarby?id=244 1/1 kafli
[2026-09-12 10:52:25] cykl mapy                  313 ms  /ridemore/admin/skarby?id=244 4 zadań
[2026-09-12 10:52:25] pola odkryć                40 ms  /ridemore/admin/skarby?id=244 51 pól
[2026-09-12 10:52:25] rysowanie pól               7 ms  /ridemore/admin/skarby?id=244 51 pól
[2026-09-12 10:52:25] znane trasy                178 ms  /ridemore/admin/skarby?id=244 15/15 kafli
[2026-09-12 10:52:25] podkład mapy              238 ms  /ridemore/admin/skarby?id=244 15/15 kafli
[2026-09-12 10:52:25] ślady przejazdów         323 ms  /ridemore/admin/skarby?id=244 15/15 kafli
[2026-09-12 10:52:25] pola odkryć                26 ms  /ridemore/admin/skarby?id=244 51 pól
[2026-09-12 10:52:25] rysowanie pól               4 ms  /ridemore/admin/skarby?id=244 51 pól
[2026-09-12 10:52:25] cykl mapy                  354 ms  /ridemore/admin/skarby?id=244 7 zadań
[2026-09-12 10:52:53] podkład mapy              189 ms  /ridemore/admin/skarby?skarb=244 16/16 kafli
[2026-09-12 10:52:53] pola odkryć               177 ms  /ridemore/admin/skarby?skarb=244 6 pól
[2026-09-12 10:52:53] rysowanie pól               3 ms  /ridemore/admin/skarby?skarb=244 6 pól
[2026-09-12 10:52:53] ślady przejazdów         463 ms  /ridemore/admin/skarby?skarb=244 16/16 kafli
[2026-09-12 10:52:53] znane trasy                496 ms  /ridemore/admin/skarby?skarb=244 16/16 kafli
[2026-09-12 10:52:53] pola odkryć               162 ms  /ridemore/admin/skarby?skarb=244 6 pól
[2026-09-12 10:52:53] rysowanie pól               1 ms  /ridemore/admin/skarby?skarb=244 6 pól
[2026-09-12 10:52:53] cykl mapy                  508 ms  /ridemore/admin/skarby?skarb=244 8 zadań
[2026-09-12 11:04:54] podkład mapy              213 ms  /ridemore/odkrycia           24/24 kafli
[2026-09-12 11:04:54] trasy ukończone           224 ms  /ridemore/odkrycia           24/24 kafli
[2026-09-12 11:04:54] trasy nieukończone        226 ms  /ridemore/odkrycia           24/24 kafli
[2026-09-12 11:04:54] skarby w kadrze            389 ms  /ridemore/odkrycia           32 pinezek
[2026-09-12 11:04:54] ślady przejazdów         880 ms  /ridemore/odkrycia           24/24 kafli
[2026-09-12 11:04:54] pola odkryć               861 ms  /ridemore/odkrycia           81 pól
[2026-09-12 11:04:54] rysowanie pól               2 ms  /ridemore/odkrycia           81 pól
[2026-09-12 11:04:54] cykl mapy                  903 ms  /ridemore/odkrycia           8 zadań
[2026-09-12 11:06:33] podkład mapy              187 ms  /ridemore/admin/skarby?skarb=244 12/12 kafli
[2026-09-12 11:06:33] pola odkryć               321 ms  /ridemore/admin/skarby?skarb=244 5 pól
[2026-09-12 11:06:33] rysowanie pól               2 ms  /ridemore/admin/skarby?skarb=244 5 pól
[2026-09-12 11:06:33] znane trasy                348 ms  /ridemore/admin/skarby?skarb=244 12/12 kafli
[2026-09-12 11:06:33] ślady przejazdów         363 ms  /ridemore/admin/skarby?skarb=244 12/12 kafli
[2026-09-12 11:06:33] cykl mapy                  370 ms  /ridemore/admin/skarby?skarb=244 6 zadań
[2026-09-12 11:07:40] podkład mapy              217 ms  /ridemore/admin/skarby?skarb=244&cb=1 12/12 kafli
[2026-09-12 11:07:40] pola odkryć               322 ms  /ridemore/admin/skarby?skarb=244&cb=1 5 pól
[2026-09-12 11:07:40] rysowanie pól               2 ms  /ridemore/admin/skarby?skarb=244&cb=1 5 pól
[2026-09-12 11:07:40] ślady przejazdów         367 ms  /ridemore/admin/skarby?skarb=244&cb=1 12/12 kafli
[2026-09-12 11:07:40] znane trasy                428 ms  /ridemore/admin/skarby?skarb=244&cb=1 12/12 kafli
[2026-09-12 11:07:40] cykl mapy                  431 ms  /ridemore/admin/skarby?skarb=244&cb=1 6 zadań
[2026-09-12 11:08:35] podkład mapy              183 ms  /ridemore/admin/skarby?skarb=244&cb=2 12/12 kafli
[2026-09-12 11:08:35] znane trasy                193 ms  /ridemore/admin/skarby?skarb=244&cb=2 12/12 kafli
[2026-09-12 11:08:35] pola odkryć               325 ms  /ridemore/admin/skarby?skarb=244&cb=2 5 pól
[2026-09-12 11:08:35] rysowanie pól               1 ms  /ridemore/admin/skarby?skarb=244&cb=2 5 pól
[2026-09-12 11:08:35] ślady przejazdów         351 ms  /ridemore/admin/skarby?skarb=244&cb=2 12/12 kafli
[2026-09-12 11:08:35] pola odkryć                52 ms  /ridemore/admin/skarby?skarb=244&cb=2 5 pól
[2026-09-12 11:08:35] rysowanie pól               2 ms  /ridemore/admin/skarby?skarb=244&cb=2 5 pól
[2026-09-12 11:08:35] cykl mapy                  395 ms  /ridemore/admin/skarby?skarb=244&cb=2 8 zadań
[2026-09-12 11:09:54] podkład mapy              177 ms  /ridemore/admin/skarby?skarb=244&cb=3 12/12 kafli
[2026-09-12 11:09:54] znane trasy                224 ms  /ridemore/admin/skarby?skarb=244&cb=3 12/12 kafli
[2026-09-12 11:09:54] ślady przejazdów         361 ms  /ridemore/admin/skarby?skarb=244&cb=3 12/12 kafli
[2026-09-12 11:09:54] pola odkryć                47 ms  /ridemore/admin/skarby?skarb=244&cb=3 5 pól
[2026-09-12 11:09:54] rysowanie pól               2 ms  /ridemore/admin/skarby?skarb=244&cb=3 5 pól
[2026-09-12 11:09:54] cykl mapy                  386 ms  /ridemore/admin/skarby?skarb=244&cb=3 7 zadań
[2026-09-12 11:10:11] pola odkryć               169 ms  /ridemore/admin/skarby?strona=1&info=zapisane 23 pól
[2026-09-12 11:10:11] rysowanie pól               2 ms  /ridemore/admin/skarby?strona=1&info=zapisane 23 pól
[2026-09-12 11:10:11] pola odkryć                42 ms  /ridemore/admin/skarby?strona=1&info=zapisane 8 pól
[2026-09-12 11:10:11] rysowanie pól               5 ms  /ridemore/admin/skarby?strona=1&info=zapisane 8 pól
[2026-09-12 11:10:11] znane trasy                139 ms  /ridemore/admin/skarby?strona=1&info=zapisane 12/12 kafli
[2026-09-12 11:10:11] pola odkryć                30 ms  /ridemore/admin/skarby?strona=1&info=zapisane 8 pól
[2026-09-12 11:10:11] rysowanie pól               3 ms  /ridemore/admin/skarby?strona=1&info=zapisane 8 pól
[2026-09-12 11:10:11] podkład mapy            1 082 ms  /ridemore/admin/skarby?strona=1&info=zapisane 13/13 kafli
[2026-09-12 11:10:11] ślady przejazdów         891 ms  /ridemore/admin/skarby?strona=1&info=zapisane 12/12 kafli
[2026-09-12 11:10:11] cykl mapy                1 232 ms  /ridemore/admin/skarby?strona=1&info=zapisane 9 zadań
[2026-09-12 11:10:39] pola odkryć               172 ms  /ridemore/admin/skarby       23 pól
[2026-09-12 11:10:39] rysowanie pól               2 ms  /ridemore/admin/skarby       23 pól
[2026-09-12 11:10:39] znane trasy                 25 ms  /ridemore/admin/skarby       6/4 kafli
[2026-09-12 11:10:39] podkład mapy              101 ms  /ridemore/admin/skarby       5/5 kafli
[2026-09-12 11:10:39] ślady przejazdów          99 ms  /ridemore/admin/skarby       6/4 kafli
[2026-09-12 11:10:39] cykl mapy                  250 ms  /ridemore/admin/skarby       5 zadań
[2026-09-12 11:10:39] pola odkryć                19 ms  /ridemore/admin/skarby       63 pól
[2026-09-12 11:10:39] rysowanie pól               1 ms  /ridemore/admin/skarby       63 pól
[2026-09-12 11:10:39] cykl mapy                   20 ms  /ridemore/admin/skarby       2 zadań
[2026-09-12 11:10:39] znane trasy                 42 ms  /ridemore/admin/skarby       8/8 kafli
[2026-09-12 11:10:39] ślady przejazdów          93 ms  /ridemore/admin/skarby       8/8 kafli
[2026-09-12 11:10:39] podkład mapy              129 ms  /ridemore/admin/skarby       8/8 kafli
[2026-09-12 11:10:39] cykl mapy                  129 ms  /ridemore/admin/skarby       3 zadań
[2026-09-12 11:10:39] pola odkryć                58 ms  /ridemore/admin/skarby       63 pól
[2026-09-12 11:10:39] rysowanie pól               1 ms  /ridemore/admin/skarby       63 pól
[2026-09-12 11:10:39] cykl mapy                   58 ms  /ridemore/admin/skarby       2 zadań
[2026-09-12 11:16:05] pola odkryć                35 ms  /ridemore/admin/skarby       63 pól
[2026-09-12 11:16:05] rysowanie pól               1 ms  /ridemore/admin/skarby       63 pól
[2026-09-12 11:16:05] cykl mapy                   36 ms  /ridemore/admin/skarby       2 zadań
[2026-09-12 11:30:55] podkład mapy               63 ms  /ridemore/admin/skarby       6/4 kafli
[2026-09-12 11:30:55] znane trasy                 62 ms  /ridemore/admin/skarby       6/4 kafli
[2026-09-12 11:30:55] ślady przejazdów          62 ms  /ridemore/admin/skarby       6/4 kafli
[2026-09-12 11:30:55] pola odkryć               269 ms  /ridemore/admin/skarby       23 pól
[2026-09-12 11:30:55] rysowanie pól               2 ms  /ridemore/admin/skarby       23 pól
[2026-09-12 11:30:55] cykl mapy                  271 ms  /ridemore/admin/skarby       5 zadań
[2026-09-12 11:30:55] znane trasy                 72 ms  /ridemore/admin/skarby       8/8 kafli
[2026-09-12 11:30:55] podkład mapy               77 ms  /ridemore/admin/skarby       8/8 kafli
[2026-09-12 11:30:55] ślady przejazdów          70 ms  /ridemore/admin/skarby       8/8 kafli
[2026-09-12 11:30:55] pola odkryć                67 ms  /ridemore/admin/skarby       63 pól
[2026-09-12 11:30:55] rysowanie pól               1 ms  /ridemore/admin/skarby       63 pól
[2026-09-12 11:30:55] cykl mapy                   80 ms  /ridemore/admin/skarby       5 zadań
[2026-09-12 11:30:55] pola odkryć                18 ms  /ridemore/admin/skarby       63 pól
[2026-09-12 11:30:55] rysowanie pól               1 ms  /ridemore/admin/skarby       63 pól
[2026-09-12 11:30:55] cykl mapy                   18 ms  /ridemore/admin/skarby       2 zadań
[2026-09-12 11:30:55] pola odkryć                42 ms  /ridemore/admin/skarby       75 pól
[2026-09-12 11:30:55] rysowanie pól               1 ms  /ridemore/admin/skarby       75 pól
[2026-09-12 11:30:55] cykl mapy                   43 ms  /ridemore/admin/skarby       2 zadań
[2026-09-12 11:31:30] pola odkryć                26 ms  /ridemore/admin/skarby       68 pól
[2026-09-12 11:31:30] rysowanie pól               2 ms  /ridemore/admin/skarby       68 pól
[2026-09-12 11:31:30] cykl mapy                   27 ms  /ridemore/admin/skarby       2 zadań
[2026-09-12 11:31:30] podkład mapy                6 ms  /ridemore/admin/skarby       3/3 kafli
[2026-09-12 11:31:30] cykl mapy                    6 ms  /ridemore/admin/skarby       1 zadań
[2026-09-12 11:31:30] znane trasy                 16 ms  /ridemore/admin/skarby       3/3 kafli
[2026-09-12 11:31:30] ślady przejazdów          17 ms  /ridemore/admin/skarby       3/3 kafli
[2026-09-12 11:31:30] pola odkryć                24 ms  /ridemore/admin/skarby       81 pól
[2026-09-12 11:31:30] rysowanie pól               1 ms  /ridemore/admin/skarby       81 pól
[2026-09-12 11:31:30] cykl mapy                   27 ms  /ridemore/admin/skarby       4 zadań
[2026-09-12 11:56:04] znane trasy                 86 ms  /ridemore/admin/skarby       20/20 kafli
[2026-09-12 11:56:04] podkład mapy               95 ms  /ridemore/admin/skarby       20/20 kafli
[2026-09-12 11:56:04] ślady przejazdów          89 ms  /ridemore/admin/skarby       20/20 kafli
[2026-09-12 11:56:04] cykl mapy                  101 ms  /ridemore/admin/skarby       3 zadań
[2026-09-12 11:56:04] pola odkryć                57 ms  /ridemore/admin/skarby       81 pól
[2026-09-12 11:56:04] rysowanie pól               2 ms  /ridemore/admin/skarby       81 pól
[2026-09-12 11:56:04] podkład mapy               98 ms  /ridemore/admin/skarby       20/20 kafli
[2026-09-12 11:56:04] znane trasy                 99 ms  /ridemore/admin/skarby       20/20 kafli
[2026-09-12 11:56:04] ślady przejazdów         100 ms  /ridemore/admin/skarby       20/20 kafli
[2026-09-12 11:56:04] cykl mapy                  107 ms  /ridemore/admin/skarby       5 zadań
[2026-09-12 11:56:04] pola odkryć                42 ms  /ridemore/admin/skarby       81 pól
[2026-09-12 11:56:04] rysowanie pól               2 ms  /ridemore/admin/skarby       81 pól
[2026-09-12 11:56:04] cykl mapy                   43 ms  /ridemore/admin/skarby       2 zadań
[2026-09-12 12:19:49] skarby w kadrze             83 ms  /ridemore/rowerzysta/historical 0 pinezek
[2026-09-12 12:19:49] pola odkryć                81 ms  /ridemore/rowerzysta/historical 128 pól
[2026-09-12 12:19:49] rysowanie pól               9 ms  /ridemore/rowerzysta/historical 128 pól
[2026-09-12 12:19:49] trasy ukończone           517 ms  /ridemore/rowerzysta/historical 18/18 kafli
[2026-09-12 12:19:49] trasy nieukończone        535 ms  /ridemore/rowerzysta/historical 18/18 kafli
[2026-09-12 12:19:49] podkład mapy              548 ms  /ridemore/rowerzysta/historical 18/18 kafli
[2026-09-12 12:19:49] ślady przejazdów         549 ms  /ridemore/rowerzysta/historical 18/18 kafli
[2026-09-12 12:19:49] cykl mapy                  561 ms  /ridemore/rowerzysta/historical 8 zadań
[2026-09-13 12:34:03] skarby w kadrze             65 ms  /ridemore/rowerzysta/ania-testowa 0 pinezek
[2026-09-13 12:34:03] pola odkryć                94 ms  /ridemore/rowerzysta/ania-testowa 0 pól
[2026-09-13 12:34:03] rysowanie pól               1 ms  /ridemore/rowerzysta/ania-testowa 0 pól
[2026-09-13 12:34:03] cykl mapy                   95 ms  /ridemore/rowerzysta/ania-testowa 3 zadań
[2026-09-13 12:34:03] skarby w kadrze             29 ms  /ridemore/rowerzysta/ania-testowa 0 pinezek
[2026-09-13 12:34:03] pola odkryć                35 ms  /ridemore/rowerzysta/ania-testowa 0 pól
[2026-09-13 12:34:03] rysowanie pól               1 ms  /ridemore/rowerzysta/ania-testowa 0 pól
[2026-09-13 12:34:03] podkład mapy              331 ms  /ridemore/rowerzysta/ania-testowa 18/18 kafli
[2026-09-13 12:34:03] ślady przejazdów       1 033 ms  /ridemore/rowerzysta/ania-testowa 18/18 kafli
[2026-09-13 12:34:03] trasy ukończone         1 055 ms  /ridemore/rowerzysta/ania-testowa 18/18 kafli
[2026-09-13 12:34:03] trasy nieukończone      1 072 ms  /ridemore/rowerzysta/ania-testowa 18/18 kafli
[2026-09-13 12:34:03] pola odkryć               827 ms  /ridemore/rowerzysta/ania-testowa 0 pól
[2026-09-13 12:34:03] rysowanie pól               0 ms  /ridemore/rowerzysta/ania-testowa 0 pól
[2026-09-13 12:34:03] skarby w kadrze            841 ms  /ridemore/rowerzysta/ania-testowa 0 pinezek
[2026-09-13 12:34:03] cykl mapy                1 103 ms  /ridemore/rowerzysta/ania-testowa 10 zadań
[2026-09-13 12:35:27] pola odkryć                48 ms  /ridemore/rowerzysta/ania-testowa bez odpowiedzi
[2026-09-13 12:35:27] skarby w kadrze             48 ms  /ridemore/rowerzysta/ania-testowa bez odpowiedzi
[2026-09-13 12:35:27] cykl mapy                   49 ms  /ridemore/rowerzysta/ania-testowa 2 zadań
[2026-09-13 12:35:27] podkład mapy               28 ms  /ridemore/rowerzysta/ania-testowa 6/6 kafli
[2026-09-13 12:35:27] skarby w kadrze             21 ms  /ridemore/rowerzysta/ania-testowa bez odpowiedzi
[2026-09-13 12:35:27] trasy ukończone            31 ms  /ridemore/rowerzysta/ania-testowa 6/6 kafli
[2026-09-13 12:35:27] pola odkryć                26 ms  /ridemore/rowerzysta/ania-testowa bez odpowiedzi
[2026-09-13 12:35:27] trasy nieukończone         35 ms  /ridemore/rowerzysta/ania-testowa 6/6 kafli
[2026-09-13 12:35:27] ślady przejazdów         192 ms  /ridemore/rowerzysta/ania-testowa 6/6 kafli
[2026-09-13 12:35:27] cykl mapy                  203 ms  /ridemore/rowerzysta/ania-testowa 6 zadań
[2026-09-13 12:35:27] pola odkryć                29 ms  /ridemore/rowerzysta/ania-testowa bez odpowiedzi
[2026-09-13 12:35:27] skarby w kadrze             45 ms  /ridemore/rowerzysta/ania-testowa bez odpowiedzi
[2026-09-13 12:35:27] cykl mapy                   45 ms  /ridemore/rowerzysta/ania-testowa 2 zadań
[2026-09-13 12:39:28] skarby w kadrze             71 ms  /ridemore/rowerzysta/historical 0 pinezek
[2026-09-13 12:39:28] pola odkryć                66 ms  /ridemore/rowerzysta/historical 128 pól
[2026-09-13 12:39:28] rysowanie pól              14 ms  /ridemore/rowerzysta/historical 128 pól
[2026-09-13 12:39:28] trasy ukończone           106 ms  /ridemore/rowerzysta/historical 18/18 kafli
[2026-09-13 12:39:28] trasy nieukończone        130 ms  /ridemore/rowerzysta/historical 18/18 kafli
[2026-09-13 12:39:28] ślady przejazdów         436 ms  /ridemore/rowerzysta/historical 18/18 kafli
[2026-09-13 12:39:28] podkład mapy              488 ms  /ridemore/rowerzysta/historical 18/18 kafli
[2026-09-13 12:39:28] cykl mapy                  488 ms  /ridemore/rowerzysta/historical 8 zadań
[2026-09-13 12:41:21] podkład mapy              170 ms  /ridemore/rowerzysta/historical 18/18 kafli
[2026-09-13 12:41:21] trasy ukończone           181 ms  /ridemore/rowerzysta/historical 18/18 kafli
[2026-09-13 12:41:21] trasy nieukończone        351 ms  /ridemore/rowerzysta/historical 18/18 kafli
[2026-09-13 12:41:21] skarby w kadrze            356 ms  /ridemore/rowerzysta/historical 0 pinezek
[2026-09-13 12:41:21] pola odkryć               335 ms  /ridemore/rowerzysta/historical 128 pól
[2026-09-13 12:41:21] rysowanie pól               4 ms  /ridemore/rowerzysta/historical 128 pól
[2026-09-13 12:41:21] ślady przejazdów         456 ms  /ridemore/rowerzysta/historical 18/18 kafli
[2026-09-13 12:41:21] cykl mapy                  464 ms  /ridemore/rowerzysta/historical 8 zadań
[2026-09-13 12:47:08] pola odkryć                50 ms  /ridemore/rowerzysta/ania-testowa 0 pól
[2026-09-13 12:47:08] rysowanie pól               1 ms  /ridemore/rowerzysta/ania-testowa 0 pól
[2026-09-13 12:47:08] skarby w kadrze             65 ms  /ridemore/rowerzysta/ania-testowa 0 pinezek
[2026-09-13 12:47:08] podkład mapy               36 ms  /ridemore/rowerzysta/ania-testowa 18/18 kafli
[2026-09-13 12:47:08] trasy ukończone            43 ms  /ridemore/rowerzysta/ania-testowa 18/18 kafli
[2026-09-13 12:47:08] trasy nieukończone         56 ms  /ridemore/rowerzysta/ania-testowa 18/18 kafli
[2026-09-13 12:47:08] pola odkryć               128 ms  /ridemore/rowerzysta/ania-testowa 0 pól
[2026-09-13 12:47:08] rysowanie pól               0 ms  /ridemore/rowerzysta/ania-testowa 0 pól
[2026-09-13 12:47:08] skarby w kadrze            143 ms  /ridemore/rowerzysta/ania-testowa 0 pinezek
[2026-09-13 12:47:08] ślady przejazdów         584 ms  /ridemore/rowerzysta/ania-testowa 18/18 kafli
[2026-09-13 12:47:08] cykl mapy                  625 ms  /ridemore/rowerzysta/ania-testowa 10 zadań
[2026-09-13 12:47:36] podkład mapy               49 ms  /ridemore/rowerzysta/ania-testowa 18/18 kafli
[2026-09-13 12:47:36] trasy ukończone            52 ms  /ridemore/rowerzysta/ania-testowa 18/18 kafli
[2026-09-13 12:47:36] trasy nieukończone         53 ms  /ridemore/rowerzysta/ania-testowa 18/18 kafli
[2026-09-13 12:47:36] skarby w kadrze             51 ms  /ridemore/rowerzysta/ania-testowa 0 pinezek
[2026-09-13 12:47:36] pola odkryć                52 ms  /ridemore/rowerzysta/ania-testowa 0 pól
[2026-09-13 12:47:36] rysowanie pól               0 ms  /ridemore/rowerzysta/ania-testowa 0 pól
[2026-09-13 12:47:36] pola odkryć               108 ms  /ridemore/rowerzysta/ania-testowa 0 pól
[2026-09-13 12:47:36] rysowanie pól               0 ms  /ridemore/rowerzysta/ania-testowa 0 pól
[2026-09-13 12:47:36] skarby w kadrze            123 ms  /ridemore/rowerzysta/ania-testowa 0 pinezek
[2026-09-13 12:47:36] ślady przejazdów         442 ms  /ridemore/rowerzysta/ania-testowa 18/18 kafli
[2026-09-13 12:47:36] cykl mapy                  449 ms  /ridemore/rowerzysta/ania-testowa 10 zadań
[2026-09-13 12:47:43] pola odkryć                16 ms  /ridemore/rowerzysta/ania-testowa 0 pól
[2026-09-13 12:47:43] rysowanie pól               1 ms  /ridemore/rowerzysta/ania-testowa 0 pól
[2026-09-13 12:47:43] skarby w kadrze             21 ms  /ridemore/rowerzysta/ania-testowa 0 pinezek
[2026-09-13 12:47:43] cykl mapy                   21 ms  /ridemore/rowerzysta/ania-testowa 3 zadań
[2026-09-13 12:47:50] pola odkryć                14 ms  /ridemore/rowerzysta/ania-testowa 0 pól
[2026-09-13 12:47:50] rysowanie pól               1 ms  /ridemore/rowerzysta/ania-testowa 0 pól
[2026-09-13 12:47:50] skarby w kadrze             38 ms  /ridemore/rowerzysta/ania-testowa 0 pinezek
[2026-09-13 12:47:50] cykl mapy                   39 ms  /ridemore/rowerzysta/ania-testowa 3 zadań
[2026-09-13 12:48:10] pola odkryć               255 ms  /ridemore/rowerzysta/ania-testowa 0 pól
[2026-09-13 12:48:10] rysowanie pól               1 ms  /ridemore/rowerzysta/ania-testowa 0 pól
[2026-09-13 12:48:10] skarby w kadrze            506 ms  /ridemore/rowerzysta/ania-testowa 0 pinezek
[2026-09-13 12:48:10] cykl mapy                  506 ms  /ridemore/rowerzysta/ania-testowa 3 zadań
[2026-09-13 12:48:16] pola odkryć                23 ms  /ridemore/rowerzysta/ania-testowa 0 pól
[2026-09-13 12:48:16] rysowanie pól               1 ms  /ridemore/rowerzysta/ania-testowa 0 pól
[2026-09-13 12:48:16] skarby w kadrze             36 ms  /ridemore/rowerzysta/ania-testowa 0 pinezek
[2026-09-13 12:48:16] trasy nieukończone         57 ms  /ridemore/rowerzysta/ania-testowa 18/18 kafli
[2026-09-13 12:48:16] trasy ukończone            59 ms  /ridemore/rowerzysta/ania-testowa 18/18 kafli
[2026-09-13 12:48:16] podkład mapy               61 ms  /ridemore/rowerzysta/ania-testowa 18/18 kafli
[2026-09-13 12:48:16] skarby w kadrze             87 ms  /ridemore/rowerzysta/ania-testowa 0 pinezek
[2026-09-13 12:48:16] pola odkryć               102 ms  /ridemore/rowerzysta/ania-testowa 0 pól
[2026-09-13 12:48:16] rysowanie pól               0 ms  /ridemore/rowerzysta/ania-testowa 0 pól
[2026-09-13 12:48:16] ślady przejazdów         424 ms  /ridemore/rowerzysta/ania-testowa 18/18 kafli
[2026-09-13 12:48:16] cykl mapy                  429 ms  /ridemore/rowerzysta/ania-testowa 10 zadań
[2026-09-13 12:48:41] pola odkryć                36 ms  /ridemore/rowerzysta/ania-testowa 0 pól
[2026-09-13 12:48:41] rysowanie pól               1 ms  /ridemore/rowerzysta/ania-testowa 0 pól
[2026-09-13 12:48:41] skarby w kadrze             39 ms  /ridemore/rowerzysta/ania-testowa 0 pinezek
[2026-09-13 12:48:41] cykl mapy                   40 ms  /ridemore/rowerzysta/ania-testowa 3 zadań
[2026-09-13 12:48:41] podkład mapy               17 ms  /ridemore/rowerzysta/ania-testowa 6/6 kafli
[2026-09-13 12:48:41] trasy ukończone            17 ms  /ridemore/rowerzysta/ania-testowa 6/6 kafli
[2026-09-13 12:48:41] trasy nieukończone         18 ms  /ridemore/rowerzysta/ania-testowa 6/6 kafli
[2026-09-13 12:48:41] skarby w kadrze             20 ms  /ridemore/rowerzysta/ania-testowa 0 pinezek
[2026-09-13 12:48:41] pola odkryć                23 ms  /ridemore/rowerzysta/ania-testowa 0 pól
[2026-09-13 12:48:41] rysowanie pól               1 ms  /ridemore/rowerzysta/ania-testowa 0 pól
[2026-09-13 12:48:41] ślady przejazdów         134 ms  /ridemore/rowerzysta/ania-testowa 6/6 kafli
[2026-09-13 12:48:41] cykl mapy                  137 ms  /ridemore/rowerzysta/ania-testowa 7 zadań
[2026-09-13 12:48:41] skarby w kadrze             14 ms  /ridemore/rowerzysta/ania-testowa 0 pinezek
[2026-09-13 12:48:41] pola odkryć                24 ms  /ridemore/rowerzysta/ania-testowa 0 pól
[2026-09-13 12:48:41] rysowanie pól               0 ms  /ridemore/rowerzysta/ania-testowa 0 pól
[2026-09-13 12:48:41] cykl mapy                   25 ms  /ridemore/rowerzysta/ania-testowa 3 zadań
[2026-09-13 12:49:07] pola odkryć               141 ms  /ridemore/rowerzysta/ania-testowa 0 pól
[2026-09-13 12:49:07] rysowanie pól               1 ms  /ridemore/rowerzysta/ania-testowa 0 pól
[2026-09-13 12:49:07] skarby w kadrze            158 ms  /ridemore/rowerzysta/ania-testowa 0 pinezek
[2026-09-13 12:49:07] cykl mapy                  159 ms  /ridemore/rowerzysta/ania-testowa 3 zadań
[2026-09-13 12:49:13] podkład mapy               13 ms  /ridemore/rowerzysta/ania-testowa 6/6 kafli
[2026-09-13 12:49:13] trasy ukończone            12 ms  /ridemore/rowerzysta/ania-testowa 6/6 kafli
[2026-09-13 12:49:13] trasy nieukończone         11 ms  /ridemore/rowerzysta/ania-testowa 6/6 kafli
[2026-09-13 12:49:13] pola odkryć                91 ms  /ridemore/rowerzysta/ania-testowa 0 pól
[2026-09-13 12:49:13] rysowanie pól               0 ms  /ridemore/rowerzysta/ania-testowa 0 pól
[2026-09-13 12:49:13] skarby w kadrze            134 ms  /ridemore/rowerzysta/ania-testowa 0 pinezek
[2026-09-13 12:49:13] ślady przejazdów         168 ms  /ridemore/rowerzysta/ania-testowa 6/6 kafli
[2026-09-13 12:49:13] cykl mapy                  173 ms  /ridemore/rowerzysta/ania-testowa 7 zadań
[2026-09-13 12:49:13] skarby w kadrze             22 ms  /ridemore/rowerzysta/ania-testowa 0 pinezek
[2026-09-13 12:49:13] pola odkryć                40 ms  /ridemore/rowerzysta/ania-testowa 0 pól
[2026-09-13 12:49:13] rysowanie pól               0 ms  /ridemore/rowerzysta/ania-testowa 0 pól
[2026-09-13 12:49:13] cykl mapy                   40 ms  /ridemore/rowerzysta/ania-testowa 3 zadań
[2026-09-13 12:49:23] podkład mapy               12 ms  /ridemore/rowerzysta/ania-testowa 3/3 kafli
[2026-09-13 12:49:23] trasy ukończone            13 ms  /ridemore/rowerzysta/ania-testowa 3/3 kafli
[2026-09-13 12:49:23] trasy nieukończone         14 ms  /ridemore/rowerzysta/ania-testowa 3/3 kafli
[2026-09-13 12:49:23] skarby w kadrze             24 ms  /ridemore/rowerzysta/ania-testowa 0 pinezek
[2026-09-13 12:49:23] pola odkryć                40 ms  /ridemore/rowerzysta/ania-testowa 0 pól
[2026-09-13 12:49:23] rysowanie pól               1 ms  /ridemore/rowerzysta/ania-testowa 0 pól
[2026-09-13 12:49:23] ślady przejazdów         121 ms  /ridemore/rowerzysta/ania-testowa 3/3 kafli
[2026-09-13 12:49:23] cykl mapy                  122 ms  /ridemore/rowerzysta/ania-testowa 7 zadań
[2026-09-13 12:51:05] podkład mapy              196 ms  /ridemore/rowerzysta/historical 18/18 kafli
[2026-09-13 12:51:05] trasy ukończone           245 ms  /ridemore/rowerzysta/historical 18/18 kafli
[2026-09-13 12:51:05] trasy nieukończone        246 ms  /ridemore/rowerzysta/historical 18/18 kafli
[2026-09-13 12:51:05] skarby w kadrze            413 ms  /ridemore/rowerzysta/historical 0 pinezek
[2026-09-13 12:51:05] pola odkryć               339 ms  /ridemore/rowerzysta/historical 128 pól
[2026-09-13 12:51:05] rysowanie pól               7 ms  /ridemore/rowerzysta/historical 128 pól
[2026-09-13 12:51:05] ślady przejazdów         513 ms  /ridemore/rowerzysta/historical 18/18 kafli
[2026-09-13 12:51:05] cykl mapy                  521 ms  /ridemore/rowerzysta/historical 8 zadań
[2026-09-13 12:54:53] skarby w kadrze             32 ms  /ridemore/rowerzysta/historical 0 pinezek
[2026-09-13 12:54:53] pola odkryć                49 ms  /ridemore/rowerzysta/historical 160 pól
[2026-09-13 12:54:53] rysowanie pól               7 ms  /ridemore/rowerzysta/historical 160 pól
[2026-09-13 12:54:53] trasy ukończone           265 ms  /ridemore/rowerzysta/historical 18/35 kafli
[2026-09-13 12:54:53] trasy nieukończone        264 ms  /ridemore/rowerzysta/historical 18/35 kafli
[2026-09-13 12:54:53] ślady przejazdów         266 ms  /ridemore/rowerzysta/historical 18/35 kafli
[2026-09-13 12:54:53] podkład mapy              309 ms  /ridemore/rowerzysta/historical 18/35 kafli
[2026-09-13 12:54:53] cykl mapy                  309 ms  /ridemore/rowerzysta/historical 7 zadań
[2026-09-13 12:54:53] skarby w kadrze             26 ms  /ridemore/rowerzysta/historical 0 pinezek
[2026-09-13 12:54:53] pola odkryć                28 ms  /ridemore/rowerzysta/historical 160 pól
[2026-09-13 12:54:53] rysowanie pól               3 ms  /ridemore/rowerzysta/historical 160 pól
[2026-09-13 12:54:53] cykl mapy                   30 ms  /ridemore/rowerzysta/historical 3 zadań
[2026-09-13 15:27:51] skarby w kadrze             26 ms  /ridemore/rowerzysta/historical 0 pinezek
[2026-09-13 15:27:51] pola odkryć                32 ms  /ridemore/rowerzysta/historical 133 pól
[2026-09-13 15:27:51] rysowanie pól               7 ms  /ridemore/rowerzysta/historical 133 pól
[2026-09-13 15:27:51] podkład mapy            1 027 ms  /ridemore/rowerzysta/historical 15/15 kafli
[2026-09-13 15:27:51] trasy ukończone         1 048 ms  /ridemore/rowerzysta/historical 15/15 kafli
[2026-09-13 15:27:51] trasy nieukończone      1 068 ms  /ridemore/rowerzysta/historical 15/15 kafli
[2026-09-13 15:27:51] ślady przejazdów       1 085 ms  /ridemore/rowerzysta/historical 15/15 kafli
[2026-09-13 15:27:51] cykl mapy                1 092 ms  /ridemore/rowerzysta/historical 8 zadań
[2026-09-13 15:27:51] podkład mapy               85 ms  /ridemore/rowerzysta/historical 3/3 kafli
[2026-09-13 15:27:51] cykl mapy                   85 ms  /ridemore/rowerzysta/historical 1 zadań
[2026-09-13 15:27:51] trasy ukończone            14 ms  /ridemore/rowerzysta/historical 3/3 kafli
[2026-09-13 15:27:51] skarby w kadrze             16 ms  /ridemore/rowerzysta/historical 0 pinezek
[2026-09-13 15:27:51] trasy nieukończone         20 ms  /ridemore/rowerzysta/historical 3/3 kafli
[2026-09-13 15:27:51] ślady przejazdów          23 ms  /ridemore/rowerzysta/historical 3/3 kafli
[2026-09-13 15:27:51] pola odkryć                26 ms  /ridemore/rowerzysta/historical 170 pól
[2026-09-13 15:27:51] rysowanie pól               2 ms  /ridemore/rowerzysta/historical 170 pól
[2026-09-13 15:27:51] cykl mapy                   29 ms  /ridemore/rowerzysta/historical 6 zadań
[2026-09-13 15:28:34] podkład mapy               83 ms  /ridemore/rowerzysta/historical 18/18 kafli
[2026-09-13 15:28:34] trasy ukończone            85 ms  /ridemore/rowerzysta/historical 18/18 kafli
[2026-09-13 15:28:34] trasy nieukończone         86 ms  /ridemore/rowerzysta/historical 18/18 kafli
[2026-09-13 15:28:34] skarby w kadrze             83 ms  /ridemore/rowerzysta/historical 0 pinezek
[2026-09-13 15:28:34] ślady przejazdów          87 ms  /ridemore/rowerzysta/historical 18/18 kafli
[2026-09-13 15:28:34] pola odkryć                84 ms  /ridemore/rowerzysta/historical 170 pól
[2026-09-13 15:28:34] rysowanie pól              13 ms  /ridemore/rowerzysta/historical 170 pól
[2026-09-13 15:28:34] cykl mapy                  111 ms  /ridemore/rowerzysta/historical 8 zadań
[2026-09-13 15:28:34] pola odkryć                19 ms  /ridemore/rowerzysta/historical 170 pól
[2026-09-13 15:28:34] rysowanie pól               4 ms  /ridemore/rowerzysta/historical 170 pól
[2026-09-13 15:28:34] skarby w kadrze             23 ms  /ridemore/rowerzysta/historical 0 pinezek
[2026-09-13 15:28:34] cykl mapy                   24 ms  /ridemore/rowerzysta/historical 3 zadań
[2026-09-13 15:28:50] trasy ukończone            57 ms  /ridemore/rowerzysta/historical 18/18 kafli
[2026-09-13 15:28:50] trasy nieukończone         55 ms  /ridemore/rowerzysta/historical 18/18 kafli
[2026-09-13 15:28:50] podkład mapy               78 ms  /ridemore/rowerzysta/historical 18/18 kafli
[2026-09-13 15:28:50] pola odkryć               158 ms  /ridemore/rowerzysta/historical 170 pól
[2026-09-13 15:28:50] rysowanie pól               9 ms  /ridemore/rowerzysta/historical 170 pól
[2026-09-13 15:28:50] skarby w kadrze            169 ms  /ridemore/rowerzysta/historical 0 pinezek
[2026-09-13 15:28:50] ślady przejazdów         509 ms  /ridemore/rowerzysta/historical 18/18 kafli
[2026-09-13 15:28:50] cykl mapy                  520 ms  /ridemore/rowerzysta/historical 8 zadań
[2026-09-13 15:28:50] skarby w kadrze             30 ms  /ridemore/rowerzysta/historical 0 pinezek
[2026-09-13 15:28:50] pola odkryć                37 ms  /ridemore/rowerzysta/historical 170 pól
[2026-09-13 15:28:50] rysowanie pól               3 ms  /ridemore/rowerzysta/historical 170 pól
[2026-09-13 15:28:50] cykl mapy                   40 ms  /ridemore/rowerzysta/historical 3 zadań
[2026-09-13 15:29:56] trasy ukończone            24 ms  /ridemore/rowerzysta/historical 18/18 kafli
[2026-09-13 15:29:56] trasy nieukończone         22 ms  /ridemore/rowerzysta/historical 18/18 kafli
[2026-09-13 15:29:56] podkład mapy               65 ms  /ridemore/rowerzysta/historical 18/18 kafli
[2026-09-13 15:29:56] skarby w kadrze             60 ms  /ridemore/rowerzysta/historical 0 pinezek
[2026-09-13 15:29:56] pola odkryć                70 ms  /ridemore/rowerzysta/historical 170 pól
[2026-09-13 15:29:56] rysowanie pól               9 ms  /ridemore/rowerzysta/historical 170 pól
[2026-09-13 15:29:56] ślady przejazdów         379 ms  /ridemore/rowerzysta/historical 18/18 kafli
[2026-09-13 15:29:56] cykl mapy                  390 ms  /ridemore/rowerzysta/historical 8 zadań
[2026-09-13 15:29:56] skarby w kadrze             49 ms  /ridemore/rowerzysta/historical 0 pinezek
[2026-09-13 15:29:56] pola odkryć                87 ms  /ridemore/rowerzysta/historical 170 pól
[2026-09-13 15:29:56] rysowanie pól               6 ms  /ridemore/rowerzysta/historical 170 pól
[2026-09-13 15:29:56] cykl mapy                   94 ms  /ridemore/rowerzysta/historical 3 zadań
[2026-09-13 15:30:14] podkład mapy              123 ms  /ridemore/rowerzysta/historical 6/6 kafli
[2026-09-13 15:30:14] skarby w kadrze            117 ms  /ridemore/rowerzysta/historical 0 pinezek
[2026-09-13 15:30:14] pola odkryć               129 ms  /ridemore/rowerzysta/historical 472 pól
[2026-09-13 15:30:14] rysowanie pól               9 ms  /ridemore/rowerzysta/historical 472 pól
[2026-09-13 15:30:14] trasy ukończone           188 ms  /ridemore/rowerzysta/historical 6/6 kafli
[2026-09-13 15:30:14] trasy nieukończone        239 ms  /ridemore/rowerzysta/historical 6/6 kafli
[2026-09-13 15:30:14] ślady przejazdów         346 ms  /ridemore/rowerzysta/historical 6/6 kafli
[2026-09-13 15:30:14] cykl mapy                  356 ms  /ridemore/rowerzysta/historical 8 zadań
[2026-09-13 15:30:14] skarby w kadrze             25 ms  /ridemore/rowerzysta/historical 0 pinezek
[2026-09-13 15:30:14] pola odkryć                37 ms  /ridemore/rowerzysta/historical 472 pól
[2026-09-13 15:30:14] rysowanie pól               7 ms  /ridemore/rowerzysta/historical 472 pól
[2026-09-13 15:30:14] cykl mapy                   44 ms  /ridemore/rowerzysta/historical 3 zadań
[2026-09-13 15:30:56] podkład mapy               29 ms  /ridemore/rowerzysta/historical 6/6 kafli
[2026-09-13 15:30:56] trasy ukończone            54 ms  /ridemore/rowerzysta/historical 6/6 kafli
[2026-09-13 15:30:56] trasy nieukończone         54 ms  /ridemore/rowerzysta/historical 6/6 kafli
[2026-09-13 15:30:56] skarby w kadrze            104 ms  /ridemore/rowerzysta/historical 0 pinezek
[2026-09-13 15:30:56] pola odkryć               126 ms  /ridemore/rowerzysta/historical 472 pól
[2026-09-13 15:30:56] rysowanie pól              16 ms  /ridemore/rowerzysta/historical 472 pól
[2026-09-13 15:30:56] ślady przejazdów         247 ms  /ridemore/rowerzysta/historical 6/6 kafli
[2026-09-13 15:30:56] cykl mapy                  261 ms  /ridemore/rowerzysta/historical 8 zadań
[2026-09-13 15:30:56] pola odkryć                48 ms  /ridemore/rowerzysta/historical 472 pól
[2026-09-13 15:30:56] rysowanie pól               4 ms  /ridemore/rowerzysta/historical 472 pól
[2026-09-13 15:30:56] skarby w kadrze             54 ms  /ridemore/rowerzysta/historical 0 pinezek
[2026-09-13 15:30:56] cykl mapy                   54 ms  /ridemore/rowerzysta/historical 3 zadań
[2026-09-13 15:37:48] podkład mapy              478 ms  /ridemore/rowerzysta/historical 18/18 kafli
[2026-09-13 15:37:48] trasy ukończone           478 ms  /ridemore/rowerzysta/historical 18/18 kafli
[2026-09-13 15:37:48] trasy nieukończone        479 ms  /ridemore/rowerzysta/historical 18/18 kafli
[2026-09-13 15:37:48] skarby w kadrze            488 ms  /ridemore/rowerzysta/historical 0 pinezek
[2026-09-13 15:37:48] pola odkryć               462 ms  /ridemore/rowerzysta/historical 170 pól
[2026-09-13 15:37:48] rysowanie pól               6 ms  /ridemore/rowerzysta/historical 170 pól
[2026-09-13 15:37:48] ślady przejazdów         506 ms  /ridemore/rowerzysta/historical 18/18 kafli
[2026-09-13 15:37:48] cykl mapy                  512 ms  /ridemore/rowerzysta/historical 8 zadań
[2026-09-13 15:38:47] podkład mapy              189 ms  /ridemore/rowerzysta/historical 18/18 kafli
[2026-09-13 15:38:47] trasy ukończone           190 ms  /ridemore/rowerzysta/historical 18/18 kafli
[2026-09-13 15:38:47] trasy nieukończone        192 ms  /ridemore/rowerzysta/historical 18/18 kafli
[2026-09-13 15:38:47] skarby w kadrze            197 ms  /ridemore/rowerzysta/historical 0 pinezek
[2026-09-13 15:38:47] pola odkryć               162 ms  /ridemore/rowerzysta/historical 170 pól
[2026-09-13 15:38:47] rysowanie pól               8 ms  /ridemore/rowerzysta/historical 170 pól
[2026-09-13 15:38:47] ślady przejazdów         575 ms  /ridemore/rowerzysta/historical 18/18 kafli
[2026-09-13 15:38:47] cykl mapy                  580 ms  /ridemore/rowerzysta/historical 8 zadań
[2026-09-13 15:40:50] podkład mapy              159 ms  /ridemore/rowerzysta/historical 18/18 kafli
[2026-09-13 15:40:50] trasy ukończone           163 ms  /ridemore/rowerzysta/historical 18/18 kafli
[2026-09-13 15:40:50] trasy nieukończone        165 ms  /ridemore/rowerzysta/historical 18/18 kafli
[2026-09-13 15:40:50] skarby w kadrze            166 ms  /ridemore/rowerzysta/historical 0 pinezek
[2026-09-13 15:40:50] pola odkryć               151 ms  /ridemore/rowerzysta/historical 170 pól
[2026-09-13 15:40:50] rysowanie pól               6 ms  /ridemore/rowerzysta/historical 170 pól
[2026-09-13 15:40:50] ślady przejazdów         448 ms  /ridemore/rowerzysta/historical 18/18 kafli
[2026-09-13 15:40:50] cykl mapy                  455 ms  /ridemore/rowerzysta/historical 8 zadań
[2026-09-13 15:41:13] trasy ukończone           213 ms  /ridemore/odkrycia           24/24 kafli
[2026-09-13 15:41:13] skarby w kadrze            222 ms  /ridemore/odkrycia           32 pinezek
[2026-09-13 15:41:13] trasy nieukończone        268 ms  /ridemore/odkrycia           24/24 kafli
[2026-09-13 15:41:13] podkład mapy              407 ms  /ridemore/odkrycia           24/24 kafli
[2026-09-13 15:41:13] ślady przejazdów         707 ms  /ridemore/odkrycia           24/24 kafli
[2026-09-13 15:41:13] pola odkryć               682 ms  /ridemore/odkrycia           81 pól
[2026-09-13 15:41:13] rysowanie pól               2 ms  /ridemore/odkrycia           81 pól
[2026-09-13 15:41:13] cykl mapy                  728 ms  /ridemore/odkrycia           8 zadań
[2026-09-13 15:44:24] trasy ukończone            55 ms  /ridemore/rowerzysta/historical 18/18 kafli
[2026-09-13 15:44:24] trasy nieukończone         53 ms  /ridemore/rowerzysta/historical 18/18 kafli
[2026-09-13 15:44:24] podkład mapy               71 ms  /ridemore/rowerzysta/historical 18/18 kafli
[2026-09-13 15:44:24] skarby w kadrze             63 ms  /ridemore/rowerzysta/historical 0 pinezek
[2026-09-13 15:44:24] pola odkryć                74 ms  /ridemore/rowerzysta/historical 170 pól
[2026-09-13 15:44:24] rysowanie pól               7 ms  /ridemore/rowerzysta/historical 170 pól
[2026-09-13 15:44:24] ślady przejazdów         407 ms  /ridemore/rowerzysta/historical 18/18 kafli
[2026-09-13 15:44:24] cykl mapy                  419 ms  /ridemore/rowerzysta/historical 8 zadań
[2026-09-13 15:44:24] skarby w kadrze             24 ms  /ridemore/rowerzysta/historical 0 pinezek
[2026-09-13 15:44:24] pola odkryć                31 ms  /ridemore/rowerzysta/historical 170 pól
[2026-09-13 15:44:24] rysowanie pól               5 ms  /ridemore/rowerzysta/historical 170 pól
[2026-09-13 15:44:24] cykl mapy                   36 ms  /ridemore/rowerzysta/historical 3 zadań
[2026-09-13 15:44:46] skarby w kadrze            121 ms  /ridemore/odkrycia           32 pinezek
[2026-09-13 15:44:46] pola odkryć               146 ms  /ridemore/odkrycia           81 pól
[2026-09-13 15:44:46] rysowanie pól               5 ms  /ridemore/odkrycia           81 pól
[2026-09-13 15:44:46] trasy ukończone           344 ms  /ridemore/odkrycia           24/24 kafli
[2026-09-13 15:44:46] trasy nieukończone        344 ms  /ridemore/odkrycia           24/24 kafli
[2026-09-13 15:44:46] podkład mapy              362 ms  /ridemore/odkrycia           24/24 kafli
[2026-09-13 15:44:46] ślady przejazdów         520 ms  /ridemore/odkrycia           24/24 kafli
[2026-09-13 15:44:46] cykl mapy                  529 ms  /ridemore/odkrycia           8 zadań
[2026-09-13 15:53:40] podkład mapy              409 ms  /ridemore/rowerzysta/historical 18/18 kafli
[2026-09-13 15:53:40] trasy ukończone           413 ms  /ridemore/rowerzysta/historical 18/18 kafli
[2026-09-13 15:53:40] trasy nieukończone        412 ms  /ridemore/rowerzysta/historical 18/18 kafli
[2026-09-13 15:53:40] skarby w kadrze            442 ms  /ridemore/rowerzysta/historical 0 pinezek
[2026-09-13 15:53:40] pola odkryć               412 ms  /ridemore/rowerzysta/historical 170 pól
[2026-09-13 15:53:40] rysowanie pól              12 ms  /ridemore/rowerzysta/historical 170 pól
[2026-09-13 15:53:40] ślady przejazdów         540 ms  /ridemore/rowerzysta/historical 18/18 kafli
[2026-09-13 15:53:40] cykl mapy                  547 ms  /ridemore/rowerzysta/historical 8 zadań
[2026-09-13 16:00:16] podkład mapy               86 ms  /ridemore/rowerzysta/historical 18/18 kafli
[2026-09-13 16:00:16] trasy ukończone            95 ms  /ridemore/rowerzysta/historical 18/18 kafli
[2026-09-13 16:00:16] trasy nieukończone         97 ms  /ridemore/rowerzysta/historical 18/18 kafli
[2026-09-13 16:00:16] ślady przejazdów         101 ms  /ridemore/rowerzysta/historical 18/18 kafli
[2026-09-13 16:00:16] skarby w kadrze            108 ms  /ridemore/rowerzysta/historical 0 pinezek
[2026-09-13 16:00:16] pola odkryć               112 ms  /ridemore/rowerzysta/historical 170 pól
[2026-09-13 16:00:16] rysowanie pól              12 ms  /ridemore/rowerzysta/historical 170 pól
[2026-09-13 16:00:16] cykl mapy                  132 ms  /ridemore/rowerzysta/historical 8 zadań
[2026-09-13 16:00:16] skarby w kadrze             15 ms  /ridemore/rowerzysta/historical 0 pinezek
[2026-09-13 16:00:16] pola odkryć                19 ms  /ridemore/rowerzysta/historical 170 pól
[2026-09-13 16:00:16] rysowanie pól               4 ms  /ridemore/rowerzysta/historical 170 pól
[2026-09-13 16:00:16] cykl mapy                   23 ms  /ridemore/rowerzysta/historical 3 zadań
[2026-09-13 16:01:42] skarby w kadrze             41 ms  /ridemore/rowerzysta/historical 0 pinezek
[2026-09-13 16:01:42] pola odkryć                48 ms  /ridemore/rowerzysta/historical 86 pól
[2026-09-13 16:01:42] rysowanie pól               2 ms  /ridemore/rowerzysta/historical 86 pól
[2026-09-13 16:01:42] cykl mapy                   49 ms  /ridemore/rowerzysta/historical 3 zadań
[2026-09-13 16:02:22] trasy ukończone           544 ms  /ridemore/rowerzysta/historical 18/18 kafli
[2026-09-13 16:02:22] trasy nieukończone        551 ms  /ridemore/rowerzysta/historical 18/18 kafli
[2026-09-13 16:02:22] skarby w kadrze            546 ms  /ridemore/rowerzysta/historical 0 pinezek
[2026-09-13 16:02:22] podkład mapy              565 ms  /ridemore/rowerzysta/historical 18/18 kafli
[2026-09-13 16:02:22] pola odkryć               546 ms  /ridemore/rowerzysta/historical 170 pól
[2026-09-13 16:02:22] rysowanie pól               6 ms  /ridemore/rowerzysta/historical 170 pól
[2026-09-13 16:02:22] ślady przejazdów         588 ms  /ridemore/rowerzysta/historical 18/18 kafli
[2026-09-13 16:02:22] cykl mapy                  596 ms  /ridemore/rowerzysta/historical 8 zadań
[2026-09-13 16:02:41] skarby w kadrze            159 ms  /ridemore/trasy/szlak-testowy 11 pinezek
[2026-09-13 16:02:41] pola odkryć               253 ms  /ridemore/trasy/szlak-testowy 118 pól
[2026-09-13 16:02:41] rysowanie pól               3 ms  /ridemore/trasy/szlak-testowy 118 pól
[2026-09-13 16:02:41] ślady przejazdów         270 ms  /ridemore/trasy/szlak-testowy 24/24 kafli
[2026-09-13 16:02:41] podkład mapy              368 ms  /ridemore/trasy/szlak-testowy 24/24 kafli
[2026-09-13 16:02:41] cykl mapy                  368 ms  /ridemore/trasy/szlak-testowy 6 zadań
[2026-09-13 16:02:51] podkład mapy               57 ms  /ridemore/admin/znane-trasy/7/edytuj 2/2 kafli
[2026-09-13 16:02:51] pola odkryć                80 ms  /ridemore/admin/znane-trasy/7/edytuj 24 pól
[2026-09-13 16:02:51] rysowanie pól               0 ms  /ridemore/admin/znane-trasy/7/edytuj 24 pól
[2026-09-13 16:02:51] ślady przejazdów          87 ms  /ridemore/admin/znane-trasy/7/edytuj 2/2 kafli
[2026-09-13 16:02:51] cykl mapy                   89 ms  /ridemore/admin/znane-trasy/7/edytuj 5 zadań
[2026-09-13 16:02:51] pola odkryć                57 ms  /ridemore/admin/znane-trasy/7/edytuj 24 pól
[2026-09-13 16:02:51] rysowanie pól               0 ms  /ridemore/admin/znane-trasy/7/edytuj 24 pól
[2026-09-13 16:02:51] cykl mapy                   57 ms  /ridemore/admin/znane-trasy/7/edytuj 2 zadań
[2026-09-13 16:03:00] podkład mapy               67 ms  /ridemore/admin/znane-trasy/7/edytuj?ok=zapisane 2/2 kafli
[2026-09-13 16:03:00] ślady przejazdów          68 ms  /ridemore/admin/znane-trasy/7/edytuj?ok=zapisane 2/2 kafli
[2026-09-13 16:03:00] pola odkryć                65 ms  /ridemore/admin/znane-trasy/7/edytuj?ok=zapisane 24 pól
[2026-09-13 16:03:00] rysowanie pól               0 ms  /ridemore/admin/znane-trasy/7/edytuj?ok=zapisane 24 pól
[2026-09-13 16:03:00] cykl mapy                   77 ms  /ridemore/admin/znane-trasy/7/edytuj?ok=zapisane 5 zadań
[2026-09-13 16:09:04] skarby w kadrze             41 ms  /ridemore/rowerzysta/historical?aktywnosc=2 0 pinezek
[2026-09-13 16:09:04] pola odkryć                41 ms  /ridemore/rowerzysta/historical?aktywnosc=2 170 pól
[2026-09-13 16:09:04] rysowanie pól              11 ms  /ridemore/rowerzysta/historical?aktywnosc=2 170 pól
[2026-09-13 16:09:04] trasy ukończone           269 ms  /ridemore/rowerzysta/historical?aktywnosc=2 18/18 kafli
[2026-09-13 16:09:04] trasy nieukończone        276 ms  /ridemore/rowerzysta/historical?aktywnosc=2 18/18 kafli
[2026-09-13 16:09:04] ślady przejazdów         282 ms  /ridemore/rowerzysta/historical?aktywnosc=2 18/18 kafli
[2026-09-13 16:09:04] podkład mapy              319 ms  /ridemore/rowerzysta/historical?aktywnosc=2 18/18 kafli
[2026-09-13 16:09:04] cykl mapy                  319 ms  /ridemore/rowerzysta/historical?aktywnosc=2 8 zadań
[2026-09-13 16:09:04] pola odkryć                19 ms  /ridemore/rowerzysta/historical?aktywnosc=2 170 pól
[2026-09-13 16:09:04] rysowanie pól               4 ms  /ridemore/rowerzysta/historical?aktywnosc=2 170 pól
[2026-09-13 16:09:04] skarby w kadrze             24 ms  /ridemore/rowerzysta/historical?aktywnosc=2 0 pinezek
[2026-09-13 16:09:04] cykl mapy                   24 ms  /ridemore/rowerzysta/historical?aktywnosc=2 3 zadań
[2026-09-13 16:09:23] podkład mapy               78 ms  /ridemore/rowerzysta/historical?aktywnosc=2&kategoria=80 18/18 kafli
[2026-09-13 16:09:23] trasy ukończone            76 ms  /ridemore/rowerzysta/historical?aktywnosc=2&kategoria=80 18/18 kafli
[2026-09-13 16:09:23] trasy nieukończone         74 ms  /ridemore/rowerzysta/historical?aktywnosc=2&kategoria=80 18/18 kafli
[2026-09-13 16:09:23] ślady przejazdów          70 ms  /ridemore/rowerzysta/historical?aktywnosc=2&kategoria=80 18/18 kafli
[2026-09-13 16:09:23] skarby w kadrze             71 ms  /ridemore/rowerzysta/historical?aktywnosc=2&kategoria=80 0 pinezek
[2026-09-13 16:09:23] pola odkryć                81 ms  /ridemore/rowerzysta/historical?aktywnosc=2&kategoria=80 170 pól
[2026-09-13 16:09:23] rysowanie pól              11 ms  /ridemore/rowerzysta/historical?aktywnosc=2&kategoria=80 170 pól
[2026-09-13 16:09:23] cykl mapy                  112 ms  /ridemore/rowerzysta/historical?aktywnosc=2&kategoria=80 8 zadań
[2026-09-13 16:09:56] skarby w kadrze             28 ms  /ridemore/rowerzysta/historical?aktywnosc=2&kategoria=80 0 pinezek
[2026-09-13 16:09:56] pola odkryć                40 ms  /ridemore/rowerzysta/historical?aktywnosc=2&kategoria=80 170 pól
[2026-09-13 16:09:56] rysowanie pól               5 ms  /ridemore/rowerzysta/historical?aktywnosc=2&kategoria=80 170 pól
[2026-09-13 16:09:56] cykl mapy                   45 ms  /ridemore/rowerzysta/historical?aktywnosc=2&kategoria=80 3 zadań
[2026-09-13 16:10:52] skarby w kadrze             34 ms  /ridemore/rowerzysta/historical?aktywnosc=2&kategoria=80 0 pinezek
[2026-09-13 16:10:52] pola odkryć                44 ms  /ridemore/rowerzysta/historical?aktywnosc=2&kategoria=80 86 pól
[2026-09-13 16:10:52] rysowanie pól               1 ms  /ridemore/rowerzysta/historical?aktywnosc=2&kategoria=80 86 pól
[2026-09-13 16:10:52] cykl mapy                   45 ms  /ridemore/rowerzysta/historical?aktywnosc=2&kategoria=80 3 zadań
[2026-09-13 16:19:48] podkład mapy              236 ms  /ridemore/rowerzysta/historical 18/18 kafli
[2026-09-13 16:19:48] trasy ukończone           433 ms  /ridemore/rowerzysta/historical 18/18 kafli
[2026-09-13 16:19:48] trasy nieukończone        434 ms  /ridemore/rowerzysta/historical 18/18 kafli
[2026-09-13 16:19:48] skarby w kadrze            441 ms  /ridemore/rowerzysta/historical 0 pinezek
[2026-09-13 16:19:48] pola odkryć               408 ms  /ridemore/rowerzysta/historical 170 pól
[2026-09-13 16:19:48] rysowanie pól               6 ms  /ridemore/rowerzysta/historical 170 pól
[2026-09-13 16:19:48] ślady przejazdów         506 ms  /ridemore/rowerzysta/historical 18/18 kafli
[2026-09-13 16:19:48] cykl mapy                  514 ms  /ridemore/rowerzysta/historical 8 zadań
[2026-09-13 16:19:52] trasy ukończone            66 ms  /ridemore/rowerzysta/historical?skarby=2 18/18 kafli
[2026-09-13 16:19:52] trasy nieukończone         68 ms  /ridemore/rowerzysta/historical?skarby=2 18/18 kafli
[2026-09-13 16:19:52] podkład mapy              169 ms  /ridemore/rowerzysta/historical?skarby=2 18/18 kafli
[2026-09-13 16:19:52] skarby w kadrze            168 ms  /ridemore/rowerzysta/historical?skarby=2 0 pinezek
[2026-09-13 16:19:52] pola odkryć               154 ms  /ridemore/rowerzysta/historical?skarby=2 170 pól
[2026-09-13 16:19:52] rysowanie pól               9 ms  /ridemore/rowerzysta/historical?skarby=2 170 pól
[2026-09-13 16:19:52] ślady przejazdów         426 ms  /ridemore/rowerzysta/historical?skarby=2 18/18 kafli
[2026-09-13 16:19:52] cykl mapy                  436 ms  /ridemore/rowerzysta/historical?skarby=2 8 zadań
[2026-09-13 16:21:09] trasy ukończone            68 ms  /ridemore/rowerzysta/historical?rzadkosc=EPIC 18/18 kafli
[2026-09-13 16:21:09] trasy nieukończone         70 ms  /ridemore/rowerzysta/historical?rzadkosc=EPIC 18/18 kafli
[2026-09-13 16:21:09] podkład mapy              161 ms  /ridemore/rowerzysta/historical?rzadkosc=EPIC 18/18 kafli
[2026-09-13 16:21:09] skarby w kadrze            159 ms  /ridemore/rowerzysta/historical?rzadkosc=EPIC 0 pinezek
[2026-09-13 16:21:09] pola odkryć               141 ms  /ridemore/rowerzysta/historical?rzadkosc=EPIC 170 pól
[2026-09-13 16:21:09] rysowanie pól              10 ms  /ridemore/rowerzysta/historical?rzadkosc=EPIC 170 pól
[2026-09-13 16:21:09] ślady przejazdów         457 ms  /ridemore/rowerzysta/historical?rzadkosc=EPIC 18/18 kafli
[2026-09-13 16:21:09] cykl mapy                  466 ms  /ridemore/rowerzysta/historical?rzadkosc=EPIC 8 zadań
[2026-09-13 16:21:24] trasy ukończone            60 ms  /ridemore/rowerzysta/historical?rzadkosc=EPIC&kategoria=85 18/18 kafli
[2026-09-13 16:21:24] trasy nieukończone         61 ms  /ridemore/rowerzysta/historical?rzadkosc=EPIC&kategoria=85 18/18 kafli
[2026-09-13 16:21:24] podkład mapy              143 ms  /ridemore/rowerzysta/historical?rzadkosc=EPIC&kategoria=85 18/18 kafli
[2026-09-13 16:21:24] skarby w kadrze            139 ms  /ridemore/rowerzysta/historical?rzadkosc=EPIC&kategoria=85 0 pinezek
[2026-09-13 16:21:24] pola odkryć               131 ms  /ridemore/rowerzysta/historical?rzadkosc=EPIC&kategoria=85 170 pól
[2026-09-13 16:21:24] rysowanie pól              11 ms  /ridemore/rowerzysta/historical?rzadkosc=EPIC&kategoria=85 170 pól
[2026-09-13 16:21:24] ślady przejazdów         507 ms  /ridemore/rowerzysta/historical?rzadkosc=EPIC&kategoria=85 18/18 kafli
[2026-09-13 16:21:24] cykl mapy                  519 ms  /ridemore/rowerzysta/historical?rzadkosc=EPIC&kategoria=85 8 zadań
[2026-09-13 16:21:28] pola odkryć                54 ms  /ridemore/rowerzysta/historical?rzadkosc=EPIC&kategoria=85 26 pól
[2026-09-13 16:21:28] rysowanie pól               2 ms  /ridemore/rowerzysta/historical?rzadkosc=EPIC&kategoria=85 26 pól
[2026-09-13 16:21:28] skarby w kadrze             56 ms  /ridemore/rowerzysta/historical?rzadkosc=EPIC&kategoria=85 0 pinezek
[2026-09-13 16:21:28] podkład mapy              260 ms  /ridemore/rowerzysta/historical?rzadkosc=EPIC&kategoria=85 24/24 kafli
[2026-09-13 16:21:28] podkład mapy              173 ms  /ridemore/rowerzysta/historical?rzadkosc=EPIC&kategoria=85 18/18 kafli
[2026-09-13 16:21:28] trasy ukończone           870 ms  /ridemore/rowerzysta/historical?rzadkosc=EPIC&kategoria=85 35/63 kafli
[2026-09-13 16:21:28] podkład mapy              130 ms  /ridemore/rowerzysta/historical?rzadkosc=EPIC&kategoria=85 18/18 kafli
[2026-09-13 16:21:28] trasy nieukończone        874 ms  /ridemore/rowerzysta/historical?rzadkosc=EPIC&kategoria=85 22/65 kafli
[2026-09-13 16:21:28] skarby w kadrze            132 ms  /ridemore/rowerzysta/historical?rzadkosc=EPIC&kategoria=85 0 pinezek
[2026-09-13 16:21:28] pola odkryć               132 ms  /ridemore/rowerzysta/historical?rzadkosc=EPIC&kategoria=85 170 pól
[2026-09-13 16:21:28] rysowanie pól               6 ms  /ridemore/rowerzysta/historical?rzadkosc=EPIC&kategoria=85 170 pól
[2026-09-13 16:21:28] skarby w kadrze            143 ms  /ridemore/rowerzysta/historical?rzadkosc=EPIC&kategoria=85 0 pinezek
[2026-09-13 16:21:28] pola odkryć               144 ms  /ridemore/rowerzysta/historical?rzadkosc=EPIC&kategoria=85 170 pól
[2026-09-13 16:21:28] rysowanie pól               3 ms  /ridemore/rowerzysta/historical?rzadkosc=EPIC&kategoria=85 170 pól
[2026-09-13 16:21:28] ślady przejazdów       1 148 ms  /ridemore/rowerzysta/historical?rzadkosc=EPIC&kategoria=85 17/65 kafli
[2026-09-13 16:21:28] cykl mapy                1 153 ms  /ridemore/rowerzysta/historical?rzadkosc=EPIC&kategoria=85 17 zadań
[2026-09-13 16:21:28] podkład mapy              145 ms  /ridemore/rowerzysta/historical?rzadkosc=EPIC&kategoria=85 18/18 kafli
[2026-09-13 16:21:28] skarby w kadrze            146 ms  /ridemore/rowerzysta/historical?rzadkosc=EPIC&kategoria=85 0 pinezek
[2026-09-13 16:21:28] pola odkryć               170 ms  /ridemore/rowerzysta/historical?rzadkosc=EPIC&kategoria=85 942 pól
[2026-09-13 16:21:28] rysowanie pól              11 ms  /ridemore/rowerzysta/historical?rzadkosc=EPIC&kategoria=85 942 pól
[2026-09-13 16:21:28] podkład mapy              215 ms  /ridemore/rowerzysta/historical?rzadkosc=EPIC&kategoria=85 24/24 kafli
[2026-09-13 16:21:28] trasy ukończone           639 ms  /ridemore/rowerzysta/historical?rzadkosc=EPIC&kategoria=85 32/42 kafli
[2026-09-13 16:21:28] trasy nieukończone        820 ms  /ridemore/rowerzysta/historical?rzadkosc=EPIC&kategoria=85 24/42 kafli
[2026-09-13 16:21:28] skarby w kadrze            622 ms  /ridemore/rowerzysta/historical?rzadkosc=EPIC&kategoria=85 0 pinezek
[2026-09-13 16:21:28] podkład mapy              140 ms  /ridemore/rowerzysta/historical?rzadkosc=EPIC&kategoria=85 12/12 kafli
[2026-09-13 16:21:28] pola odkryć               674 ms  /ridemore/rowerzysta/historical?rzadkosc=EPIC&kategoria=85 942 pól
[2026-09-13 16:21:28] rysowanie pól               8 ms  /ridemore/rowerzysta/historical?rzadkosc=EPIC&kategoria=85 942 pól
[2026-09-13 16:21:32] trasy ukończone           395 ms  /ridemore/rowerzysta/historical?rzadkosc=EPIC&kategoria=85 23/30 kafli
[2026-09-13 16:21:32] skarby w kadrze            218 ms  /ridemore/rowerzysta/historical?rzadkosc=EPIC&kategoria=85 1 pinezek
[2026-09-13 16:21:32] podkład mapy              238 ms  /ridemore/rowerzysta/historical?rzadkosc=EPIC&kategoria=85 18/18 kafli
[2026-09-13 16:21:32] trasy nieukończone        751 ms  /ridemore/rowerzysta/historical?rzadkosc=EPIC&kategoria=85 18/30 kafli
[2026-09-13 16:21:32] skarby w kadrze            561 ms  /ridemore/rowerzysta/historical?rzadkosc=EPIC&kategoria=85 1 pinezek
[2026-09-13 16:21:32] ślady przejazdów       2 150 ms  /ridemore/rowerzysta/historical?rzadkosc=EPIC&kategoria=85 34/78 kafli
[2026-09-13 16:21:32] pola odkryć               580 ms  /ridemore/rowerzysta/historical?rzadkosc=EPIC&kategoria=85 331 pól
[2026-09-13 16:21:32] rysowanie pól               2 ms  /ridemore/rowerzysta/historical?rzadkosc=EPIC&kategoria=85 331 pól
[2026-09-13 16:21:32] cykl mapy                2 178 ms  /ridemore/rowerzysta/historical?rzadkosc=EPIC&kategoria=85 20 zadań
[2026-09-13 16:21:32] podkład mapy              131 ms  /ridemore/rowerzysta/historical?rzadkosc=EPIC&kategoria=85 18/18 kafli
[2026-09-13 16:21:32] trasy ukończone           395 ms  /ridemore/rowerzysta/historical?rzadkosc=EPIC&kategoria=85 34/42 kafli
[2026-09-13 16:21:32] trasy nieukończone        407 ms  /ridemore/rowerzysta/historical?rzadkosc=EPIC&kategoria=85 24/42 kafli
[2026-09-13 16:21:32] podkład mapy              155 ms  /ridemore/rowerzysta/historical?rzadkosc=EPIC&kategoria=85 24/24 kafli
[2026-09-13 16:21:32] skarby w kadrze            186 ms  /ridemore/rowerzysta/historical?rzadkosc=EPIC&kategoria=85 13 pinezek
[2026-09-13 16:21:32] pola odkryć               202 ms  /ridemore/rowerzysta/historical?rzadkosc=EPIC&kategoria=85 81 pól
[2026-09-13 16:21:32] rysowanie pól               2 ms  /ridemore/rowerzysta/historical?rzadkosc=EPIC&kategoria=85 81 pól
[2026-09-13 16:21:32] ślady przejazdów         884 ms  /ridemore/rowerzysta/historical?rzadkosc=EPIC&kategoria=85 24/42 kafli
[2026-09-13 16:21:32] skarby w kadrze            372 ms  /ridemore/rowerzysta/historical?rzadkosc=EPIC&kategoria=85 13 pinezek
[2026-09-13 16:21:32] pola odkryć               375 ms  /ridemore/rowerzysta/historical?rzadkosc=EPIC&kategoria=85 81 pól
[2026-09-13 16:21:32] rysowanie pól               1 ms  /ridemore/rowerzysta/historical?rzadkosc=EPIC&kategoria=85 81 pól
[2026-09-13 16:21:32] cykl mapy                  901 ms  /ridemore/rowerzysta/historical?rzadkosc=EPIC&kategoria=85 11 zadań
[2026-09-13 16:21:32] podkład mapy               84 ms  /ridemore/rowerzysta/historical?rzadkosc=EPIC&kategoria=85 3/3 kafli
[2026-09-13 16:21:32] cykl mapy                   84 ms  /ridemore/rowerzysta/historical?rzadkosc=EPIC&kategoria=85 1 zadań
[2026-09-13 16:21:32] podkład mapy               65 ms  /ridemore/rowerzysta/historical?rzadkosc=EPIC&kategoria=85 1/1 kafli
[2026-09-13 16:21:32] cykl mapy                   65 ms  /ridemore/rowerzysta/historical?rzadkosc=EPIC&kategoria=85 1 zadań
[2026-09-13 16:21:39] skarby w kadrze             31 ms  /ridemore/rowerzysta/historical?rzadkosc=EPIC&kategoria=85 13 pinezek
[2026-09-13 16:21:39] pola odkryć                51 ms  /ridemore/rowerzysta/historical?rzadkosc=EPIC&kategoria=85 81 pól
[2026-09-13 16:21:39] rysowanie pól               1 ms  /ridemore/rowerzysta/historical?rzadkosc=EPIC&kategoria=85 81 pól
[2026-09-13 16:21:39] trasy ukończone           165 ms  /ridemore/rowerzysta/historical?rzadkosc=EPIC&kategoria=85 4/4 kafli
[2026-09-13 16:21:39] trasy nieukończone        230 ms  /ridemore/rowerzysta/historical?rzadkosc=EPIC&kategoria=85 4/4 kafli
[2026-09-13 16:21:39] ślady przejazdów         316 ms  /ridemore/rowerzysta/historical?rzadkosc=EPIC&kategoria=85 4/4 kafli
[2026-09-13 16:21:39] cykl mapy                  317 ms  /ridemore/rowerzysta/historical?rzadkosc=EPIC&kategoria=85 6 zadań
[2026-09-13 16:21:39] skarby w kadrze             40 ms  /ridemore/rowerzysta/historical?rzadkosc=EPIC&kategoria=85 2 pinezek
[2026-09-13 16:21:39] pola odkryć                56 ms  /ridemore/rowerzysta/historical?rzadkosc=EPIC&kategoria=85 147 pól
[2026-09-13 16:21:39] rysowanie pól               2 ms  /ridemore/rowerzysta/historical?rzadkosc=EPIC&kategoria=85 147 pól
[2026-09-13 16:21:39] podkład mapy              128 ms  /ridemore/rowerzysta/historical?rzadkosc=EPIC&kategoria=85 18/18 kafli
[2026-09-13 16:21:39] trasy ukończone           244 ms  /ridemore/rowerzysta/historical?rzadkosc=EPIC&kategoria=85 18/18 kafli
[2026-09-13 16:21:39] trasy nieukończone        387 ms  /ridemore/rowerzysta/historical?rzadkosc=EPIC&kategoria=85 13/19 kafli
[2026-09-13 16:21:39] pola odkryć               286 ms  /ridemore/rowerzysta/historical?rzadkosc=EPIC&kategoria=85 147 pól
[2026-09-13 16:21:39] rysowanie pól               2 ms  /ridemore/rowerzysta/historical?rzadkosc=EPIC&kategoria=85 147 pól
[2026-09-13 16:21:39] pola odkryć                47 ms  /ridemore/rowerzysta/historical?rzadkosc=EPIC&kategoria=85 0 pól
[2026-09-13 16:21:39] rysowanie pól               1 ms  /ridemore/rowerzysta/historical?rzadkosc=EPIC&kategoria=85 0 pól
[2026-09-13 16:21:39] skarby w kadrze             48 ms  /ridemore/rowerzysta/historical?rzadkosc=EPIC&kategoria=85 1 pinezek
[2026-09-13 16:21:39] podkład mapy              222 ms  /ridemore/rowerzysta/historical?rzadkosc=EPIC&kategoria=85 24/24 kafli
[2026-09-13 16:21:39] trasy ukończone           529 ms  /ridemore/rowerzysta/historical?rzadkosc=EPIC&kategoria=85 24/24 kafli
[2026-09-13 16:21:43] trasy nieukończone        980 ms  /ridemore/rowerzysta/historical?rzadkosc=EPIC&kategoria=85 24/24 kafli
[2026-09-13 16:21:43] ślady przejazdów       2 128 ms  /ridemore/rowerzysta/historical?rzadkosc=EPIC&kategoria=85 27/46 kafli
[2026-09-13 16:21:43] pola odkryć             1 250 ms  /ridemore/rowerzysta/historical?rzadkosc=EPIC&kategoria=85 0 pól
[2026-09-13 16:21:43] rysowanie pól               0 ms  /ridemore/rowerzysta/historical?rzadkosc=EPIC&kategoria=85 0 pól
[2026-09-13 16:21:43] skarby w kadrze          1 250 ms  /ridemore/rowerzysta/historical?rzadkosc=EPIC&kategoria=85 1 pinezek
[2026-09-13 16:21:43] cykl mapy                2 151 ms  /ridemore/rowerzysta/historical?rzadkosc=EPIC&kategoria=85 19 zadań
[2026-09-13 16:23:07] podkład mapy              221 ms  /ridemore/odkrycia           24/24 kafli
[2026-09-13 16:23:07] skarby w kadrze            241 ms  /ridemore/odkrycia           32 pinezek
[2026-09-13 16:23:07] pola odkryć               241 ms  /ridemore/odkrycia           81 pól
[2026-09-13 16:23:07] rysowanie pól               4 ms  /ridemore/odkrycia           81 pól
[2026-09-13 16:23:07] trasy ukończone           276 ms  /ridemore/odkrycia           24/24 kafli
[2026-09-13 16:23:07] trasy nieukończone        290 ms  /ridemore/odkrycia           24/24 kafli
[2026-09-13 16:23:07] ślady przejazdów         699 ms  /ridemore/odkrycia           24/24 kafli
[2026-09-13 16:23:07] cykl mapy                  706 ms  /ridemore/odkrycia           8 zadań
[2026-09-13 16:23:11] podkład mapy               97 ms  /ridemore/trasy/szlak-testowy 24/24 kafli
[2026-09-13 16:23:11] ślady przejazdów         107 ms  /ridemore/trasy/szlak-testowy 24/24 kafli
[2026-09-13 16:23:11] skarby w kadrze            144 ms  /ridemore/trasy/szlak-testowy 11 pinezek
[2026-09-13 16:23:11] pola odkryć               148 ms  /ridemore/trasy/szlak-testowy 118 pól
[2026-09-13 16:23:11] rysowanie pól               3 ms  /ridemore/trasy/szlak-testowy 118 pól
[2026-09-13 16:23:11] cykl mapy                  170 ms  /ridemore/trasy/szlak-testowy 6 zadań
[2026-09-13 16:23:20] podkład mapy              138 ms  /ridemore/rowerzysta/historical 18/18 kafli
[2026-09-13 16:23:20] trasy ukończone           140 ms  /ridemore/rowerzysta/historical 18/18 kafli
[2026-09-13 16:23:20] trasy nieukończone        141 ms  /ridemore/rowerzysta/historical 18/18 kafli
[2026-09-13 16:23:20] skarby w kadrze            144 ms  /ridemore/rowerzysta/historical 0 pinezek
[2026-09-13 16:23:20] pola odkryć               124 ms  /ridemore/rowerzysta/historical 170 pól
[2026-09-13 16:23:20] rysowanie pól               7 ms  /ridemore/rowerzysta/historical 170 pól
[2026-09-13 16:23:20] ślady przejazdów         481 ms  /ridemore/rowerzysta/historical 18/18 kafli
[2026-09-13 16:23:20] cykl mapy                  488 ms  /ridemore/rowerzysta/historical 8 zadań
[2026-09-13 16:23:33] ślady przejazdów         108 ms  /ridemore/trasy/szlak-testowy 24/24 kafli
[2026-09-13 16:23:33] podkład mapy              117 ms  /ridemore/trasy/szlak-testowy 24/24 kafli
[2026-09-13 16:23:33] skarby w kadrze            150 ms  /ridemore/trasy/szlak-testowy 11 pinezek
[2026-09-13 16:23:33] pola odkryć               145 ms  /ridemore/trasy/szlak-testowy 118 pól
[2026-09-13 16:23:33] rysowanie pól               3 ms  /ridemore/trasy/szlak-testowy 118 pól
[2026-09-13 16:23:33] cykl mapy                  167 ms  /ridemore/trasy/szlak-testowy 6 zadań
[2026-09-13 16:24:38] ślady przejazdów         103 ms  /ridemore/trasy/szlak-testowy 24/24 kafli
[2026-09-13 16:24:38] podkład mapy              108 ms  /ridemore/trasy/szlak-testowy 24/24 kafli
[2026-09-13 16:24:38] skarby w kadrze            111 ms  /ridemore/trasy/szlak-testowy 11 pinezek
[2026-09-13 16:24:38] pola odkryć                97 ms  /ridemore/trasy/szlak-testowy 118 pól
[2026-09-13 16:24:38] rysowanie pól               3 ms  /ridemore/trasy/szlak-testowy 118 pól
[2026-09-13 16:24:38] cykl mapy                  123 ms  /ridemore/trasy/szlak-testowy 6 zadań
[2026-09-13 16:24:56] ślady przejazdów          35 ms  /ridemore/trasy/szlak-testowy 18/18 kafli
[2026-09-13 16:24:56] podkład mapy              228 ms  /ridemore/trasy/szlak-testowy 18/30 kafli
[2026-09-13 16:24:56] skarby w kadrze             25 ms  /ridemore/trasy/szlak-testowy 9 pinezek
[2026-09-13 16:24:56] pola odkryć                29 ms  /ridemore/trasy/szlak-testowy 127 pól
[2026-09-13 16:24:56] rysowanie pól               0 ms  /ridemore/trasy/szlak-testowy 127 pól
[2026-09-13 16:24:56] cykl mapy                  233 ms  /ridemore/trasy/szlak-testowy 5 zadań
[2026-09-13 16:24:57] pola odkryć                29 ms  /ridemore/trasy/szlak-testowy 118 pól
[2026-09-13 16:24:57] rysowanie pól               2 ms  /ridemore/trasy/szlak-testowy 118 pól
[2026-09-13 16:24:57] skarby w kadrze             39 ms  /ridemore/trasy/szlak-testowy 10 pinezek
[2026-09-13 16:24:57] cykl mapy                   41 ms  /ridemore/trasy/szlak-testowy 3 zadań
[2026-09-13 16:24:57] pola odkryć                23 ms  /ridemore/trasy/szlak-testowy 118 pól
[2026-09-13 16:24:57] rysowanie pól               2 ms  /ridemore/trasy/szlak-testowy 118 pól
[2026-09-13 16:24:57] skarby w kadrze             41 ms  /ridemore/trasy/szlak-testowy 10 pinezek
[2026-09-13 16:24:57] cykl mapy                   41 ms  /ridemore/trasy/szlak-testowy 3 zadań
[2026-09-13 16:25:10] podkład mapy               96 ms  /ridemore/trasy/szlak-testowy 6/6 kafli
[2026-09-13 16:25:10] cykl mapy                   96 ms  /ridemore/trasy/szlak-testowy 1 zadań
[2026-09-13 16:25:10] ślady przejazdów          35 ms  /ridemore/trasy/szlak-testowy 6/6 kafli
[2026-09-13 16:25:10] skarby w kadrze             51 ms  /ridemore/trasy/szlak-testowy 10 pinezek
[2026-09-13 16:25:10] pola odkryć                56 ms  /ridemore/trasy/szlak-testowy 127 pól
[2026-09-13 16:25:10] rysowanie pól               0 ms  /ridemore/trasy/szlak-testowy 127 pól
[2026-09-13 16:25:10] cykl mapy                   58 ms  /ridemore/trasy/szlak-testowy 4 zadań
[2026-09-13 16:25:10] skarby w kadrze             38 ms  /ridemore/trasy/szlak-testowy 9 pinezek
[2026-09-13 16:25:10] pola odkryć                42 ms  /ridemore/trasy/szlak-testowy 127 pól
[2026-09-13 16:25:10] rysowanie pól               0 ms  /ridemore/trasy/szlak-testowy 127 pól
[2026-09-13 16:25:10] cykl mapy                   42 ms  /ridemore/trasy/szlak-testowy 3 zadań
[2026-09-13 16:25:55] podkład mapy               65 ms  /ridemore/trasy/szlak-testowy 24/41 kafli
[2026-09-13 16:25:55] ślady przejazdów          66 ms  /ridemore/trasy/szlak-testowy 24/24 kafli
[2026-09-13 16:25:55] pola odkryć                68 ms  /ridemore/trasy/szlak-testowy 127 pól
[2026-09-13 16:25:55] rysowanie pól               0 ms  /ridemore/trasy/szlak-testowy 127 pól
[2026-09-13 16:25:55] skarby w kadrze             68 ms  /ridemore/trasy/szlak-testowy 10 pinezek
[2026-09-13 16:25:55] cykl mapy                   76 ms  /ridemore/trasy/szlak-testowy 5 zadań
[2026-09-13 16:25:55] skarby w kadrze             40 ms  /ridemore/trasy/szlak-testowy 10 pinezek
[2026-09-13 16:25:55] pola odkryć                45 ms  /ridemore/trasy/szlak-testowy 127 pól
[2026-09-13 16:25:55] rysowanie pól               0 ms  /ridemore/trasy/szlak-testowy 127 pól
[2026-09-13 16:25:55] cykl mapy                   45 ms  /ridemore/trasy/szlak-testowy 3 zadań
[2026-09-13 16:25:58] pola odkryć                46 ms  /ridemore/trasy/szlak-testowy 118 pól
[2026-09-13 16:25:58] rysowanie pól               2 ms  /ridemore/trasy/szlak-testowy 118 pól
[2026-09-13 16:25:58] skarby w kadrze             58 ms  /ridemore/trasy/szlak-testowy 11 pinezek
[2026-09-13 16:25:58] cykl mapy                   59 ms  /ridemore/trasy/szlak-testowy 3 zadań
[2026-09-13 16:25:59] podkład mapy               45 ms  /ridemore/trasy/szlak-testowy 24/24 kafli
[2026-09-13 16:25:59] ślady przejazdów          47 ms  /ridemore/trasy/szlak-testowy 24/24 kafli
[2026-09-13 16:25:59] skarby w kadrze             46 ms  /ridemore/trasy/szlak-testowy 10 pinezek
[2026-09-13 16:25:59] pola odkryć                52 ms  /ridemore/trasy/szlak-testowy 127 pól
[2026-09-13 16:25:59] rysowanie pól               0 ms  /ridemore/trasy/szlak-testowy 127 pól
[2026-09-13 16:25:59] cykl mapy                   58 ms  /ridemore/trasy/szlak-testowy 6 zadań
[2026-09-13 16:26:14] podkład mapy              313 ms  /ridemore/rowerzysta/historical 18/18 kafli
[2026-09-13 16:26:14] trasy ukończone           317 ms  /ridemore/rowerzysta/historical 18/18 kafli
[2026-09-13 16:26:14] trasy nieukończone        318 ms  /ridemore/rowerzysta/historical 18/18 kafli
[2026-09-13 16:26:14] skarby w kadrze            340 ms  /ridemore/rowerzysta/historical 0 pinezek
[2026-09-13 16:26:14] pola odkryć               311 ms  /ridemore/rowerzysta/historical 170 pól
[2026-09-13 16:26:14] rysowanie pól               9 ms  /ridemore/rowerzysta/historical 170 pól
[2026-09-13 16:26:14] ślady przejazdów         454 ms  /ridemore/rowerzysta/historical 18/18 kafli
[2026-09-13 16:26:14] cykl mapy                  461 ms  /ridemore/rowerzysta/historical 8 zadań
[2026-09-13 16:26:21] skarby w kadrze             33 ms  /ridemore/rowerzysta/historical 0 pinezek
[2026-09-13 16:26:21] pola odkryć                38 ms  /ridemore/rowerzysta/historical 160 pól
[2026-09-13 16:26:21] rysowanie pól               3 ms  /ridemore/rowerzysta/historical 160 pól
[2026-09-13 16:26:21] cykl mapy                   41 ms  /ridemore/rowerzysta/historical 3 zadań
[2026-09-13 16:26:21] skarby w kadrze             39 ms  /ridemore/rowerzysta/historical 0 pinezek
[2026-09-13 16:26:21] pola odkryć                47 ms  /ridemore/rowerzysta/historical 160 pól
[2026-09-13 16:26:21] rysowanie pól               3 ms  /ridemore/rowerzysta/historical 160 pól
[2026-09-13 16:26:21] cykl mapy                   51 ms  /ridemore/rowerzysta/historical 3 zadań
[2026-09-13 16:26:48] skarby w kadrze             29 ms  /ridemore/trasy/szlak-testowy 10 pinezek
[2026-09-13 16:26:48] pola odkryć                69 ms  /ridemore/trasy/szlak-testowy 127 pól
[2026-09-13 16:26:48] rysowanie pól               0 ms  /ridemore/trasy/szlak-testowy 127 pól
[2026-09-13 16:26:48] cykl mapy                   69 ms  /ridemore/trasy/szlak-testowy 3 zadań
[2026-09-13 16:27:15] ślady przejazdów         267 ms  /ridemore/trasy/szlak-testowy 24/24 kafli
[2026-09-13 16:27:15] podkład mapy              275 ms  /ridemore/trasy/szlak-testowy 24/24 kafli
[2026-09-13 16:27:15] skarby w kadrze            289 ms  /ridemore/trasy/szlak-testowy 10 pinezek
[2026-09-13 16:27:15] pola odkryć               273 ms  /ridemore/trasy/szlak-testowy 118 pól
[2026-09-13 16:27:15] rysowanie pól               5 ms  /ridemore/trasy/szlak-testowy 118 pól
[2026-09-13 16:27:15] cykl mapy                  309 ms  /ridemore/trasy/szlak-testowy 6 zadań
[2026-09-13 16:27:29] podkład mapy              505 ms  /ridemore/rowerzysta/historical 15/15 kafli
[2026-09-13 16:27:29] trasy ukończone           513 ms  /ridemore/rowerzysta/historical 15/15 kafli
[2026-09-13 16:27:29] trasy nieukończone        513 ms  /ridemore/rowerzysta/historical 15/15 kafli
[2026-09-13 16:27:29] skarby w kadrze            514 ms  /ridemore/rowerzysta/historical 0 pinezek
[2026-09-13 16:27:29] pola odkryć               465 ms  /ridemore/rowerzysta/historical 160 pól
[2026-09-13 16:27:29] rysowanie pól               6 ms  /ridemore/rowerzysta/historical 160 pól
[2026-09-13 16:27:29] ślady przejazdów         592 ms  /ridemore/rowerzysta/historical 15/15 kafli
[2026-09-13 16:27:29] cykl mapy                  605 ms  /ridemore/rowerzysta/historical 8 zadań
[2026-09-13 16:27:29] podkład mapy               15 ms  /ridemore/rowerzysta/historical 3/3 kafli
[2026-09-13 16:27:29] trasy ukończone            15 ms  /ridemore/rowerzysta/historical 3/3 kafli
[2026-09-13 16:27:29] trasy nieukończone         18 ms  /ridemore/rowerzysta/historical 3/3 kafli
[2026-09-13 16:27:29] skarby w kadrze             19 ms  /ridemore/rowerzysta/historical 0 pinezek
[2026-09-13 16:27:29] pola odkryć                27 ms  /ridemore/rowerzysta/historical 170 pól
[2026-09-13 16:27:29] rysowanie pól               3 ms  /ridemore/rowerzysta/historical 170 pól
[2026-09-13 16:27:29] ślady przejazdów         113 ms  /ridemore/rowerzysta/historical 3/3 kafli
[2026-09-13 16:27:29] cykl mapy                  114 ms  /ridemore/rowerzysta/historical 7 zadań
[2026-09-13 16:29:23] skarby w kadrze             29 ms  /ridemore/rowerzysta/historical 0 pinezek
[2026-09-13 16:29:23] trasy ukończone            48 ms  /ridemore/rowerzysta/historical 18/35 kafli
[2026-09-13 16:29:23] trasy nieukończone         58 ms  /ridemore/rowerzysta/historical 18/35 kafli
[2026-09-13 16:29:23] pola odkryć                43 ms  /ridemore/rowerzysta/historical 160 pól
[2026-09-13 16:29:23] rysowanie pól               8 ms  /ridemore/rowerzysta/historical 160 pól
[2026-09-13 16:29:23] ślady przejazdów          69 ms  /ridemore/rowerzysta/historical 18/35 kafli
[2026-09-13 16:29:23] podkład mapy              293 ms  /ridemore/rowerzysta/historical 18/35 kafli
[2026-09-13 16:29:23] skarby w kadrze             30 ms  /ridemore/rowerzysta/historical 0 pinezek
[2026-09-13 16:29:23] pola odkryć                30 ms  /ridemore/rowerzysta/historical 160 pól
[2026-09-13 16:29:23] rysowanie pól               4 ms  /ridemore/rowerzysta/historical 160 pól
[2026-09-13 16:29:23] cykl mapy                  301 ms  /ridemore/rowerzysta/historical 10 zadań
[2026-09-13 16:29:38] podkład mapy               39 ms  /ridemore/rowerzysta/historical?v=2 18/18 kafli
[2026-09-13 16:29:38] trasy ukończone            37 ms  /ridemore/rowerzysta/historical?v=2 18/18 kafli
[2026-09-13 16:29:38] trasy nieukończone         33 ms  /ridemore/rowerzysta/historical?v=2 18/18 kafli
[2026-09-13 16:29:38] ślady przejazdów          30 ms  /ridemore/rowerzysta/historical?v=2 18/18 kafli
[2026-09-13 16:29:38] skarby w kadrze             98 ms  /ridemore/rowerzysta/historical?v=2 0 pinezek
[2026-09-13 16:29:38] pola odkryć               105 ms  /ridemore/rowerzysta/historical?v=2 160 pól
[2026-09-13 16:29:38] rysowanie pól              11 ms  /ridemore/rowerzysta/historical?v=2 160 pól
[2026-09-13 16:29:38] cykl mapy                  134 ms  /ridemore/rowerzysta/historical?v=2 8 zadań
[2026-09-13 16:29:50] skarby w kadrze             16 ms  /ridemore/rowerzysta/historical?v=2 0 pinezek
[2026-09-13 16:29:50] pola odkryć                26 ms  /ridemore/rowerzysta/historical?v=2 160 pól
[2026-09-13 16:29:50] rysowanie pól               5 ms  /ridemore/rowerzysta/historical?v=2 160 pól
[2026-09-13 16:29:50] cykl mapy                   31 ms  /ridemore/rowerzysta/historical?v=2 3 zadań
[2026-09-13 16:32:25] trasy ukończone           185 ms  /ridemore/rowerzysta/historical 18/18 kafli
[2026-09-13 16:32:25] trasy nieukończone        247 ms  /ridemore/rowerzysta/historical 18/18 kafli
[2026-09-13 16:32:25] skarby w kadrze            240 ms  /ridemore/rowerzysta/historical 0 pinezek
[2026-09-13 16:32:25] pola odkryć               218 ms  /ridemore/rowerzysta/historical 170 pól
[2026-09-13 16:32:25] rysowanie pól              11 ms  /ridemore/rowerzysta/historical 170 pól
[2026-09-13 16:32:25] podkład mapy              549 ms  /ridemore/rowerzysta/historical 18/18 kafli
[2026-09-13 16:32:25] ślady przejazdów         542 ms  /ridemore/rowerzysta/historical 18/18 kafli
[2026-09-13 16:32:25] cykl mapy                  552 ms  /ridemore/rowerzysta/historical 8 zadań
[2026-09-13 16:32:34] podkład mapy              141 ms  /ridemore/odkrycia?mapa=spolecznosc 24/24 kafli
[2026-09-13 16:32:34] skarby w kadrze            135 ms  /ridemore/odkrycia?mapa=spolecznosc 32 pinezek
[2026-09-13 16:32:34] znane trasy                178 ms  /ridemore/odkrycia?mapa=spolecznosc 24/24 kafli
[2026-09-13 16:32:34] pola odkryć               197 ms  /ridemore/odkrycia?mapa=spolecznosc 81 pól
[2026-09-13 16:32:34] rysowanie pól               2 ms  /ridemore/odkrycia?mapa=spolecznosc 81 pól
[2026-09-13 16:32:34] ślady przejazdów         235 ms  /ridemore/odkrycia?mapa=spolecznosc 24/24 kafli
[2026-09-13 16:32:34] cykl mapy                  242 ms  /ridemore/odkrycia?mapa=spolecznosc 7 zadań
[2026-09-13 16:32:46] podkład mapy              146 ms  /ridemore/rowerzysta/historical 18/18 kafli
[2026-09-13 16:32:46] trasy ukończone           146 ms  /ridemore/rowerzysta/historical 18/18 kafli
[2026-09-13 16:32:46] trasy nieukończone        147 ms  /ridemore/rowerzysta/historical 18/18 kafli
[2026-09-13 16:32:46] skarby w kadrze            149 ms  /ridemore/rowerzysta/historical 0 pinezek
[2026-09-13 16:32:46] pola odkryć               130 ms  /ridemore/rowerzysta/historical 170 pól
[2026-09-13 16:32:46] rysowanie pól               7 ms  /ridemore/rowerzysta/historical 170 pól
[2026-09-13 16:32:46] ślady przejazdów         426 ms  /ridemore/rowerzysta/historical 18/18 kafli
[2026-09-13 16:32:46] cykl mapy                  431 ms  /ridemore/rowerzysta/historical 8 zadań
[2026-09-14 20:00:25] podkład mapy              258 ms  /ridemore/rowerzysta/historical 18/18 kafli
[2026-09-14 20:00:25] trasy ukończone           260 ms  /ridemore/rowerzysta/historical 18/18 kafli
[2026-09-14 20:00:25] trasy nieukończone        260 ms  /ridemore/rowerzysta/historical 18/18 kafli
[2026-09-14 20:00:25] pola odkryć               240 ms  /ridemore/rowerzysta/historical 128 pól
[2026-09-14 20:00:25] rysowanie pól              10 ms  /ridemore/rowerzysta/historical 128 pól
[2026-09-14 20:00:25] skarby w kadrze            279 ms  /ridemore/rowerzysta/historical 0 pinezek
[2026-09-14 20:00:25] ślady przejazdów         692 ms  /ridemore/rowerzysta/historical 18/18 kafli
[2026-09-14 20:00:25] cykl mapy                  711 ms  /ridemore/rowerzysta/historical 8 zadań
[2026-09-14 20:02:26] skarby w kadrze            289 ms  /ridemore/rowerzysta/dawid   0 pinezek
[2026-09-14 20:02:26] podkład mapy              582 ms  /ridemore/rowerzysta/dawid   24/21 kafli
[2026-09-14 20:02:26] wolne żądanie          1 511 ms  /ridemore/rowerzysta/dawid   /ridemore/assets/tiles/slady/kd-dawid/6/33/19.png?v=1
[2026-09-14 20:02:26] wolne żądanie          1 552 ms  /ridemore/rowerzysta/dawid   /ridemore/assets/tiles/slady/kn-dawid/6/36/20.png?v=1
[2026-09-14 20:02:26] wolne żądanie          1 594 ms  /ridemore/rowerzysta/dawid   /ridemore/assets/tiles/slady/kd-dawid/6/36/19.png?v=1
[2026-09-14 20:02:26] wolne żądanie          1 643 ms  /ridemore/rowerzysta/dawid   /ridemore/assets/tiles/slady/kn-dawid/6/32/19.png?v=1
[2026-09-14 20:02:26] wolne żądanie          1 686 ms  /ridemore/rowerzysta/dawid   /ridemore/assets/tiles/slady/kd-dawid/6/33/21.png?v=1
[2026-09-14 20:02:26] wolne żądanie          1 730 ms  /ridemore/rowerzysta/dawid   /ridemore/assets/tiles/slady/kd-dawid/6/36/20.png?v=1
[2026-09-14 20:02:26] wolne żądanie          1 781 ms  /ridemore/rowerzysta/dawid   /ridemore/assets/tiles/slady/kn-dawid/6/32/20.png?v=1
[2026-09-14 20:02:26] wolne żądanie          1 810 ms  /ridemore/rowerzysta/dawid   /ridemore/assets/tiles/slady/kd-dawid/6/37/21.png?v=1
[2026-09-14 20:02:26] wolne żądanie          1 850 ms  /ridemore/rowerzysta/dawid   /ridemore/assets/tiles/slady/u-dawid/6/36/19.png?v=1
[2026-09-14 20:02:26] wolne żądanie          1 894 ms  /ridemore/rowerzysta/dawid   /ridemore/assets/tiles/slady/kn-dawid/6/34/21.png?v=1
[2026-09-14 20:02:26] wolne żądanie          1 912 ms  /ridemore/rowerzysta/dawid   /ridemore/assets/tiles/slady/u-dawid/6/32/22.png?v=1
[2026-09-14 20:02:26] wolne żądanie          1 937 ms  /ridemore/rowerzysta/dawid   /ridemore/assets/tiles/slady/u-dawid/6/37/20.png?v=1
[2026-09-14 20:02:26] wolne żądanie          1 975 ms  /ridemore/rowerzysta/dawid   /ridemore/assets/tiles/slady/u-dawid/6/32/19.png?v=1
[2026-09-14 20:02:26] wolne żądanie          2 013 ms  /ridemore/rowerzysta/dawid   /ridemore/assets/tiles/slady/kn-dawid/6/32/21.png?v=1
[2026-09-14 20:02:26] wolne żądanie          2 052 ms  /ridemore/rowerzysta/dawid   /ridemore/assets/tiles/slady/u-dawid/6/37/21.png?v=1
[2026-09-14 20:02:26] wolne żądanie          2 084 ms  /ridemore/rowerzysta/dawid   /ridemore/assets/tiles/slady/u-dawid/6/33/21.png?v=1
[2026-09-14 20:02:26] wolne żądanie          2 122 ms  /ridemore/rowerzysta/dawid   /ridemore/assets/tiles/slady/kn-dawid/6/34/20.png?v=1
[2026-09-14 20:02:26] wolne żądanie          2 167 ms  /ridemore/rowerzysta/dawid   /ridemore/assets/tiles/slady/kn-dawid/6/36/21.png?v=1
[2026-09-14 20:02:26] wolne żądanie          2 195 ms  /ridemore/rowerzysta/dawid   /ridemore/assets/tiles/slady/u-dawid/6/36/21.png?v=1
[2026-09-14 20:02:26] wolne żądanie          2 237 ms  /ridemore/rowerzysta/dawid   /ridemore/assets/tiles/slady/kd-dawid/6/32/19.png?v=1
[2026-09-14 20:02:26] wolne żądanie          2 271 ms  /ridemore/rowerzysta/dawid   /ridemore/assets/tiles/slady/u-dawid/6/33/19.png?v=1
[2026-09-14 20:02:26] wolne żądanie          2 320 ms  /ridemore/rowerzysta/dawid   /ridemore/assets/tiles/slady/u-dawid/6/34/21.png?v=1
[2026-09-14 20:02:26] wolne żądanie          2 360 ms  /ridemore/rowerzysta/dawid   /ridemore/assets/tiles/slady/kn-dawid/6/34/19.png?v=1
[2026-09-14 20:02:26] wolne żądanie          2 379 ms  /ridemore/rowerzysta/dawid   /ridemore/assets/tiles/slady/kn-dawid/6/37/19.png?v=1
[2026-09-14 20:02:26] wolne żądanie          2 410 ms  /ridemore/rowerzysta/dawid   /ridemore/assets/tiles/slady/u-dawid/6/33/20.png?v=1
[2026-09-14 20:02:26] wolne żądanie          2 441 ms  /ridemore/rowerzysta/dawid   /ridemore/assets/tiles/slady/u-dawid/6/32/21.png?v=1
[2026-09-14 20:02:26] ślady przejazdów       2 458 ms  /ridemore/rowerzysta/dawid   24/21 kafli
[2026-09-14 20:02:26] wolne żądanie          2 492 ms  /ridemore/rowerzysta/dawid   /ridemore/assets/tiles/slady/kn-dawid/6/35/19.png?v=1
[2026-09-14 20:02:26] wolne żądanie          2 535 ms  /ridemore/rowerzysta/dawid   /ridemore/assets/tiles/slady/kn-dawid/6/33/20.png?v=1
[2026-09-14 20:02:26] wolne żądanie          2 570 ms  /ridemore/rowerzysta/dawid   /ridemore/assets/tiles/slady/kd-dawid/6/32/20.png?v=1
[2026-09-14 20:02:26] wolne żądanie          2 613 ms  /ridemore/rowerzysta/dawid   /ridemore/assets/tiles/slady/kd-dawid/6/33/22.png?v=1
[2026-09-14 20:02:26] wolne żądanie          2 664 ms  /ridemore/rowerzysta/dawid   /ridemore/assets/tiles/slady/kn-dawid/6/32/22.png?v=1
[2026-09-14 20:02:26] wolne żądanie          2 694 ms  /ridemore/rowerzysta/dawid   /ridemore/assets/tiles/slady/kn-dawid/6/37/21.png?v=1
[2026-09-14 20:02:26] wolne żądanie          2 722 ms  /ridemore/rowerzysta/dawid   /ridemore/assets/tiles/slady/kd-dawid/6/37/20.png?v=1
[2026-09-14 20:02:26] trasy ukończone         2 743 ms  /ridemore/rowerzysta/dawid   24/21 kafli
[2026-09-14 20:02:26] wolne żądanie          2 754 ms  /ridemore/rowerzysta/dawid   /ridemore/assets/tiles/slady/kn-dawid/6/37/22.png?v=1
[2026-09-14 20:02:26] trasy nieukończone      2 775 ms  /ridemore/rowerzysta/dawid   24/21 kafli
[2026-09-14 20:02:26] pola odkryć             2 526 ms  /ridemore/rowerzysta/dawid   0 pól
[2026-09-14 20:02:26] rysowanie pól               2 ms  /ridemore/rowerzysta/dawid   0 pól
[2026-09-14 20:02:26] cykl mapy                2 796 ms  /ridemore/rowerzysta/dawid   7 zadań
[2026-09-14 20:02:26] wolne żądanie          2 524 ms  /ridemore/rowerzysta/dawid   /ridemore/api/discovery/cells?scope=rider&slug=dawid&zoom=6&north=56.389583525613055&south=47.12995075666307&east=33.20068359375001&west=5.383300781250001
[2026-09-14 20:02:37] skarby w kadrze             67 ms  /ridemore/rowerzysta/dawid   0 pinezek
[2026-09-14 20:02:37] pola odkryć                68 ms  /ridemore/rowerzysta/dawid   0 pól
[2026-09-14 20:02:37] rysowanie pól               1 ms  /ridemore/rowerzysta/dawid   0 pól
[2026-09-14 20:02:37] podkład mapy              298 ms  /ridemore/rowerzysta/dawid   18/18 kafli
[2026-09-14 20:02:37] pola odkryć               191 ms  /ridemore/rowerzysta/dawid   0 pól
[2026-09-14 20:02:37] rysowanie pól               1 ms  /ridemore/rowerzysta/dawid   0 pól
[2026-09-14 20:02:37] skarby w kadrze            196 ms  /ridemore/rowerzysta/dawid   0 pinezek
[2026-09-14 20:02:37] wolne żądanie          1 536 ms  /ridemore/rowerzysta/dawid   /ridemore/assets/tiles/slady/kd-dawid/8/140/85.png?v=1
[2026-09-14 20:02:37] wolne żądanie          1 586 ms  /ridemore/rowerzysta/dawid   /ridemore/assets/tiles/slady/kn-dawid/8/142/83.png?v=1
[2026-09-14 20:02:37] wolne żądanie          1 631 ms  /ridemore/rowerzysta/dawid   /ridemore/assets/tiles/slady/kn-dawid/8/140/85.png?v=1
[2026-09-14 20:02:37] wolne żądanie          1 666 ms  /ridemore/rowerzysta/dawid   /ridemore/assets/tiles/slady/kn-dawid/8/143/83.png?v=1
[2026-09-14 20:02:37] wolne żądanie          1 707 ms  /ridemore/rowerzysta/dawid   /ridemore/assets/tiles/slady/kd-dawid/8/144/85.png?v=1
[2026-09-14 20:02:37] wolne żądanie          1 743 ms  /ridemore/rowerzysta/dawid   /ridemore/assets/tiles/slady/kn-dawid/8/141/83.png?v=1
[2026-09-14 20:02:37] wolne żądanie          1 784 ms  /ridemore/rowerzysta/dawid   /ridemore/assets/tiles/slady/u-dawid/8/141/83.png?v=1
[2026-09-14 20:02:37] wolne żądanie          1 825 ms  /ridemore/rowerzysta/dawid   /ridemore/assets/tiles/slady/kd-dawid/8/139/84.png?v=1
[2026-09-14 20:02:37] trasy ukończone         1 841 ms  /ridemore/rowerzysta/dawid   18/18 kafli
[2026-09-14 20:02:37] wolne żądanie          1 863 ms  /ridemore/rowerzysta/dawid   /ridemore/assets/tiles/slady/kn-dawid/8/142/85.png?v=1
[2026-09-14 20:02:37] wolne żądanie          1 910 ms  /ridemore/rowerzysta/dawid   /ridemore/assets/tiles/slady/kn-dawid/8/140/83.png?v=1
[2026-09-14 20:02:37] wolne żądanie          1 934 ms  /ridemore/rowerzysta/dawid   /ridemore/assets/tiles/slady/u-dawid/8/143/84.png?v=1
[2026-09-14 20:02:37] wolne żądanie          1 986 ms  /ridemore/rowerzysta/dawid   /ridemore/assets/tiles/slady/kn-dawid/8/142/84.png?v=1
[2026-09-14 20:02:37] wolne żądanie          2 011 ms  /ridemore/rowerzysta/dawid   /ridemore/assets/tiles/slady/u-dawid/8/142/85.png?v=1
[2026-09-14 20:02:37] wolne żądanie          2 051 ms  /ridemore/rowerzysta/dawid   /ridemore/assets/tiles/slady/kn-dawid/8/139/83.png?v=1
[2026-09-14 20:02:37] trasy nieukończone      2 067 ms  /ridemore/rowerzysta/dawid   18/18 kafli
[2026-09-14 20:02:37] wolne żądanie          2 066 ms  /ridemore/rowerzysta/dawid   /ridemore/assets/tiles/slady/u-dawid/8/139/84.png?v=1
[2026-09-14 20:02:37] wolne żądanie          2 109 ms  /ridemore/rowerzysta/dawid   /ridemore/assets/tiles/slady/u-dawid/8/141/85.png?v=1
[2026-09-14 20:02:37] ślady przejazdów       2 124 ms  /ridemore/rowerzysta/dawid   18/18 kafli
[2026-09-14 20:02:37] cykl mapy                2 132 ms  /ridemore/rowerzysta/dawid   10 zadań
[2026-09-14 20:07:46] podkład mapy              251 ms  /ridemore/rowerzysta/historical 18/18 kafli
[2026-09-14 20:07:46] trasy ukończone           259 ms  /ridemore/rowerzysta/historical 18/18 kafli
[2026-09-14 20:07:46] trasy nieukończone        261 ms  /ridemore/rowerzysta/historical 18/18 kafli
[2026-09-14 20:07:46] skarby w kadrze            267 ms  /ridemore/rowerzysta/historical 0 pinezek
[2026-09-14 20:07:46] pola odkryć               228 ms  /ridemore/rowerzysta/historical 128 pól
[2026-09-14 20:07:46] rysowanie pól               9 ms  /ridemore/rowerzysta/historical 128 pól
[2026-09-14 20:07:46] ślady przejazdów         703 ms  /ridemore/rowerzysta/historical 18/18 kafli
[2026-09-14 20:07:46] cykl mapy                  714 ms  /ridemore/rowerzysta/historical 8 zadań
[2026-09-14 20:08:01] podkład mapy              178 ms  /ridemore/odkrycia           18/18 kafli
[2026-09-14 20:08:01] skarby w kadrze            161 ms  /ridemore/odkrycia           30 pinezek
[2026-09-14 20:08:01] trasy ukończone           213 ms  /ridemore/odkrycia           18/18 kafli
[2026-09-14 20:08:01] pola odkryć               165 ms  /ridemore/odkrycia           81 pól
[2026-09-14 20:08:01] rysowanie pól               7 ms  /ridemore/odkrycia           81 pól
[2026-09-14 20:08:01] trasy nieukończone        246 ms  /ridemore/odkrycia           18/18 kafli
[2026-09-14 20:08:01] ślady przejazdów         883 ms  /ridemore/odkrycia           18/18 kafli
[2026-09-14 20:08:01] cykl mapy                  899 ms  /ridemore/odkrycia           8 zadań
[2026-09-14 20:08:10] ślady przejazdów         147 ms  /ridemore/trasy/jhjh-aqua-velo 18/18 kafli
[2026-09-14 20:08:10] skarby w kadrze            152 ms  /ridemore/trasy/jhjh-aqua-velo 9 pinezek
[2026-09-14 20:08:10] pola odkryć               129 ms  /ridemore/trasy/jhjh-aqua-velo 47 pól
[2026-09-14 20:08:10] rysowanie pól               2 ms  /ridemore/trasy/jhjh-aqua-velo 47 pól
[2026-09-14 20:08:10] podkład mapy              200 ms  /ridemore/trasy/jhjh-aqua-velo 18/18 kafli
[2026-09-14 20:08:10] cykl mapy                  200 ms  /ridemore/trasy/jhjh-aqua-velo 6 zadań
[2026-09-14 20:08:21] ślady przejazdów          17 ms  /ridemore/trasy/jhjh-aqua-velo 18/18 kafli
[2026-09-14 20:08:21] cykl mapy                   17 ms  /ridemore/trasy/jhjh-aqua-velo 1 zadań
[2026-09-14 20:10:07] podkład mapy              172 ms  /ridemore/odkrycia           18/18 kafli
[2026-09-14 20:10:07] skarby w kadrze            173 ms  /ridemore/odkrycia           30 pinezek
[2026-09-14 20:10:07] trasy ukończone           224 ms  /ridemore/odkrycia           18/18 kafli
[2026-09-14 20:10:07] trasy nieukończone        224 ms  /ridemore/odkrycia           18/18 kafli
[2026-09-14 20:10:07] pola odkryć               189 ms  /ridemore/odkrycia           81 pól
[2026-09-14 20:10:07] rysowanie pól               7 ms  /ridemore/odkrycia           81 pól
[2026-09-14 20:10:07] ślady przejazdów         981 ms  /ridemore/odkrycia           18/18 kafli
[2026-09-14 20:10:07] cykl mapy                  993 ms  /ridemore/odkrycia           8 zadań
[2026-09-14 20:12:16] skarby w kadrze             74 ms  /ridemore/rowerzysta/dawid   0 pinezek
[2026-09-14 20:12:16] pola odkryć                77 ms  /ridemore/rowerzysta/dawid   0 pól
[2026-09-14 20:12:16] rysowanie pól               1 ms  /ridemore/rowerzysta/dawid   0 pól
[2026-09-14 20:12:16] podkład mapy               73 ms  /ridemore/rowerzysta/dawid   18/18 kafli
[2026-09-14 20:12:16] trasy ukończone           106 ms  /ridemore/rowerzysta/dawid   18/18 kafli
[2026-09-14 20:12:16] trasy nieukończone        104 ms  /ridemore/rowerzysta/dawid   18/18 kafli
[2026-09-14 20:12:16] ślady przejazdów         118 ms  /ridemore/rowerzysta/dawid   18/18 kafli
[2026-09-14 20:12:16] cykl mapy                  161 ms  /ridemore/rowerzysta/dawid   7 zadań
[2026-09-14 20:12:16] pola odkryć                22 ms  /ridemore/rowerzysta/dawid   0 pól
[2026-09-14 20:12:16] rysowanie pól               1 ms  /ridemore/rowerzysta/dawid   0 pól
[2026-09-14 20:12:16] skarby w kadrze             25 ms  /ridemore/rowerzysta/dawid   0 pinezek
[2026-09-14 20:12:16] cykl mapy                   25 ms  /ridemore/rowerzysta/dawid   3 zadań
[2026-09-14 20:17:20] podkład mapy              370 ms  /ridemore/odkrycia           18/18 kafli
[2026-09-14 20:17:20] skarby w kadrze            378 ms  /ridemore/odkrycia           30 pinezek
[2026-09-14 20:17:20] trasy ukończone           428 ms  /ridemore/odkrycia           18/18 kafli
[2026-09-14 20:17:20] trasy nieukończone        434 ms  /ridemore/odkrycia           18/18 kafli
[2026-09-14 20:17:20] pola odkryć               400 ms  /ridemore/odkrycia           81 pól
[2026-09-14 20:17:20] rysowanie pól               4 ms  /ridemore/odkrycia           81 pól
[2026-09-14 20:17:20] ślady przejazdów         985 ms  /ridemore/odkrycia           18/18 kafli
[2026-09-14 20:17:20] cykl mapy                1 001 ms  /ridemore/odkrycia           8 zadań
[2026-09-14 20:52:34] skarby w kadrze             75 ms  /ridemore/regiony/polska/podkarpackie 23 pinezek
[2026-09-14 20:52:34] pola odkryć                98 ms  /ridemore/regiony/polska/podkarpackie 81 pól
[2026-09-14 20:52:34] rysowanie pól               1 ms  /ridemore/regiony/polska/podkarpackie 81 pól
[2026-09-14 20:52:34] znane trasy                351 ms  /ridemore/regiony/polska/podkarpackie 16/16 kafli
[2026-09-14 20:52:34] podkład mapy              879 ms  /ridemore/regiony/polska/podkarpackie 16/33 kafli
[2026-09-14 20:52:34] cykl mapy                  880 ms  /ridemore/regiony/polska/podkarpackie 5 zadań
[2026-09-14 20:52:42] podkład mapy              154 ms  /ridemore/regiony/polska/podkarpackie 7/7 kafli
[2026-09-14 20:52:42] skarby w kadrze             68 ms  /ridemore/regiony/polska/podkarpackie 23 pinezek
[2026-09-14 20:52:42] pola odkryć                85 ms  /ridemore/regiony/polska/podkarpackie 9 pól
[2026-09-14 20:52:42] rysowanie pól               0 ms  /ridemore/regiony/polska/podkarpackie 9 pól
[2026-09-14 20:52:42] podkład mapy              229 ms  /ridemore/regiony/polska/podkarpackie 16/16 kafli
[2026-09-14 20:52:42] znane trasy                561 ms  /ridemore/regiony/polska/podkarpackie 21/23 kafli
[2026-09-14 20:52:42] skarby w kadrze             64 ms  /ridemore/regiony/polska/podkarpackie 23 pinezek
[2026-09-14 20:52:42] pola odkryć                86 ms  /ridemore/regiony/polska/podkarpackie 9 pól
[2026-09-14 20:52:42] rysowanie pól               1 ms  /ridemore/regiony/polska/podkarpackie 9 pól
[2026-09-14 20:52:42] cykl mapy                  622 ms  /ridemore/regiony/polska/podkarpackie 9 zadań
[2026-09-14 20:53:38] skarby w kadrze             91 ms  /ridemore/regiony/polska/dolnoslaskie 4 pinezek
[2026-09-14 20:53:38] podkład mapy              334 ms  /ridemore/regiony/polska/dolnoslaskie 15/15 kafli
[2026-09-14 20:53:38] pola odkryć               323 ms  /ridemore/regiony/polska/dolnoslaskie 0 pól
[2026-09-14 20:53:38] rysowanie pól               1 ms  /ridemore/regiony/polska/dolnoslaskie 0 pól
[2026-09-14 20:53:38] znane trasy                574 ms  /ridemore/regiony/polska/dolnoslaskie 15/15 kafli
[2026-09-14 20:53:38] cykl mapy                  580 ms  /ridemore/regiony/polska/dolnoslaskie 6 zadań
[2026-09-14 20:53:38] skarby w kadrze             47 ms  /ridemore/regiony/polska/dolnoslaskie 4 pinezek
[2026-09-14 20:53:38] pola odkryć                73 ms  /ridemore/regiony/polska/dolnoslaskie 0 pól
[2026-09-14 20:53:38] rysowanie pól               0 ms  /ridemore/regiony/polska/dolnoslaskie 0 pól
[2026-09-14 20:53:38] cykl mapy                   74 ms  /ridemore/regiony/polska/dolnoslaskie 3 zadań
[2026-09-14 20:53:53] skarby w kadrze            101 ms  /ridemore/regiony/polska/dolnoslaskie 3 pinezek
[2026-09-14 20:53:53] pola odkryć               121 ms  /ridemore/regiony/polska/dolnoslaskie 0 pól
[2026-09-14 20:53:53] rysowanie pól               1 ms  /ridemore/regiony/polska/dolnoslaskie 0 pól
[2026-09-14 20:53:53] cykl mapy                  121 ms  /ridemore/regiony/polska/dolnoslaskie 3 zadań
[2026-09-14 20:53:54] skarby w kadrze             41 ms  /ridemore/regiony/polska/podkarpackie 20 pinezek
[2026-09-14 20:53:54] pola odkryć                83 ms  /ridemore/regiony/polska/podkarpackie 15 pól
[2026-09-14 20:53:54] rysowanie pól               1 ms  /ridemore/regiony/polska/podkarpackie 15 pól
[2026-09-14 20:53:54] podkład mapy              130 ms  /ridemore/regiony/polska/podkarpackie 6/6 kafli
[2026-09-14 20:53:54] znane trasy                352 ms  /ridemore/regiony/polska/podkarpackie 6/6 kafli
[2026-09-14 20:53:54] cykl mapy                  355 ms  /ridemore/regiony/polska/podkarpackie 6 zadań
[2026-09-14 20:53:54] skarby w kadrze            178 ms  /ridemore/regiony/polska/podkarpackie 20 pinezek
[2026-09-14 20:53:54] pola odkryć               190 ms  /ridemore/regiony/polska/podkarpackie 15 pól
[2026-09-14 20:53:54] rysowanie pól               0 ms  /ridemore/regiony/polska/podkarpackie 15 pól
[2026-09-14 20:53:54] cykl mapy                  190 ms  /ridemore/regiony/polska/podkarpackie 3 zadań
[2026-09-14 21:05:42] skarby w kadrze             91 ms  /ridemore/regiony/polska/podkarpackie 23 pinezek
[2026-09-14 21:05:42] pola odkryć               182 ms  /ridemore/regiony/polska/podkarpackie 81 pól
[2026-09-14 21:05:42] rysowanie pól               1 ms  /ridemore/regiony/polska/podkarpackie 81 pól
[2026-09-14 21:05:42] podkład mapy              239 ms  /ridemore/regiony/polska/podkarpackie 16/16 kafli
[2026-09-14 21:05:42] znane trasy                247 ms  /ridemore/regiony/polska/podkarpackie 16/16 kafli
[2026-09-14 21:05:42] cykl mapy                  266 ms  /ridemore/regiony/polska/podkarpackie 6 zadań
[2026-09-14 21:05:46] skarby w kadrze             37 ms  /ridemore/events/3-dniowa-petla-bieszczadzka 5 pinezek
[2026-09-14 21:05:46] pola odkryć                76 ms  /ridemore/events/3-dniowa-petla-bieszczadzka 66 pól
[2026-09-14 21:05:46] rysowanie pól               0 ms  /ridemore/events/3-dniowa-petla-bieszczadzka 66 pól
[2026-09-14 21:05:46] znane trasy                 81 ms  /ridemore/events/3-dniowa-petla-bieszczadzka 10/10 kafli
[2026-09-14 21:05:46] podkład mapy              306 ms  /ridemore/events/3-dniowa-petla-bieszczadzka 10/10 kafli
[2026-09-14 21:05:46] skarby w kadrze             50 ms  /ridemore/events/3-dniowa-petla-bieszczadzka 5 pinezek
[2026-09-14 21:05:46] pola odkryć                59 ms  /ridemore/events/3-dniowa-petla-bieszczadzka 66 pól
[2026-09-14 21:05:46] rysowanie pól               0 ms  /ridemore/events/3-dniowa-petla-bieszczadzka 66 pól
[2026-09-14 21:05:46] cykl mapy                  578 ms  /ridemore/events/3-dniowa-petla-bieszczadzka 10 zadań
[2026-09-14 21:05:46] pola odkryć                41 ms  /ridemore/events/3-dniowa-petla-bieszczadzka 66 pól
[2026-09-14 21:05:46] rysowanie pól               0 ms  /ridemore/events/3-dniowa-petla-bieszczadzka 66 pól
[2026-09-14 21:05:46] skarby w kadrze             63 ms  /ridemore/events/3-dniowa-petla-bieszczadzka 5 pinezek
[2026-09-14 21:05:46] cykl mapy                   64 ms  /ridemore/events/3-dniowa-petla-bieszczadzka 3 zadań
[2026-09-14 21:05:56] podkład mapy               84 ms  /ridemore/regiony/polska/podkarpackie 16/16 kafli
[2026-09-14 21:05:56] znane trasy                 83 ms  /ridemore/regiony/polska/podkarpackie 16/16 kafli
[2026-09-14 21:05:56] skarby w kadrze             92 ms  /ridemore/regiony/polska/podkarpackie 23 pinezek
[2026-09-14 21:05:56] pola odkryć               118 ms  /ridemore/regiony/polska/podkarpackie 81 pól
[2026-09-14 21:05:56] rysowanie pól               1 ms  /ridemore/regiony/polska/podkarpackie 81 pól
[2026-09-14 21:05:56] cykl mapy                  130 ms  /ridemore/regiony/polska/podkarpackie 6 zadań
[2026-09-14 21:05:56] skarby w kadrze             45 ms  /ridemore/regiony/polska/podkarpackie 23 pinezek
[2026-09-14 21:05:56] pola odkryć                71 ms  /ridemore/regiony/polska/podkarpackie 81 pól
[2026-09-14 21:05:56] rysowanie pól               1 ms  /ridemore/regiony/polska/podkarpackie 81 pól
[2026-09-14 21:05:56] cykl mapy                   72 ms  /ridemore/regiony/polska/podkarpackie 3 zadań
[2026-09-14 21:18:24] skarby w kadrze             77 ms  /ridemore/rowerzysta/historical 0 pinezek
[2026-09-14 21:18:24] pola odkryć               288 ms  /ridemore/rowerzysta/historical 133 pól
[2026-09-14 21:18:24] rysowanie pól              43 ms  /ridemore/rowerzysta/historical 133 pól
[2026-09-14 21:18:24] podkład mapy            1 054 ms  /ridemore/rowerzysta/historical 15/15 kafli
[2026-09-14 21:18:24] trasy ukończone         1 152 ms  /ridemore/rowerzysta/historical 15/15 kafli
[2026-09-14 21:18:24] trasy nieukończone      1 236 ms  /ridemore/rowerzysta/historical 15/15 kafli
[2026-09-14 21:18:24] ślady przejazdów       1 317 ms  /ridemore/rowerzysta/historical 15/15 kafli
[2026-09-14 21:18:24] cykl mapy                1 334 ms  /ridemore/rowerzysta/historical 8 zadań
[2026-09-14 21:18:24] skarby w kadrze             23 ms  /ridemore/rowerzysta/historical 0 pinezek
[2026-09-14 21:18:24] pola odkryć                45 ms  /ridemore/rowerzysta/historical 133 pól
[2026-09-14 21:18:24] rysowanie pól               5 ms  /ridemore/rowerzysta/historical 133 pól
[2026-09-14 21:18:24] cykl mapy                   49 ms  /ridemore/rowerzysta/historical 3 zadań
[2026-09-14 21:20:01] skarby w kadrze            219 ms  /ridemore/regiony/polska/warminsko-mazurskie 15 pinezek
[2026-09-14 21:20:01] pola odkryć               187 ms  /ridemore/regiony/polska/warminsko-mazurskie 0 pól
[2026-09-14 21:20:01] rysowanie pól               1 ms  /ridemore/regiony/polska/warminsko-mazurskie 0 pól
[2026-09-14 21:20:01] podkład mapy              643 ms  /ridemore/regiony/polska/warminsko-mazurskie 18/18 kafli
[2026-09-14 21:20:01] cykl mapy                  644 ms  /ridemore/regiony/polska/warminsko-mazurskie 5 zadań
[2026-09-14 21:25:21] skarby w kadrze            116 ms  /ridemore/regiony/polska/podkarpackie 36 pinezek
[2026-09-14 21:25:21] pola odkryć               259 ms  /ridemore/regiony/polska/podkarpackie 15 pól
[2026-09-14 21:25:21] rysowanie pól              24 ms  /ridemore/regiony/polska/podkarpackie 15 pól
[2026-09-14 21:25:21] podkład mapy              585 ms  /ridemore/regiony/polska/podkarpackie 18/18 kafli
[2026-09-14 21:25:21] cykl mapy                  585 ms  /ridemore/regiony/polska/podkarpackie 5 zadań
[2026-09-14 21:28:00] skarby w kadrze             83 ms  /ridemore/regiony/polska/podkarpackie 23 pinezek
[2026-09-14 21:28:00] pola odkryć               187 ms  /ridemore/regiony/polska/podkarpackie 81 pól
[2026-09-14 21:28:00] rysowanie pól               1 ms  /ridemore/regiony/polska/podkarpackie 81 pól
[2026-09-14 21:28:00] podkład mapy              239 ms  /ridemore/regiony/polska/podkarpackie 16/16 kafli
[2026-09-14 21:28:00] znane trasy                262 ms  /ridemore/regiony/polska/podkarpackie 16/16 kafli
[2026-09-14 21:28:00] cykl mapy                  268 ms  /ridemore/regiony/polska/podkarpackie 6 zadań
[2026-09-14 21:28:05] pola odkryć                86 ms  /ridemore/regiony/polska/podkarpackie 81 pól
[2026-09-14 21:28:05] rysowanie pól               1 ms  /ridemore/regiony/polska/podkarpackie 81 pól
[2026-09-14 21:28:05] skarby w kadrze            109 ms  /ridemore/regiony/polska/podkarpackie 23 pinezek
[2026-09-14 21:28:05] cykl mapy                  111 ms  /ridemore/regiony/polska/podkarpackie 3 zadań
[2026-09-14 21:32:29] skarby w kadrze            368 ms  /ridemore/regiony/polska/podkarpackie 36 pinezek
[2026-09-14 21:32:29] pola odkryć               255 ms  /ridemore/regiony/polska/podkarpackie 15 pól
[2026-09-14 21:32:29] rysowanie pól              17 ms  /ridemore/regiony/polska/podkarpackie 15 pól
[2026-09-14 21:32:29] podkład mapy            1 346 ms  /ridemore/regiony/polska/podkarpackie 18/18 kafli
[2026-09-14 21:32:29] cykl mapy                1 347 ms  /ridemore/regiony/polska/podkarpackie 5 zadań
[2026-09-14 21:32:42] podkład mapy              284 ms  /ridemore/regiony/polska/podkarpackie 18/18 kafli
[2026-09-14 21:32:42] skarby w kadrze            120 ms  /ridemore/regiony/polska/podkarpackie 29 pinezek
[2026-09-14 21:32:42] pola odkryć               153 ms  /ridemore/regiony/polska/podkarpackie 81 pól
[2026-09-14 21:32:42] rysowanie pól               3 ms  /ridemore/regiony/polska/podkarpackie 81 pól
[2026-09-14 21:32:42] cykl mapy                  414 ms  /ridemore/regiony/polska/podkarpackie 4 zadań
[2026-09-14 21:32:42] skarby w kadrze            102 ms  /ridemore/regiony/polska/podkarpackie 29 pinezek
[2026-09-14 21:32:42] pola odkryć               176 ms  /ridemore/regiony/polska/podkarpackie 81 pól
[2026-09-14 21:32:42] rysowanie pól               4 ms  /ridemore/regiony/polska/podkarpackie 81 pól
[2026-09-14 21:32:42] cykl mapy                  180 ms  /ridemore/regiony/polska/podkarpackie 3 zadań
[2026-09-14 21:32:42] skarby w kadrze            111 ms  /ridemore/regiony/polska/podkarpackie 24 pinezek
[2026-09-14 21:32:42] pola odkryć               170 ms  /ridemore/regiony/polska/podkarpackie 81 pól
[2026-09-14 21:32:42] rysowanie pól               3 ms  /ridemore/regiony/polska/podkarpackie 81 pól
[2026-09-14 21:32:42] cykl mapy                  173 ms  /ridemore/regiony/polska/podkarpackie 3 zadań
[2026-09-15 17:29:40] podkład mapy              302 ms  /ridemore/rowerzysta/historical 18/18 kafli
[2026-09-15 17:29:40] trasy ukończone           303 ms  /ridemore/rowerzysta/historical 18/18 kafli
[2026-09-15 17:29:40] trasy nieukończone        304 ms  /ridemore/rowerzysta/historical 18/18 kafli
[2026-09-15 17:29:40] pola odkryć               284 ms  /ridemore/rowerzysta/historical 170 pól
[2026-09-15 17:29:40] rysowanie pól               6 ms  /ridemore/rowerzysta/historical 170 pól
[2026-09-15 17:29:40] skarby w kadrze            328 ms  /ridemore/rowerzysta/historical 0 pinezek
[2026-09-15 17:29:40] ślady przejazdów         522 ms  /ridemore/rowerzysta/historical 18/18 kafli
[2026-09-15 17:29:40] cykl mapy                  529 ms  /ridemore/rowerzysta/historical 8 zadań
[2026-09-15 17:29:53] podkład mapy               73 ms  /ridemore/regiony/polska/warminsko-mazurskie 18/18 kafli
[2026-09-15 17:29:53] skarby w kadrze             80 ms  /ridemore/regiony/polska/warminsko-mazurskie 17 pinezek
[2026-09-15 17:29:53] pola odkryć                73 ms  /ridemore/regiony/polska/warminsko-mazurskie 0 pól
[2026-09-15 17:29:53] rysowanie pól               0 ms  /ridemore/regiony/polska/warminsko-mazurskie 0 pól
[2026-09-15 17:29:53] cykl mapy                   87 ms  /ridemore/regiony/polska/warminsko-mazurskie 5 zadań
[2026-09-16 18:47:59] skarby w kadrze             44 ms  /ridemore/regiony/polska/podkarpackie 23 pinezek
[2026-09-16 18:47:59] pola odkryć                57 ms  /ridemore/regiony/polska/podkarpackie 81 pól
[2026-09-16 18:47:59] rysowanie pól               0 ms  /ridemore/regiony/polska/podkarpackie 81 pól
[2026-09-16 18:47:59] znane trasy              1 251 ms  /ridemore/regiony/polska/podkarpackie 16/16 kafli
[2026-09-16 18:47:59] podkład mapy            1 266 ms  /ridemore/regiony/polska/podkarpackie 16/33 kafli
[2026-09-16 18:47:59] cykl mapy                1 266 ms  /ridemore/regiony/polska/podkarpackie 5 zadań
[2026-09-16 18:48:41] skarby w kadrze             22 ms  /ridemore/events/weekend-szosowy-beskidy 0 pinezek
[2026-09-16 18:48:41] pola odkryć                23 ms  /ridemore/events/weekend-szosowy-beskidy 600 pól
[2026-09-16 18:48:41] rysowanie pól               0 ms  /ridemore/events/weekend-szosowy-beskidy 600 pól
[2026-09-16 18:48:41] znane trasy                 31 ms  /ridemore/events/weekend-szosowy-beskidy 10/10 kafli
[2026-09-16 18:48:41] pola odkryć                16 ms  /ridemore/events/weekend-szosowy-beskidy 600 pól
[2026-09-16 18:48:41] rysowanie pól               0 ms  /ridemore/events/weekend-szosowy-beskidy 600 pól
[2026-09-16 18:48:41] skarby w kadrze             20 ms  /ridemore/events/weekend-szosowy-beskidy 0 pinezek
[2026-09-16 18:48:41] podkład mapy              344 ms  /ridemore/events/weekend-szosowy-beskidy 10/10 kafli
[2026-09-16 18:48:41] cykl mapy                  439 ms  /ridemore/events/weekend-szosowy-beskidy 10 zadań
[2026-09-16 18:49:13] skarby w kadrze             18 ms  /ridemore/events/weekend-szosowy-beskidy 0 pinezek
[2026-09-16 18:49:13] pola odkryć                39 ms  /ridemore/events/weekend-szosowy-beskidy 600 pól
[2026-09-16 18:49:13] rysowanie pól               0 ms  /ridemore/events/weekend-szosowy-beskidy 600 pól
[2026-09-16 18:49:13] cykl mapy                   39 ms  /ridemore/events/weekend-szosowy-beskidy 3 zadań
[2026-09-17 22:10:41] skarby w kadrze             83 ms  /ridemore/regiony/polska/malopolskie 32 pinezek
[2026-09-17 22:10:41] pola odkryć                68 ms  /ridemore/regiony/polska/malopolskie 81 pól
[2026-09-17 22:10:41] rysowanie pól               3 ms  /ridemore/regiony/polska/malopolskie 81 pól
[2026-09-17 22:10:41] podkład mapy              715 ms  /ridemore/regiony/polska/malopolskie 24/24 kafli
[2026-09-17 22:10:41] cykl mapy                  715 ms  /ridemore/regiony/polska/malopolskie 5 zadań
[2026-09-17 22:10:41] skarby w kadrze             31 ms  /ridemore/regiony/polska/malopolskie 1 pinezek
[2026-09-17 22:10:41] pola odkryć                36 ms  /ridemore/regiony/polska/malopolskie 14 pól
[2026-09-17 22:10:41] rysowanie pól               1 ms  /ridemore/regiony/polska/malopolskie 14 pól
[2026-09-17 22:10:41] skarby w kadrze             28 ms  /ridemore/regiony/polska/malopolskie 1 pinezek
[2026-09-17 22:10:41] pola odkryć                42 ms  /ridemore/regiony/polska/malopolskie 14 pól
[2026-09-17 22:10:41] rysowanie pól               1 ms  /ridemore/regiony/polska/malopolskie 14 pól
[2026-09-17 22:10:45] pola odkryć                36 ms  /ridemore/regiony/polska/malopolskie 52 pól
[2026-09-17 22:10:45] rysowanie pól               7 ms  /ridemore/regiony/polska/malopolskie 52 pól
[2026-09-17 22:10:45] skarby w kadrze             44 ms  /ridemore/regiony/polska/malopolskie 16 pinezek
[2026-09-17 22:10:45] pola odkryć                41 ms  /ridemore/regiony/polska/malopolskie 52 pól
[2026-09-17 22:10:45] rysowanie pól               8 ms  /ridemore/regiony/polska/malopolskie 52 pól
[2026-09-17 22:10:45] skarby w kadrze             55 ms  /ridemore/regiony/polska/malopolskie 16 pinezek
[2026-09-17 22:10:45] podkład mapy            1 066 ms  /ridemore/regiony/polska/malopolskie 24/48 kafli
[2026-09-17 22:10:45] cykl mapy                1 066 ms  /ridemore/regiony/polska/malopolskie 13 zadań
[2026-09-17 22:10:45] podkład mapy              151 ms  /ridemore/regiony/polska/malopolskie 4/4 kafli
[2026-09-17 22:10:45] cykl mapy                  151 ms  /ridemore/regiony/polska/malopolskie 1 zadań
[2026-09-17 22:10:45] skarby w kadrze             19 ms  /ridemore/regiony/polska/malopolskie 20 pinezek
[2026-09-17 22:10:45] pola odkryć                53 ms  /ridemore/regiony/polska/malopolskie 63 pól
[2026-09-17 22:10:45] rysowanie pól               5 ms  /ridemore/regiony/polska/malopolskie 63 pól
[2026-09-17 22:10:45] cykl mapy                   58 ms  /ridemore/regiony/polska/malopolskie 3 zadań
[2026-09-17 22:11:15] podkład mapy               84 ms  /ridemore/regiony/polska/malopolskie 24/24 kafli
[2026-09-17 22:11:15] skarby w kadrze             87 ms  /ridemore/regiony/polska/malopolskie 32 pinezek
[2026-09-17 22:11:15] pola odkryć               103 ms  /ridemore/regiony/polska/malopolskie 81 pól
[2026-09-17 22:11:15] rysowanie pól               3 ms  /ridemore/regiony/polska/malopolskie 81 pól
[2026-09-17 22:11:15] cykl mapy                  122 ms  /ridemore/regiony/polska/malopolskie 5 zadań
[2026-09-17 22:11:15] podkład mapy              170 ms  /ridemore/regiony/polska/malopolskie 24/24 kafli
[2026-09-17 22:11:15] cykl mapy                  170 ms  /ridemore/regiony/polska/malopolskie 1 zadań
[2026-09-17 22:11:15] pola odkryć                22 ms  /ridemore/regiony/polska/malopolskie 29 pól
[2026-09-17 22:11:15] rysowanie pól               8 ms  /ridemore/regiony/polska/malopolskie 29 pól
[2026-09-17 22:11:15] skarby w kadrze             41 ms  /ridemore/regiony/polska/malopolskie 13 pinezek
[2026-09-17 22:11:15] cykl mapy                   41 ms  /ridemore/regiony/polska/malopolskie 3 zadań
[2026-09-17 22:11:15] pola odkryć                23 ms  /ridemore/regiony/polska/malopolskie 29 pól
[2026-09-17 22:11:15] rysowanie pól               7 ms  /ridemore/regiony/polska/malopolskie 29 pól
[2026-09-17 22:11:15] skarby w kadrze             43 ms  /ridemore/regiony/polska/malopolskie 13 pinezek
[2026-09-17 22:11:15] cykl mapy                   44 ms  /ridemore/regiony/polska/malopolskie 3 zadań
[2026-09-17 22:11:36] trasy ukończone           231 ms  /ridemore/odkrycia           24/24 kafli
[2026-09-17 22:11:36] trasy nieukończone        249 ms  /ridemore/odkrycia           24/24 kafli
[2026-09-17 22:11:36] skarby w kadrze            243 ms  /ridemore/odkrycia           32 pinezek
[2026-09-17 22:11:36] podkład mapy              821 ms  /ridemore/odkrycia           24/24 kafli
[2026-09-17 22:11:36] ślady przejazdów         896 ms  /ridemore/odkrycia           24/24 kafli
[2026-09-17 22:11:36] pola odkryć               865 ms  /ridemore/odkrycia           81 pól
[2026-09-17 22:11:36] rysowanie pól               2 ms  /ridemore/odkrycia           81 pól
[2026-09-17 22:11:36] cykl mapy                  911 ms  /ridemore/odkrycia           8 zadań
[2026-09-17 22:11:41] podkład mapy              194 ms  /ridemore/odkrycia           24/24 kafli
[2026-09-17 22:11:41] trasy ukończone           717 ms  /ridemore/odkrycia           24/24 kafli
[2026-09-17 22:11:41] trasy nieukończone      1 291 ms  /ridemore/odkrycia           24/24 kafli
[2026-09-17 22:11:41] wolne żądanie          1 523 ms  /ridemore/odkrycia           /ridemore/assets/tiles/slady/me/9/284/174.png?v=1
[2026-09-17 22:11:41] wolne żądanie          1 561 ms  /ridemore/odkrycia           /ridemore/assets/tiles/slady/me/9/287/174.png?v=1
[2026-09-17 22:11:41] wolne żądanie          1 595 ms  /ridemore/odkrycia           /ridemore/assets/tiles/slady/me/9/285/175.png?v=1
[2026-09-17 22:11:41] wolne żądanie          1 627 ms  /ridemore/odkrycia           /ridemore/assets/tiles/slady/me/9/286/175.png?v=1
[2026-09-17 22:11:41] wolne żądanie          1 655 ms  /ridemore/odkrycia           /ridemore/assets/tiles/slady/me/9/284/172.png?v=1
[2026-09-17 22:11:41] wolne żądanie          1 694 ms  /ridemore/odkrycia           /ridemore/assets/tiles/slady/me/9/287/172.png?v=1
[2026-09-17 22:11:41] wolne żądanie          1 728 ms  /ridemore/odkrycia           /ridemore/assets/tiles/slady/me/9/284/175.png?v=1
[2026-09-17 22:11:41] wolne żądanie          1 540 ms  /ridemore/odkrycia           /ridemore/api/discovery/trails/at?lat=49.603590524348704&lon=20.20248413085938&zoom=9
[2026-09-17 22:11:41] wolne żądanie          1 540 ms  /ridemore/odkrycia           /ridemore/api/discovery/rides/at?lat=49.603590524348704&lon=20.20248413085938&zoom=9
[2026-09-17 22:11:41] wolne żądanie          1 761 ms  /ridemore/odkrycia           /ridemore/assets/tiles/slady/me/9/287/175.png?v=1
[2026-09-17 22:11:41] wolne żądanie          1 795 ms  /ridemore/odkrycia           /ridemore/assets/tiles/slady/me/9/283/173.png?v=1
[2026-09-17 22:11:41] wolne żądanie          1 827 ms  /ridemore/odkrycia           /ridemore/assets/tiles/slady/me/9/288/173.png?v=1
[2026-09-17 22:11:41] wolne żądanie          1 843 ms  /ridemore/odkrycia           /ridemore/assets/tiles/slady/me/9/283/174.png?v=1
[2026-09-17 22:11:41] wolne żądanie          1 861 ms  /ridemore/odkrycia           /ridemore/assets/tiles/slady/me/9/288/174.png?v=1
[2026-09-17 22:11:41] wolne żądanie          1 876 ms  /ridemore/odkrycia           /ridemore/assets/tiles/slady/me/9/283/172.png?v=1
[2026-09-17 22:11:41] wolne żądanie          1 891 ms  /ridemore/odkrycia           /ridemore/assets/tiles/slady/me/9/288/172.png?v=1
[2026-09-17 22:11:41] wolne żądanie          1 908 ms  /ridemore/odkrycia           /ridemore/assets/tiles/slady/me/9/283/175.png?v=1
[2026-09-17 22:11:41] wolne żądanie          1 923 ms  /ridemore/odkrycia           /ridemore/assets/tiles/slady/me/9/288/175.png?v=1
[2026-09-17 22:11:41] ślady przejazdów       1 932 ms  /ridemore/odkrycia           24/24 kafli
[2026-09-17 22:11:41] skarby w kadrze          1 679 ms  /ridemore/odkrycia           22 pinezek
[2026-09-17 22:11:41] wolne żądanie          1 674 ms  /ridemore/odkrycia           /ridemore/api/treasures?north=50.37524782800136&south=49.13679960399857&east=22.607116699218754&west=19.053039550781254&zoom=9
[2026-09-17 22:11:41] pola odkryć             1 449 ms  /ridemore/odkrycia           67 pól
[2026-09-17 22:11:41] rysowanie pól               9 ms  /ridemore/odkrycia           67 pól
[2026-09-17 22:11:41] cykl mapy                1 996 ms  /ridemore/odkrycia           8 zadań
[2026-09-17 22:11:49] completed routes           181 ms  /ridemore/en/odkrycia        24/24 kafli
[2026-09-17 22:11:49] base map                   186 ms  /ridemore/en/odkrycia        24/24 kafli
[2026-09-17 22:11:49] unfinished routes          195 ms  /ridemore/en/odkrycia        24/24 kafli
[2026-09-17 22:11:49] treasures in view          231 ms  /ridemore/en/odkrycia        32 pinezek
[2026-09-17 22:11:49] discovery hexes            241 ms  /ridemore/en/odkrycia        81 pól
[2026-09-17 22:11:49] drawing hexes                6 ms  /ridemore/en/odkrycia        81 pól
[2026-09-17 22:11:49] ride tracks                906 ms  /ridemore/en/odkrycia        24/24 kafli
[2026-09-17 22:11:49] cykl mapy                  916 ms  /ridemore/en/odkrycia        8 zadań
[2026-09-17 22:12:00] base map                    96 ms  /ridemore/en/odkrycia        24/24 kafli
[2026-09-17 22:12:00] completed routes            96 ms  /ridemore/en/odkrycia        24/24 kafli
[2026-09-17 22:12:00] unfinished routes           95 ms  /ridemore/en/odkrycia        24/24 kafli
[2026-09-17 22:12:00] ride tracks                 98 ms  /ridemore/en/odkrycia        24/24 kafli
[2026-09-17 22:12:00] treasures in view          269 ms  /ridemore/en/odkrycia        32 pinezek
[2026-09-17 22:12:00] discovery hexes            273 ms  /ridemore/en/odkrycia        81 pól
[2026-09-17 22:12:00] drawing hexes                2 ms  /ridemore/en/odkrycia        81 pól
[2026-09-17 22:12:00] cykl mapy                  313 ms  /ridemore/en/odkrycia        8 zadań
[2026-09-17 22:12:07] ride tracks                121 ms  /ridemore/en/trasy/jhjh-aqua-velo 24/24 kafli
[2026-09-17 22:12:07] treasures in view          120 ms  /ridemore/en/trasy/jhjh-aqua-velo 9 pinezek
[2026-09-17 22:12:07] discovery hexes            109 ms  /ridemore/en/trasy/jhjh-aqua-velo 47 pól
[2026-09-17 22:12:07] drawing hexes                3 ms  /ridemore/en/trasy/jhjh-aqua-velo 47 pól
[2026-09-17 22:12:07] base map                   325 ms  /ridemore/en/trasy/jhjh-aqua-velo 24/24 kafli
[2026-09-17 22:12:07] cykl mapy                  325 ms  /ridemore/en/trasy/jhjh-aqua-velo 6 zadań
[2026-09-17 22:12:07] treasures in view           51 ms  /ridemore/en/trasy/jhjh-aqua-velo 17 pinezek
[2026-09-17 22:12:07] discovery hexes             69 ms  /ridemore/en/trasy/jhjh-aqua-velo 43 pól
[2026-09-17 22:12:07] drawing hexes                1 ms  /ridemore/en/trasy/jhjh-aqua-velo 43 pól
[2026-09-17 22:12:07] ride tracks                334 ms  /ridemore/en/trasy/jhjh-aqua-velo 30/34 kafli
[2026-09-17 22:12:07] base map                   448 ms  /ridemore/en/trasy/jhjh-aqua-velo 33/34 kafli
[2026-09-17 22:12:07] cykl mapy                  448 ms  /ridemore/en/trasy/jhjh-aqua-velo 5 zadań
[2026-09-17 22:12:07] treasures in view           33 ms  /ridemore/en/trasy/jhjh-aqua-velo 17 pinezek
[2026-09-17 22:12:07] discovery hexes             49 ms  /ridemore/en/trasy/jhjh-aqua-velo 43 pól
[2026-09-17 22:12:07] drawing hexes                1 ms  /ridemore/en/trasy/jhjh-aqua-velo 43 pól
[2026-09-17 22:12:07] cykl mapy                   50 ms  /ridemore/en/trasy/jhjh-aqua-velo 3 zadań
[2026-09-17 22:12:12] discovery hexes             55 ms  /ridemore/en/trasy/jhjh-aqua-velo 46 pól
[2026-09-17 22:12:12] drawing hexes                1 ms  /ridemore/en/trasy/jhjh-aqua-velo 46 pól
[2026-09-17 22:12:12] treasures in view           62 ms  /ridemore/en/trasy/jhjh-aqua-velo 7 pinezek
[2026-09-17 22:12:12] ride tracks                219 ms  /ridemore/en/trasy/jhjh-aqua-velo 24/24 kafli
[2026-09-17 22:12:12] discovery hexes             33 ms  /ridemore/en/trasy/jhjh-aqua-velo 46 pól
[2026-09-17 22:12:12] drawing hexes                1 ms  /ridemore/en/trasy/jhjh-aqua-velo 46 pól
[2026-09-17 22:12:12] treasures in view           55 ms  /ridemore/en/trasy/jhjh-aqua-velo 7 pinezek
[2026-09-17 22:12:12] base map                   358 ms  /ridemore/en/trasy/jhjh-aqua-velo 24/24 kafli
[2026-09-17 22:12:12] cykl mapy                  358 ms  /ridemore/en/trasy/jhjh-aqua-velo 8 zadań
[2026-09-17 22:28:09] completed routes           271 ms  /ridemore/en/rowerzysta/historical 18/18 kafli
[2026-09-17 22:28:09] unfinished routes          275 ms  /ridemore/en/rowerzysta/historical 18/18 kafli
[2026-09-17 22:28:09] treasures in view          281 ms  /ridemore/en/rowerzysta/historical 0 pinezek
[2026-09-17 22:28:09] discovery hexes            252 ms  /ridemore/en/rowerzysta/historical 170 pól
[2026-09-17 22:28:09] drawing hexes               11 ms  /ridemore/en/rowerzysta/historical 170 pól
[2026-09-17 22:28:09] base map                   371 ms  /ridemore/en/rowerzysta/historical 18/18 kafli
[2026-09-17 22:28:09] ride tracks                511 ms  /ridemore/en/rowerzysta/historical 18/18 kafli
[2026-09-17 22:28:09] cykl mapy                  516 ms  /ridemore/en/rowerzysta/historical 8 zadań
[2026-09-17 22:28:13] ride tracks                102 ms  /ridemore/en/trasy/jhjh-aqua-velo 24/24 kafli
[2026-09-17 22:28:13] base map                   106 ms  /ridemore/en/trasy/jhjh-aqua-velo 24/24 kafli
[2026-09-17 22:28:13] treasures in view          113 ms  /ridemore/en/trasy/jhjh-aqua-velo 9 pinezek
[2026-09-17 22:28:13] discovery hexes            105 ms  /ridemore/en/trasy/jhjh-aqua-velo 47 pól
[2026-09-17 22:28:13] drawing hexes                2 ms  /ridemore/en/trasy/jhjh-aqua-velo 47 pól
[2026-09-17 22:28:13] cykl mapy                  125 ms  /ridemore/en/trasy/jhjh-aqua-velo 6 zadań
[2026-09-17 22:28:13] ride tracks                 80 ms  /ridemore/en/trasy/jhjh-aqua-velo 24/24 kafli
[2026-09-17 22:28:13] discovery hexes             21 ms  /ridemore/en/trasy/jhjh-aqua-velo 47 pól
[2026-09-17 22:28:13] drawing hexes               13 ms  /ridemore/en/trasy/jhjh-aqua-velo 47 pól
[2026-09-17 22:28:13] treasures in view           48 ms  /ridemore/en/trasy/jhjh-aqua-velo 6 pinezek
[2026-09-17 22:28:13] base map                   312 ms  /ridemore/en/trasy/jhjh-aqua-velo 24/24 kafli
[2026-09-17 22:28:13] cykl mapy                  313 ms  /ridemore/en/trasy/jhjh-aqua-velo 5 zadań
[2026-09-17 22:28:13] discovery hexes             53 ms  /ridemore/en/trasy/jhjh-aqua-velo 47 pól
[2026-09-17 22:28:13] drawing hexes               16 ms  /ridemore/en/trasy/jhjh-aqua-velo 47 pól
[2026-09-17 22:28:13] treasures in view           72 ms  /ridemore/en/trasy/jhjh-aqua-velo 6 pinezek
[2026-09-17 22:28:13] cykl mapy                   72 ms  /ridemore/en/trasy/jhjh-aqua-velo 3 zadań
[2026-09-17 22:28:37] base map                   107 ms  /ridemore/en/trasy/jhjh-aqua-velo 24/24 kafli
[2026-09-17 22:28:37] ride tracks                104 ms  /ridemore/en/trasy/jhjh-aqua-velo 24/24 kafli
[2026-09-17 22:28:37] treasures in view          109 ms  /ridemore/en/trasy/jhjh-aqua-velo 9 pinezek
[2026-09-17 22:28:37] discovery hexes             89 ms  /ridemore/en/trasy/jhjh-aqua-velo 47 pól
[2026-09-17 22:28:37] drawing hexes                2 ms  /ridemore/en/trasy/jhjh-aqua-velo 47 pól
[2026-09-17 22:28:37] cykl mapy                  120 ms  /ridemore/en/trasy/jhjh-aqua-velo 6 zadań
[2026-09-18 09:28:26] trasy ukończone           232 ms  /ridemore/odkrycia           24/24 kafli
[2026-09-18 09:28:26] podkład mapy              245 ms  /ridemore/odkrycia           24/24 kafli
[2026-09-18 09:28:26] trasy nieukończone        239 ms  /ridemore/odkrycia           24/24 kafli
[2026-09-18 09:28:26] skarby w kadrze            273 ms  /ridemore/odkrycia           32 pinezek
[2026-09-18 09:28:26] podkład mapy              271 ms  /ridemore/odkrycia           9/9 kafli
[2026-09-18 09:28:26] wolne żądanie          3 556 ms  /ridemore/odkrycia           /ridemore/api/discovery/cells?scope=me&zoom=8&north=51.13455469147683&south=48.66557095325139&east=25.010375976562504&west=17.902221679687504
[2026-09-18 09:28:28] podkład mapy               69 ms  /ridemore/odkrycia           1/1 kafli
[2026-09-18 09:28:28] wolne żądanie          6 714 ms  /ridemore/odkrycia           /ridemore/assets/tiles/slady/me/8/142/86.png?v=1
[2026-09-18 09:28:28] wolne żądanie          6 714 ms  /ridemore/odkrycia           /ridemore/assets/tiles/slady/me/8/143/86.png?v=1
[2026-09-18 09:28:28] wolne żądanie          6 714 ms  /ridemore/odkrycia           /ridemore/assets/tiles/slady/me/8/142/87.png?v=1
[2026-09-18 09:28:28] wolne żądanie          6 714 ms  /ridemore/odkrycia           /ridemore/assets/tiles/slady/me/8/143/87.png?v=1
[2026-09-18 09:28:28] wolne żądanie          6 714 ms  /ridemore/odkrycia           /ridemore/assets/tiles/slady/me/8/142/85.png?v=1
[2026-09-18 09:28:28] wolne żądanie          6 714 ms  /ridemore/odkrycia           /ridemore/assets/tiles/slady/me/8/143/85.png?v=1
[2026-09-18 09:28:28] wolne żądanie          6 714 ms  /ridemore/odkrycia           /ridemore/assets/tiles/slady/me/8/141/86.png?v=1
[2026-09-18 09:28:28] wolne żądanie          6 714 ms  /ridemore/odkrycia           /ridemore/assets/tiles/slady/me/8/144/86.png?v=1
[2026-09-18 09:28:28] wolne żądanie          6 714 ms  /ridemore/odkrycia           /ridemore/assets/tiles/slady/me/8/141/87.png?v=1
[2026-09-18 09:28:28] wolne żądanie          6 714 ms  /ridemore/odkrycia           /ridemore/assets/tiles/slady/me/8/144/87.png?v=1
[2026-09-18 09:28:28] wolne żądanie          6 714 ms  /ridemore/odkrycia           /ridemore/assets/tiles/slady/me/8/142/88.png?v=1
[2026-09-18 09:28:28] wolne żądanie          6 714 ms  /ridemore/odkrycia           /ridemore/assets/tiles/slady/me/8/143/88.png?v=1
[2026-09-18 09:28:28] wolne żądanie          6 714 ms  /ridemore/odkrycia           /ridemore/assets/tiles/slady/me/8/141/85.png?v=1
[2026-09-18 09:28:28] wolne żądanie          6 714 ms  /ridemore/odkrycia           /ridemore/assets/tiles/slady/me/8/144/85.png?v=1
[2026-09-18 09:28:28] wolne żądanie          6 714 ms  /ridemore/odkrycia           /ridemore/assets/tiles/slady/me/8/141/88.png?v=1
[2026-09-18 09:28:28] wolne żądanie          6 714 ms  /ridemore/odkrycia           /ridemore/assets/tiles/slady/me/8/144/88.png?v=1
[2026-09-18 09:28:28] wolne żądanie          6 714 ms  /ridemore/odkrycia           /ridemore/assets/tiles/slady/me/8/140/86.png?v=1
[2026-09-18 09:28:28] wolne żądanie          6 714 ms  /ridemore/odkrycia           /ridemore/assets/tiles/slady/me/8/145/86.png?v=1
[2026-09-18 09:28:28] wolne żądanie          6 714 ms  /ridemore/odkrycia           /ridemore/assets/tiles/slady/me/8/140/87.png?v=1
[2026-09-18 09:28:28] wolne żądanie          6 714 ms  /ridemore/odkrycia           /ridemore/assets/tiles/slady/me/8/145/87.png?v=1
[2026-09-18 09:28:28] wolne żądanie          6 714 ms  /ridemore/odkrycia           /ridemore/assets/tiles/slady/me/8/140/85.png?v=1
[2026-09-18 09:28:28] wolne żądanie          6 714 ms  /ridemore/odkrycia           /ridemore/assets/tiles/slady/me/8/145/85.png?v=1
[2026-09-18 09:28:28] wolne żądanie          6 714 ms  /ridemore/odkrycia           /ridemore/assets/tiles/slady/me/8/140/88.png?v=1
[2026-09-18 09:28:28] wolne żądanie          6 714 ms  /ridemore/odkrycia           /ridemore/assets/tiles/slady/me/8/145/88.png?v=1
[2026-09-18 09:28:28] wolne żądanie          3 123 ms  /ridemore/odkrycia           /ridemore/assets/tiles/slady/kd-historical/8/143/84.png?v=12
[2026-09-18 09:28:28] wolne żądanie          3 123 ms  /ridemore/odkrycia           /ridemore/assets/tiles/slady/kd-historical/8/144/84.png?v=12
[2026-09-18 09:28:28] wolne żądanie          3 123 ms  /ridemore/odkrycia           /ridemore/assets/tiles/slady/kd-historical/8/142/84.png?v=12
[2026-09-18 09:28:28] wolne żądanie          3 123 ms  /ridemore/odkrycia           /ridemore/assets/tiles/slady/kd-historical/8/145/84.png?v=12
[2026-09-18 09:28:28] wolne żądanie          3 123 ms  /ridemore/odkrycia           /ridemore/assets/tiles/slady/kd-historical/8/146/85.png?v=12
[2026-09-18 09:28:28] wolne żądanie          3 123 ms  /ridemore/odkrycia           /ridemore/assets/tiles/slady/kd-historical/8/141/84.png?v=12
[2026-09-18 09:28:28] wolne żądanie          3 123 ms  /ridemore/odkrycia           /ridemore/assets/tiles/slady/kd-historical/8/146/84.png?v=12
[2026-09-18 09:28:28] wolne żądanie          3 123 ms  /ridemore/odkrycia           /ridemore/assets/tiles/slady/kd-historical/8/146/86.png?v=12
[2026-09-18 09:28:28] wolne żądanie          3 123 ms  /ridemore/odkrycia           /ridemore/assets/tiles/slady/kn-historical/8/143/84.png?v=4
[2026-09-18 09:28:28] wolne żądanie          3 123 ms  /ridemore/odkrycia           /ridemore/assets/tiles/slady/kn-historical/8/144/84.png?v=4
[2026-09-18 09:28:28] wolne żądanie          3 123 ms  /ridemore/odkrycia           /ridemore/assets/tiles/slady/kn-historical/8/142/84.png?v=4
[2026-09-18 09:28:28] wolne żądanie          3 123 ms  /ridemore/odkrycia           /ridemore/assets/tiles/slady/kn-historical/8/145/84.png?v=4
[2026-09-18 09:28:28] wolne żądanie          3 123 ms  /ridemore/odkrycia           /ridemore/assets/tiles/slady/kn-historical/8/146/85.png?v=4
[2026-09-18 09:28:28] wolne żądanie          3 122 ms  /ridemore/odkrycia           /ridemore/assets/tiles/slady/kn-historical/8/141/84.png?v=4
[2026-09-18 09:28:28] wolne żądanie          3 122 ms  /ridemore/odkrycia           /ridemore/assets/tiles/slady/kn-historical/8/146/84.png?v=4
[2026-09-18 09:28:28] wolne żądanie          3 122 ms  /ridemore/odkrycia           /ridemore/assets/tiles/slady/kn-historical/8/146/86.png?v=4
[2026-09-18 09:28:28] wolne żądanie          3 123 ms  /ridemore/odkrycia           /ridemore/assets/tiles/slady/me/8/143/84.png?v=1
[2026-09-18 09:28:28] wolne żądanie          3 123 ms  /ridemore/odkrycia           /ridemore/assets/tiles/slady/me/8/144/84.png?v=1
[2026-09-18 09:28:28] wolne żądanie          3 123 ms  /ridemore/odkrycia           /ridemore/assets/tiles/slady/me/8/142/84.png?v=1
[2026-09-18 09:28:28] wolne żądanie          3 123 ms  /ridemore/odkrycia           /ridemore/assets/tiles/slady/me/8/145/84.png?v=1
[2026-09-18 09:28:28] wolne żądanie          3 123 ms  /ridemore/odkrycia           /ridemore/assets/tiles/slady/me/8/146/85.png?v=1
[2026-09-18 09:28:28] wolne żądanie          3 123 ms  /ridemore/odkrycia           /ridemore/assets/tiles/slady/me/8/141/84.png?v=1
[2026-09-18 09:28:28] wolne żądanie          3 123 ms  /ridemore/odkrycia           /ridemore/assets/tiles/slady/me/8/146/84.png?v=1
[2026-09-18 09:28:28] wolne żądanie          3 123 ms  /ridemore/odkrycia           /ridemore/assets/tiles/slady/me/8/146/86.png?v=1
[2026-09-18 09:28:28] wolne żądanie          1 995 ms  /ridemore/odkrycia           /ridemore/assets/tiles/slady/kd-historical/8/146/87.png?v=12
[2026-09-18 09:28:28] wolne żądanie          1 995 ms  /ridemore/odkrycia           /ridemore/assets/tiles/slady/kd-historical/8/146/88.png?v=12
[2026-09-18 09:28:28] wolne żądanie          1 995 ms  /ridemore/odkrycia           /ridemore/assets/tiles/slady/kn-historical/8/146/87.png?v=4
[2026-09-18 09:28:28] wolne żądanie          1 995 ms  /ridemore/odkrycia           /ridemore/assets/tiles/slady/kn-historical/8/146/88.png?v=4
[2026-09-18 09:28:28] wolne żądanie          1 996 ms  /ridemore/odkrycia           /ridemore/assets/tiles/slady/me/8/146/87.png?v=1
[2026-09-18 09:28:28] wolne żądanie          1 996 ms  /ridemore/odkrycia           /ridemore/assets/tiles/slady/me/8/146/88.png?v=1
[2026-09-18 09:28:28] podkład mapy              141 ms  /ridemore/odkrycia           8/8 kafli
[2026-09-18 09:28:28] skarby w kadrze          1 007 ms  /ridemore/odkrycia           31 pinezek
[2026-09-18 09:28:28] pola odkryć             1 037 ms  /ridemore/odkrycia           83 pól
[2026-09-18 09:28:28] rysowanie pól               6 ms  /ridemore/odkrycia           83 pól
[2026-09-18 09:28:28] podkład mapy              216 ms  /ridemore/odkrycia           16/16 kafli
[2026-09-18 09:28:28] skarby w kadrze            559 ms  /ridemore/odkrycia           36 pinezek
[2026-09-18 09:28:28] pola odkryć               919 ms  /ridemore/odkrycia           15 pól
[2026-09-18 09:28:28] rysowanie pól               2 ms  /ridemore/odkrycia           15 pól
[2026-09-18 09:28:28] skarby w kadrze             57 ms  /ridemore/odkrycia           24 pinezek
[2026-09-18 09:28:28] podkład mapy              104 ms  /ridemore/odkrycia           24/24 kafli
[2026-09-18 09:28:28] pola odkryć                99 ms  /ridemore/odkrycia           70 pól
[2026-09-18 09:28:28] rysowanie pól              18 ms  /ridemore/odkrycia           70 pól
[2026-09-18 09:28:28] trasy ukończone         4 851 ms  /ridemore/odkrycia           45/58 kafli
[2026-09-18 09:28:28] trasy nieukończone      4 932 ms  /ridemore/odkrycia           32/58 kafli
[2026-09-18 09:28:32] skarby w kadrze            635 ms  /ridemore/odkrycia           24 pinezek
[2026-09-18 09:28:32] ślady przejazdów       9 125 ms  /ridemore/odkrycia           32/82 kafli
[2026-09-18 09:28:32] pola odkryć               646 ms  /ridemore/odkrycia           70 pól
[2026-09-18 09:28:32] rysowanie pól               6 ms  /ridemore/odkrycia           70 pól
[2026-09-18 09:28:32] cykl mapy                9 142 ms  /ridemore/odkrycia           31 zadań
[2026-09-18 09:28:32] skarby w kadrze             38 ms  /ridemore/odkrycia           18 pinezek
[2026-09-18 09:28:32] pola odkryć                43 ms  /ridemore/odkrycia           67 pól
[2026-09-18 09:28:32] rysowanie pól               5 ms  /ridemore/odkrycia           67 pól
[2026-09-18 09:28:32] cykl mapy                   48 ms  /ridemore/odkrycia           3 zadań
[2026-09-18 09:28:32] skarby w kadrze             56 ms  /ridemore/odkrycia           0 pinezek
[2026-09-18 09:28:32] pola odkryć                75 ms  /ridemore/odkrycia           245 pól
[2026-09-18 09:28:32] rysowanie pól               7 ms  /ridemore/odkrycia           245 pól
[2026-09-18 09:28:32] podkład mapy              232 ms  /ridemore/odkrycia           24/24 kafli
[2026-09-18 09:28:32] trasy ukończone           320 ms  /ridemore/odkrycia           24/24 kafli
[2026-09-18 09:28:32] trasy nieukończone        597 ms  /ridemore/odkrycia           24/24 kafli
[2026-09-18 09:28:32] podkład mapy              117 ms  /ridemore/odkrycia           6/6 kafli
[2026-09-18 09:28:32] skarby w kadrze            399 ms  /ridemore/odkrycia           0 pinezek
[2026-09-18 09:28:32] pola odkryć               423 ms  /ridemore/odkrycia           287 pól
[2026-09-18 09:28:32] rysowanie pól               5 ms  /ridemore/odkrycia           287 pól
[2026-09-18 09:28:32] trasy nieukończone        460 ms  /ridemore/odkrycia           6/6 kafli
[2026-09-18 09:28:32] trasy ukończone           507 ms  /ridemore/odkrycia           6/6 kafli
[2026-09-18 09:28:32] ślady przejazdów       1 391 ms  /ridemore/odkrycia           30/30 kafli
[2026-09-18 09:28:32] cykl mapy                1 414 ms  /ridemore/odkrycia           15 zadań
