[2026-08-28 17:53:40] user_id=1 urządzenia=android:1,ios:0
Tytuł: TEST tytuł
Treść: TEST treść
Dane: []
------------------------------------------------------------

[2026-08-28 17:53:40] user_id=1 urządzenia=android:1,ios:0
Tytuł: Ktoś dołączył do Twojego wyjazdu
Treść: TEST wyjazd push
Dane: {"url":"\/ridemore\/admin"}
------------------------------------------------------------

[2026-08-28 17:53:40] user_id=2 urządzenia=android:1,ios:0
Tytuł: Nowa wiadomość
Treść: Masz nową wiadomość na Ridemore.
Dane: {"url":"\/ridemore\/wiadomosci\/26"}
------------------------------------------------------------

[2026-08-28 17:53:40] user_id=1 urządzenia=android:1,ios:0
Tytuł: Ktoś dołączył do Twojego wyjazdu
Treść: TEST grupa push
Dane: {"url":"\/ridemore\/admin"}
------------------------------------------------------------

[2026-08-28 17:53:40] user_id=1 urządzenia=android:1,ios:0
Tytuł: Nowa wiadomość — TEST grupa push
Treść: Sprawdź kanał grupowy wyjazdu.
Dane: {"url":"\/ridemore\/wiadomosci\/grupa\/164"}
------------------------------------------------------------

[2026-08-28 17:53:41] user_id=1 urządzenia=android:1,ios:0
Tytuł: Nowy skarb w Twojej okolicy
Treść: TEST skarb okolica
Dane: {"url":"\/ridemore\/odkrycia"}
------------------------------------------------------------

[2026-08-28 17:53:41] user_id=1 urządzenia=android:1,ios:0
Tytuł: Nowy skarb w Twojej okolicy
Treść: Coś ciekawego czeka w Twojej okolicy — sprawdź mapę.
Dane: {"url":"\/ridemore\/odkrycia"}
------------------------------------------------------------

[2026-08-28 17:55:44] user_id=1 urządzenia=android:1,ios:0
Tytuł: TEST tytuł
Treść: TEST treść
Dane: []
------------------------------------------------------------

[2026-08-28 17:55:44] user_id=1 urządzenia=android:1,ios:0
Tytuł: Ktoś dołączył do Twojego wyjazdu
Treść: TEST wyjazd push
Dane: {"url":"\/ridemore\/admin"}
------------------------------------------------------------

[2026-08-28 17:55:44] user_id=2 urządzenia=android:1,ios:0
Tytuł: Nowa wiadomość
Treść: Masz nową wiadomość na Ridemore.
Dane: {"url":"\/ridemore\/wiadomosci\/27"}
------------------------------------------------------------

[2026-08-28 17:55:44] user_id=1 urządzenia=android:1,ios:0
Tytuł: Ktoś dołączył do Twojego wyjazdu
Treść: TEST grupa push
Dane: {"url":"\/ridemore\/admin"}
------------------------------------------------------------

[2026-08-28 17:55:44] user_id=1 urządzenia=android:1,ios:0
Tytuł: Nowa wiadomość — TEST grupa push
Treść: Sprawdź kanał grupowy wyjazdu.
Dane: {"url":"\/ridemore\/wiadomosci\/grupa\/167"}
------------------------------------------------------------

[2026-08-28 17:55:44] user_id=1 urządzenia=android:1,ios:0
Tytuł: Nowy skarb w Twojej okolicy
Treść: TEST skarb okolica
Dane: {"url":"\/ridemore\/odkrycia"}
------------------------------------------------------------

[2026-08-28 17:55:44] user_id=1 urządzenia=android:1,ios:0
Tytuł: Nowy skarb w Twojej okolicy
Treść: Coś ciekawego czeka w Twojej okolicy — sprawdź mapę.
Dane: {"url":"\/ridemore\/odkrycia"}
------------------------------------------------------------

[2026-08-28 17:56:13] user_id=1 urządzenia=android:1,ios:0
Tytuł: TEST tytuł
Treść: TEST treść
Dane: []
------------------------------------------------------------

[2026-08-28 17:56:13] user_id=1 urządzenia=android:1,ios:0
Tytuł: Ktoś dołączył do Twojego wyjazdu
Treść: TEST wyjazd push
Dane: {"url":"\/ridemore\/admin"}
------------------------------------------------------------

[2026-08-28 17:56:13] user_id=2 urządzenia=android:1,ios:0
Tytuł: Nowa wiadomość
Treść: Masz nową wiadomość na Ridemore.
Dane: {"url":"\/ridemore\/wiadomosci\/28"}
------------------------------------------------------------

[2026-08-28 17:56:13] user_id=1 urządzenia=android:1,ios:0
Tytuł: Ktoś dołączył do Twojego wyjazdu
Treść: TEST grupa push
Dane: {"url":"\/ridemore\/admin"}
------------------------------------------------------------

[2026-08-28 17:56:13] user_id=1 urządzenia=android:1,ios:0
Tytuł: Nowa wiadomość — TEST grupa push
Treść: Sprawdź kanał grupowy wyjazdu.
Dane: {"url":"\/ridemore\/wiadomosci\/grupa\/170"}
------------------------------------------------------------

[2026-08-28 17:56:13] user_id=1 urządzenia=android:1,ios:0
Tytuł: Nowy skarb w Twojej okolicy
Treść: TEST skarb okolica
Dane: {"url":"\/ridemore\/odkrycia"}
------------------------------------------------------------

[2026-08-28 17:56:14] user_id=1 urządzenia=android:1,ios:0
Tytuł: Nowy skarb w Twojej okolicy
Treść: Coś ciekawego czeka w Twojej okolicy — sprawdź mapę.
Dane: {"url":"\/ridemore\/odkrycia"}
------------------------------------------------------------

[2026-08-28 17:56:25] user_id=1 urządzenia=android:1,ios:0
Tytuł: TEST tytuł
Treść: TEST treść
Dane: []
------------------------------------------------------------

[2026-08-28 17:56:25] user_id=1 urządzenia=android:1,ios:0
Tytuł: Ktoś dołączył do Twojego wyjazdu
Treść: TEST wyjazd push
Dane: {"url":"\/ridemore\/admin"}
------------------------------------------------------------

[2026-08-28 17:56:25] user_id=2 urządzenia=android:1,ios:0
Tytuł: Nowa wiadomość
Treść: Masz nową wiadomość na Ridemore.
Dane: {"url":"\/ridemore\/wiadomosci\/29"}
------------------------------------------------------------

[2026-08-28 17:56:25] user_id=1 urządzenia=android:1,ios:0
Tytuł: Ktoś dołączył do Twojego wyjazdu
Treść: TEST grupa push
Dane: {"url":"\/ridemore\/admin"}
------------------------------------------------------------

[2026-08-28 17:56:25] user_id=1 urządzenia=android:1,ios:0
Tytuł: Nowa wiadomość — TEST grupa push
Treść: Sprawdź kanał grupowy wyjazdu.
Dane: {"url":"\/ridemore\/wiadomosci\/grupa\/173"}
------------------------------------------------------------

[2026-08-28 17:56:25] user_id=1 urządzenia=android:1,ios:0
Tytuł: Nowy skarb w Twojej okolicy
Treść: TEST skarb okolica
Dane: {"url":"\/ridemore\/odkrycia"}
------------------------------------------------------------

[2026-08-28 17:56:25] user_id=1 urządzenia=android:1,ios:0
Tytuł: Nowy skarb w Twojej okolicy
Treść: Coś ciekawego czeka w Twojej okolicy — sprawdź mapę.
Dane: {"url":"\/ridemore\/odkrycia"}
------------------------------------------------------------

[2026-08-28 17:57:05] user_id=1 urządzenia=android:1,ios:0
Tytuł: TEST tytuł
Treść: TEST treść
Dane: []
------------------------------------------------------------

[2026-08-28 17:57:05] user_id=1 urządzenia=android:1,ios:0
Tytuł: Ktoś dołączył do Twojego wyjazdu
Treść: TEST wyjazd push
Dane: {"url":"\/ridemore\/admin"}
------------------------------------------------------------

[2026-08-28 17:57:05] user_id=2 urządzenia=android:1,ios:0
Tytuł: Nowa wiadomość
Treść: Masz nową wiadomość na Ridemore.
Dane: {"url":"\/ridemore\/wiadomosci\/30"}
------------------------------------------------------------

[2026-08-28 17:57:05] user_id=1 urządzenia=android:1,ios:0
Tytuł: Ktoś dołączył do Twojego wyjazdu
Treść: TEST grupa push
Dane: {"url":"\/ridemore\/admin"}
------------------------------------------------------------

[2026-08-28 17:57:05] user_id=1 urządzenia=android:1,ios:0
Tytuł: Nowa wiadomość — TEST grupa push
Treść: Sprawdź kanał grupowy wyjazdu.
Dane: {"url":"\/ridemore\/wiadomosci\/grupa\/176"}
------------------------------------------------------------

[2026-08-28 17:57:05] user_id=1 urządzenia=android:1,ios:0
Tytuł: Nowy skarb w Twojej okolicy
Treść: TEST skarb okolica
Dane: {"url":"\/ridemore\/odkrycia"}
------------------------------------------------------------

[2026-08-28 17:57:05] user_id=1 urządzenia=android:1,ios:0
Tytuł: Nowy skarb w Twojej okolicy
Treść: Coś ciekawego czeka w Twojej okolicy — sprawdź mapę.
Dane: {"url":"\/ridemore\/odkrycia"}
------------------------------------------------------------

[2026-08-28 17:57:55] user_id=1 urządzenia=android:1,ios:0
Tytuł: TEST tytuł
Treść: TEST treść
Dane: []
------------------------------------------------------------

[2026-08-28 17:57:55] user_id=1 urządzenia=android:1,ios:0
Tytuł: Ktoś dołączył do Twojego wyjazdu
Treść: TEST wyjazd push
Dane: {"url":"\/ridemore\/admin"}
------------------------------------------------------------

[2026-08-28 17:57:55] user_id=2 urządzenia=android:1,ios:0
Tytuł: Nowa wiadomość
Treść: Masz nową wiadomość na Ridemore.
Dane: {"url":"\/ridemore\/wiadomosci\/31"}
------------------------------------------------------------

[2026-08-28 17:57:55] user_id=1 urządzenia=android:1,ios:0
Tytuł: Ktoś dołączył do Twojego wyjazdu
Treść: TEST grupa push
Dane: {"url":"\/ridemore\/admin"}
------------------------------------------------------------

[2026-08-28 17:57:55] user_id=1 urządzenia=android:1,ios:0
Tytuł: Nowa wiadomość — TEST grupa push
Treść: Sprawdź kanał grupowy wyjazdu.
Dane: {"url":"\/ridemore\/wiadomosci\/grupa\/179"}
------------------------------------------------------------

[2026-08-28 17:57:55] user_id=1 urządzenia=android:1,ios:0
Tytuł: Nowy skarb w Twojej okolicy
Treść: TEST skarb okolica
Dane: {"url":"\/ridemore\/odkrycia"}
------------------------------------------------------------

[2026-08-28 17:57:55] user_id=1 urządzenia=android:1,ios:0
Tytuł: Nowy skarb w Twojej okolicy
Treść: Coś ciekawego czeka w Twojej okolicy — sprawdź mapę.
Dane: {"url":"\/ridemore\/odkrycia"}
------------------------------------------------------------

[2026-08-28 17:58:38] user_id=1 urządzenia=android:1,ios:0
Tytuł: TEST tytuł
Treść: TEST treść
Dane: []
------------------------------------------------------------

[2026-08-28 17:58:38] user_id=1 urządzenia=android:1,ios:0
Tytuł: Ktoś dołączył do Twojego wyjazdu
Treść: TEST wyjazd push
Dane: {"url":"\/ridemore\/admin"}
------------------------------------------------------------

[2026-08-28 17:58:38] user_id=2 urządzenia=android:1,ios:0
Tytuł: Nowa wiadomość
Treść: Masz nową wiadomość na Ridemore.
Dane: {"url":"\/ridemore\/wiadomosci\/32"}
------------------------------------------------------------

[2026-08-28 17:58:38] user_id=1 urządzenia=android:1,ios:0
Tytuł: Ktoś dołączył do Twojego wyjazdu
Treść: TEST grupa push
Dane: {"url":"\/ridemore\/admin"}
------------------------------------------------------------

[2026-08-28 17:58:38] user_id=1 urządzenia=android:1,ios:0
Tytuł: Nowa wiadomość — TEST grupa push
Treść: Sprawdź kanał grupowy wyjazdu.
Dane: {"url":"\/ridemore\/wiadomosci\/grupa\/182"}
------------------------------------------------------------

[2026-08-28 17:58:38] user_id=1 urządzenia=android:1,ios:0
Tytuł: Nowy skarb w Twojej okolicy
Treść: TEST skarb okolica
Dane: {"url":"\/ridemore\/odkrycia"}
------------------------------------------------------------

[2026-08-28 17:58:38] user_id=1 urządzenia=android:1,ios:0
Tytuł: Nowy skarb w Twojej okolicy
Treść: Coś ciekawego czeka w Twojej okolicy — sprawdź mapę.
Dane: {"url":"\/ridemore\/odkrycia"}
------------------------------------------------------------

[2026-08-28 18:02:40] user_id=1 urządzenia=android:1,ios:0
Tytuł: TEST tytuł
Treść: TEST treść
Dane: []
------------------------------------------------------------

[2026-08-28 18:02:40] user_id=1 urządzenia=android:1,ios:0
Tytuł: Ktoś dołączył do Twojego wyjazdu
Treść: TEST wyjazd push
Dane: {"url":"\/ridemore\/admin"}
------------------------------------------------------------

[2026-08-28 18:02:40] user_id=2 urządzenia=android:1,ios:0
Tytuł: Nowa wiadomość
Treść: Masz nową wiadomość na Ridemore.
Dane: {"url":"\/ridemore\/wiadomosci\/33"}
------------------------------------------------------------

[2026-08-28 18:02:40] user_id=1 urządzenia=android:1,ios:0
Tytuł: Ktoś dołączył do Twojego wyjazdu
Treść: TEST grupa push
Dane: {"url":"\/ridemore\/admin"}
------------------------------------------------------------

[2026-08-28 18:02:40] user_id=1 urządzenia=android:1,ios:0
Tytuł: Nowa wiadomość — TEST grupa push
Treść: Sprawdź kanał grupowy wyjazdu.
Dane: {"url":"\/ridemore\/wiadomosci\/grupa\/185"}
------------------------------------------------------------

[2026-08-28 18:02:41] user_id=1 urządzenia=android:1,ios:0
Tytuł: Nowy skarb w Twojej okolicy
Treść: TEST skarb okolica
Dane: {"url":"\/ridemore\/odkrycia"}
------------------------------------------------------------

[2026-08-28 18:02:41] user_id=1 urządzenia=android:1,ios:0
Tytuł: Nowy skarb w Twojej okolicy
Treść: Coś ciekawego czeka w Twojej okolicy — sprawdź mapę.
Dane: {"url":"\/ridemore\/odkrycia"}
------------------------------------------------------------

[2026-08-28 18:04:42] user_id=1 urządzenia=android:1,ios:0
Tytuł: TEST tytuł
Treść: TEST treść
Dane: []
------------------------------------------------------------

[2026-08-28 18:04:42] user_id=1 urządzenia=android:1,ios:0
Tytuł: Ktoś dołączył do Twojego wyjazdu
Treść: TEST wyjazd push
Dane: {"url":"\/ridemore\/admin"}
------------------------------------------------------------

[2026-08-28 18:04:42] user_id=2 urządzenia=android:1,ios:0
Tytuł: Nowa wiadomość
Treść: Masz nową wiadomość na Ridemore.
Dane: {"url":"\/ridemore\/wiadomosci\/34"}
------------------------------------------------------------

[2026-08-28 18:04:42] user_id=1 urządzenia=android:1,ios:0
Tytuł: Ktoś dołączył do Twojego wyjazdu
Treść: TEST grupa push
Dane: {"url":"\/ridemore\/admin"}
------------------------------------------------------------

[2026-08-28 18:04:42] user_id=1 urządzenia=android:1,ios:0
Tytuł: Nowa wiadomość — TEST grupa push
Treść: Sprawdź kanał grupowy wyjazdu.
Dane: {"url":"\/ridemore\/wiadomosci\/grupa\/188"}
------------------------------------------------------------

[2026-08-28 18:04:43] user_id=1 urządzenia=android:1,ios:0
Tytuł: Nowy skarb w Twojej okolicy
Treść: TEST skarb okolica
Dane: {"url":"\/ridemore\/odkrycia"}
------------------------------------------------------------

[2026-08-28 18:04:43] user_id=1 urządzenia=android:1,ios:0
Tytuł: Nowy skarb w Twojej okolicy
Treść: Coś ciekawego czeka w Twojej okolicy — sprawdź mapę.
Dane: {"url":"\/ridemore\/odkrycia"}
------------------------------------------------------------

[2026-08-28 18:05:45] user_id=1 urządzenia=android:1,ios:0
Tytuł: TEST tytuł
Treść: TEST treść
Dane: []
------------------------------------------------------------

[2026-08-28 18:05:45] user_id=1 urządzenia=android:1,ios:0
Tytuł: Ktoś dołączył do Twojego wyjazdu
Treść: TEST wyjazd push
Dane: {"url":"\/ridemore\/admin"}
------------------------------------------------------------

[2026-08-28 18:05:45] user_id=2 urządzenia=android:1,ios:0
Tytuł: Nowa wiadomość
Treść: Masz nową wiadomość na Ridemore.
Dane: {"url":"\/ridemore\/wiadomosci\/35"}
------------------------------------------------------------

[2026-08-28 18:05:45] user_id=1 urządzenia=android:1,ios:0
Tytuł: Ktoś dołączył do Twojego wyjazdu
Treść: TEST grupa push
Dane: {"url":"\/ridemore\/admin"}
------------------------------------------------------------

[2026-08-28 18:05:45] user_id=1 urządzenia=android:1,ios:0
Tytuł: Nowa wiadomość — TEST grupa push
Treść: Sprawdź kanał grupowy wyjazdu.
Dane: {"url":"\/ridemore\/wiadomosci\/grupa\/191"}
------------------------------------------------------------

[2026-08-28 18:05:45] user_id=1 urządzenia=android:1,ios:0
Tytuł: Nowy skarb w Twojej okolicy
Treść: TEST skarb okolica
Dane: {"url":"\/ridemore\/odkrycia"}
------------------------------------------------------------

[2026-08-28 18:05:45] user_id=1 urządzenia=android:1,ios:0
Tytuł: Nowy skarb w Twojej okolicy
Treść: Coś ciekawego czeka w Twojej okolicy — sprawdź mapę.
Dane: {"url":"\/ridemore\/odkrycia"}
------------------------------------------------------------

[2026-08-28 18:06:26] user_id=1 urządzenia=android:1,ios:0
Tytuł: TEST tytuł
Treść: TEST treść
Dane: []
------------------------------------------------------------

[2026-08-28 18:06:26] user_id=1 urządzenia=android:1,ios:0
Tytuł: Ktoś dołączył do Twojego wyjazdu
Treść: TEST wyjazd push
Dane: {"url":"\/ridemore\/admin"}
------------------------------------------------------------

[2026-08-28 18:06:26] user_id=2 urządzenia=android:1,ios:0
Tytuł: Nowa wiadomość
Treść: Masz nową wiadomość na Ridemore.
Dane: {"url":"\/ridemore\/wiadomosci\/36"}
------------------------------------------------------------

[2026-08-28 18:06:26] user_id=1 urządzenia=android:1,ios:0
Tytuł: Ktoś dołączył do Twojego wyjazdu
Treść: TEST grupa push
Dane: {"url":"\/ridemore\/admin"}
------------------------------------------------------------

[2026-08-28 18:06:26] user_id=1 urządzenia=android:1,ios:0
Tytuł: Nowa wiadomość — TEST grupa push
Treść: Sprawdź kanał grupowy wyjazdu.
Dane: {"url":"\/ridemore\/wiadomosci\/grupa\/194"}
------------------------------------------------------------

[2026-08-28 18:06:26] user_id=1 urządzenia=android:1,ios:0
Tytuł: Nowy skarb w Twojej okolicy
Treść: TEST skarb okolica
Dane: {"url":"\/ridemore\/odkrycia"}
------------------------------------------------------------

[2026-08-28 18:06:27] user_id=1 urządzenia=android:1,ios:0
Tytuł: Nowy skarb w Twojej okolicy
Treść: Coś ciekawego czeka w Twojej okolicy — sprawdź mapę.
Dane: {"url":"\/ridemore\/odkrycia"}
------------------------------------------------------------

[2026-08-28 18:07:22] user_id=1 urządzenia=android:1,ios:0
Tytuł: TEST tytuł
Treść: TEST treść
Dane: []
------------------------------------------------------------

[2026-08-28 18:07:22] user_id=1 urządzenia=android:1,ios:0
Tytuł: Ktoś dołączył do Twojego wyjazdu
Treść: TEST wyjazd push
Dane: {"url":"\/ridemore\/admin"}
------------------------------------------------------------

[2026-08-28 18:07:22] user_id=2 urządzenia=android:1,ios:0
Tytuł: Nowa wiadomość
Treść: Masz nową wiadomość na Ridemore.
Dane: {"url":"\/ridemore\/wiadomosci\/37"}
------------------------------------------------------------

[2026-08-28 18:07:23] user_id=1 urządzenia=android:1,ios:0
Tytuł: Ktoś dołączył do Twojego wyjazdu
Treść: TEST grupa push
Dane: {"url":"\/ridemore\/admin"}
------------------------------------------------------------

[2026-08-28 18:07:23] user_id=1 urządzenia=android:1,ios:0
Tytuł: Nowa wiadomość — TEST grupa push
Treść: Sprawdź kanał grupowy wyjazdu.
Dane: {"url":"\/ridemore\/wiadomosci\/grupa\/197"}
------------------------------------------------------------

[2026-08-28 18:07:23] user_id=1 urządzenia=android:1,ios:0
Tytuł: Nowy skarb w Twojej okolicy
Treść: TEST skarb okolica
Dane: {"url":"\/ridemore\/odkrycia"}
------------------------------------------------------------

[2026-08-28 18:07:23] user_id=1 urządzenia=android:1,ios:0
Tytuł: Nowy skarb w Twojej okolicy
Treść: Coś ciekawego czeka w Twojej okolicy — sprawdź mapę.
Dane: {"url":"\/ridemore\/odkrycia"}
------------------------------------------------------------

[2026-08-28 18:08:24] user_id=1 urządzenia=android:1,ios:0
Tytuł: TEST tytuł
Treść: TEST treść
Dane: []
------------------------------------------------------------

[2026-08-28 18:08:24] user_id=1 urządzenia=android:1,ios:0
Tytuł: Ktoś dołączył do Twojego wyjazdu
Treść: TEST wyjazd push
Dane: {"url":"\/ridemore\/admin"}
------------------------------------------------------------

[2026-08-28 18:08:24] user_id=2 urządzenia=android:1,ios:0
Tytuł: Nowa wiadomość
Treść: Masz nową wiadomość na Ridemore.
Dane: {"url":"\/ridemore\/wiadomosci\/38"}
------------------------------------------------------------

[2026-08-28 18:08:24] user_id=1 urządzenia=android:1,ios:0
Tytuł: Ktoś dołączył do Twojego wyjazdu
Treść: TEST grupa push
Dane: {"url":"\/ridemore\/admin"}
------------------------------------------------------------

[2026-08-28 18:08:24] user_id=1 urządzenia=android:1,ios:0
Tytuł: Nowa wiadomość — TEST grupa push
Treść: Sprawdź kanał grupowy wyjazdu.
Dane: {"url":"\/ridemore\/wiadomosci\/grupa\/200"}
------------------------------------------------------------

[2026-08-28 18:08:25] user_id=1 urządzenia=android:1,ios:0
Tytuł: Nowy skarb w Twojej okolicy
Treść: TEST skarb okolica
Dane: {"url":"\/ridemore\/odkrycia"}
------------------------------------------------------------

[2026-08-28 18:08:25] user_id=1 urządzenia=android:1,ios:0
Tytuł: Nowy skarb w Twojej okolicy
Treść: Coś ciekawego czeka w Twojej okolicy — sprawdź mapę.
Dane: {"url":"\/ridemore\/odkrycia"}
------------------------------------------------------------

[2026-08-28 18:09:47] user_id=1 urządzenia=android:1,ios:0
Tytuł: TEST tytuł
Treść: TEST treść
Dane: []
------------------------------------------------------------

[2026-08-28 18:09:47] user_id=1 urządzenia=android:1,ios:0
Tytuł: Ktoś dołączył do Twojego wyjazdu
Treść: TEST wyjazd push
Dane: {"url":"\/ridemore\/admin"}
------------------------------------------------------------

[2026-08-28 18:09:47] user_id=2 urządzenia=android:1,ios:0
Tytuł: Nowa wiadomość
Treść: Masz nową wiadomość na Ridemore.
Dane: {"url":"\/ridemore\/wiadomosci\/39"}
------------------------------------------------------------

[2026-08-28 18:09:47] user_id=1 urządzenia=android:1,ios:0
Tytuł: Ktoś dołączył do Twojego wyjazdu
Treść: TEST grupa push
Dane: {"url":"\/ridemore\/admin"}
------------------------------------------------------------

[2026-08-28 18:09:47] user_id=1 urządzenia=android:1,ios:0
Tytuł: Nowa wiadomość — TEST grupa push
Treść: Sprawdź kanał grupowy wyjazdu.
Dane: {"url":"\/ridemore\/wiadomosci\/grupa\/203"}
------------------------------------------------------------

[2026-08-28 18:09:47] user_id=1 urządzenia=android:1,ios:0
Tytuł: Nowy skarb w Twojej okolicy
Treść: TEST skarb okolica
Dane: {"url":"\/ridemore\/odkrycia"}
------------------------------------------------------------

[2026-08-28 18:09:47] user_id=1 urządzenia=android:1,ios:0
Tytuł: Nowy skarb w Twojej okolicy
Treść: Coś ciekawego czeka w Twojej okolicy — sprawdź mapę.
Dane: {"url":"\/ridemore\/odkrycia"}
------------------------------------------------------------

[2026-08-28 18:20:15] user_id=1 urządzenia=android:1,ios:0
Tytuł: TEST tytuł
Treść: TEST treść
Dane: []
------------------------------------------------------------

[2026-08-28 18:20:15] user_id=1 urządzenia=android:1,ios:0
Tytuł: Ktoś dołączył do Twojego wyjazdu
Treść: TEST wyjazd push
Dane: {"url":"\/ridemore\/admin"}
------------------------------------------------------------

[2026-08-28 18:20:15] user_id=2 urządzenia=android:1,ios:0
Tytuł: Nowa wiadomość
Treść: Masz nową wiadomość na Ridemore.
Dane: {"url":"\/ridemore\/wiadomosci\/40"}
------------------------------------------------------------

[2026-08-28 18:20:15] user_id=1 urządzenia=android:1,ios:0
Tytuł: Ktoś dołączył do Twojego wyjazdu
Treść: TEST grupa push
Dane: {"url":"\/ridemore\/admin"}
------------------------------------------------------------

[2026-08-28 18:20:15] user_id=1 urządzenia=android:1,ios:0
Tytuł: Nowa wiadomość — TEST grupa push
Treść: Sprawdź kanał grupowy wyjazdu.
Dane: {"url":"\/ridemore\/wiadomosci\/grupa\/206"}
------------------------------------------------------------

[2026-08-28 18:20:15] user_id=1 urządzenia=android:1,ios:0
Tytuł: Nowy skarb w Twojej okolicy
Treść: TEST skarb okolica
Dane: {"url":"\/ridemore\/odkrycia"}
------------------------------------------------------------

[2026-08-28 18:20:15] user_id=1 urządzenia=android:1,ios:0
Tytuł: Nowy skarb w Twojej okolicy
Treść: Coś ciekawego czeka w Twojej okolicy — sprawdź mapę.
Dane: {"url":"\/ridemore\/odkrycia"}
------------------------------------------------------------

[2026-08-28 18:25:40] user_id=1 urządzenia=android:1,ios:0
Tytuł: TEST tytuł
Treść: TEST treść
Dane: []
------------------------------------------------------------

[2026-08-28 18:25:40] user_id=1 urządzenia=android:1,ios:0
Tytuł: Ktoś dołączył do Twojego wyjazdu
Treść: TEST wyjazd push
Dane: {"url":"\/ridemore\/admin"}
------------------------------------------------------------

[2026-08-28 18:25:40] user_id=2 urządzenia=android:1,ios:0
Tytuł: Nowa wiadomość
Treść: Masz nową wiadomość na Ridemore.
Dane: {"url":"\/ridemore\/wiadomosci\/41"}
------------------------------------------------------------

[2026-08-28 18:25:40] user_id=1 urządzenia=android:1,ios:0
Tytuł: Ktoś dołączył do Twojego wyjazdu
Treść: TEST grupa push
Dane: {"url":"\/ridemore\/admin"}
------------------------------------------------------------

[2026-08-28 18:25:40] user_id=1 urządzenia=android:1,ios:0
Tytuł: Nowa wiadomość — TEST grupa push
Treść: Sprawdź kanał grupowy wyjazdu.
Dane: {"url":"\/ridemore\/wiadomosci\/grupa\/209"}
------------------------------------------------------------

[2026-08-28 18:25:40] user_id=1 urządzenia=android:1,ios:0
Tytuł: Nowy skarb w Twojej okolicy
Treść: TEST skarb okolica
Dane: {"url":"\/ridemore\/odkrycia"}
------------------------------------------------------------

[2026-08-28 18:25:40] user_id=1 urządzenia=android:1,ios:0
Tytuł: Nowy skarb w Twojej okolicy
Treść: Coś ciekawego czeka w Twojej okolicy — sprawdź mapę.
Dane: {"url":"\/ridemore\/odkrycia"}
------------------------------------------------------------

[2026-08-28 18:29:16] user_id=1 urządzenia=android:1,ios:0
Tytuł: TEST tytuł
Treść: TEST treść
Dane: []
------------------------------------------------------------

[2026-08-28 18:29:16] user_id=1 urządzenia=android:1,ios:0
Tytuł: Ktoś dołączył do Twojego wyjazdu
Treść: TEST wyjazd push
Dane: {"url":"\/ridemore\/admin"}
------------------------------------------------------------

[2026-08-28 18:29:16] user_id=2 urządzenia=android:1,ios:0
Tytuł: Nowa wiadomość
Treść: Masz nową wiadomość na Ridemore.
Dane: {"url":"\/ridemore\/wiadomosci\/42"}
------------------------------------------------------------

[2026-08-28 18:29:16] user_id=1 urządzenia=android:1,ios:0
Tytuł: Ktoś dołączył do Twojego wyjazdu
Treść: TEST grupa push
Dane: {"url":"\/ridemore\/admin"}
------------------------------------------------------------

[2026-08-28 18:29:16] user_id=1 urządzenia=android:1,ios:0
Tytuł: Nowa wiadomość — TEST grupa push
Treść: Sprawdź kanał grupowy wyjazdu.
Dane: {"url":"\/ridemore\/wiadomosci\/grupa\/212"}
------------------------------------------------------------

[2026-08-28 18:29:16] user_id=1 urządzenia=android:1,ios:0
Tytuł: Nowy skarb w Twojej okolicy
Treść: TEST skarb okolica
Dane: {"url":"\/ridemore\/odkrycia"}
------------------------------------------------------------

[2026-08-28 18:29:16] user_id=1 urządzenia=android:1,ios:0
Tytuł: Nowy skarb w Twojej okolicy
Treść: Coś ciekawego czeka w Twojej okolicy — sprawdź mapę.
Dane: {"url":"\/ridemore\/odkrycia"}
------------------------------------------------------------

[2026-08-28 19:06:02] user_id=1 urządzenia=android:1,ios:0
Tytuł: TEST tytuł
Treść: TEST treść
Dane: []
------------------------------------------------------------

[2026-08-28 19:06:02] user_id=1 urządzenia=android:1,ios:0
Tytuł: Ktoś dołączył do Twojego wyjazdu
Treść: TEST wyjazd push
Dane: {"url":"\/ridemore\/admin"}
------------------------------------------------------------

[2026-08-28 19:06:02] user_id=2 urządzenia=android:1,ios:0
Tytuł: Nowa wiadomość
Treść: Masz nową wiadomość na Ridemore.
Dane: {"url":"\/ridemore\/wiadomosci\/43"}
------------------------------------------------------------

[2026-08-28 19:06:02] user_id=1 urządzenia=android:1,ios:0
Tytuł: Ktoś dołączył do Twojego wyjazdu
Treść: TEST grupa push
Dane: {"url":"\/ridemore\/admin"}
------------------------------------------------------------

[2026-08-28 19:06:02] user_id=1 urządzenia=android:1,ios:0
Tytuł: Nowa wiadomość — TEST grupa push
Treść: Sprawdź kanał grupowy wyjazdu.
Dane: {"url":"\/ridemore\/wiadomosci\/grupa\/215"}
------------------------------------------------------------

[2026-08-28 19:06:02] user_id=1 urządzenia=android:1,ios:0
Tytuł: Nowy skarb w Twojej okolicy
Treść: TEST skarb okolica
Dane: {"url":"\/ridemore\/odkrycia"}
------------------------------------------------------------

[2026-08-28 19:06:03] user_id=1 urządzenia=android:1,ios:0
Tytuł: Nowy skarb w Twojej okolicy
Treść: Coś ciekawego czeka w Twojej okolicy — sprawdź mapę.
Dane: {"url":"\/ridemore\/odkrycia"}
------------------------------------------------------------

[2026-08-28 19:21:11] user_id=1 urządzenia=android:1,ios:0
Tytuł: TEST tytuł
Treść: TEST treść
Dane: []
------------------------------------------------------------

[2026-08-28 19:21:11] user_id=1 urządzenia=android:1,ios:0
Tytuł: Ktoś dołączył do Twojego wyjazdu
Treść: TEST wyjazd push
Dane: {"url":"\/ridemore\/admin"}
------------------------------------------------------------

[2026-08-28 19:21:11] user_id=2 urządzenia=android:1,ios:0
Tytuł: Nowa wiadomość
Treść: Masz nową wiadomość na Ridemore.
Dane: {"url":"\/ridemore\/wiadomosci\/44"}
------------------------------------------------------------

[2026-08-28 19:21:11] user_id=1 urządzenia=android:1,ios:0
Tytuł: Ktoś dołączył do Twojego wyjazdu
Treść: TEST grupa push
Dane: {"url":"\/ridemore\/admin"}
------------------------------------------------------------

[2026-08-28 19:21:11] user_id=1 urządzenia=android:1,ios:0
Tytuł: Nowa wiadomość — TEST grupa push
Treść: Sprawdź kanał grupowy wyjazdu.
Dane: {"url":"\/ridemore\/wiadomosci\/grupa\/218"}
------------------------------------------------------------

[2026-08-28 19:21:11] user_id=1 urządzenia=android:1,ios:0
Tytuł: Nowy skarb w Twojej okolicy
Treść: TEST skarb okolica
Dane: {"url":"\/ridemore\/odkrycia"}
------------------------------------------------------------

[2026-08-28 19:21:11] user_id=1 urządzenia=android:1,ios:0
Tytuł: Nowy skarb w Twojej okolicy
Treść: Coś ciekawego czeka w Twojej okolicy — sprawdź mapę.
Dane: {"url":"\/ridemore\/odkrycia"}
------------------------------------------------------------

[2026-08-28 20:22:53] user_id=1 urządzenia=android:1,ios:0
Tytuł: TEST tytuł
Treść: TEST treść
Dane: []
------------------------------------------------------------

[2026-08-28 20:22:53] user_id=1 urządzenia=android:1,ios:0
Tytuł: Ktoś dołączył do Twojego wyjazdu
Treść: TEST wyjazd push
Dane: {"url":"\/ridemore\/admin"}
------------------------------------------------------------

[2026-08-28 20:22:53] user_id=2 urządzenia=android:1,ios:0
Tytuł: Nowa wiadomość
Treść: Masz nową wiadomość na Ridemore.
Dane: {"url":"\/ridemore\/wiadomosci\/45"}
------------------------------------------------------------

[2026-08-28 20:22:53] user_id=1 urządzenia=android:1,ios:0
Tytuł: Ktoś dołączył do Twojego wyjazdu
Treść: TEST grupa push
Dane: {"url":"\/ridemore\/admin"}
------------------------------------------------------------

[2026-08-28 20:22:53] user_id=1 urządzenia=android:1,ios:0
Tytuł: Nowa wiadomość — TEST grupa push
Treść: Sprawdź kanał grupowy wyjazdu.
Dane: {"url":"\/ridemore\/wiadomosci\/grupa\/221"}
------------------------------------------------------------

[2026-08-28 20:22:53] user_id=1 urządzenia=android:1,ios:0
Tytuł: Nowy skarb w Twojej okolicy
Treść: TEST skarb okolica
Dane: {"url":"\/ridemore\/odkrycia"}
------------------------------------------------------------

[2026-08-28 20:22:53] user_id=1 urządzenia=android:1,ios:0
Tytuł: Nowy skarb w Twojej okolicy
Treść: Coś ciekawego czeka w Twojej okolicy — sprawdź mapę.
Dane: {"url":"\/ridemore\/odkrycia"}
------------------------------------------------------------

[2026-08-28 20:23:37] user_id=1 urządzenia=android:1,ios:0
Tytuł: TEST tytuł
Treść: TEST treść
Dane: []
------------------------------------------------------------

[2026-08-28 20:23:37] user_id=1 urządzenia=android:1,ios:0
Tytuł: Ktoś dołączył do Twojego wyjazdu
Treść: TEST wyjazd push
Dane: {"url":"\/ridemore\/admin"}
------------------------------------------------------------

[2026-08-28 20:23:37] user_id=2 urządzenia=android:1,ios:0
Tytuł: Nowa wiadomość
Treść: Masz nową wiadomość na Ridemore.
Dane: {"url":"\/ridemore\/wiadomosci\/46"}
------------------------------------------------------------

[2026-08-28 20:23:37] user_id=1 urządzenia=android:1,ios:0
Tytuł: Ktoś dołączył do Twojego wyjazdu
Treść: TEST grupa push
Dane: {"url":"\/ridemore\/admin"}
------------------------------------------------------------

[2026-08-28 20:23:37] user_id=1 urządzenia=android:1,ios:0
Tytuł: Nowa wiadomość — TEST grupa push
Treść: Sprawdź kanał grupowy wyjazdu.
Dane: {"url":"\/ridemore\/wiadomosci\/grupa\/224"}
------------------------------------------------------------

[2026-08-28 20:23:37] user_id=1 urządzenia=android:1,ios:0
Tytuł: Nowy skarb w Twojej okolicy
Treść: TEST skarb okolica
Dane: {"url":"\/ridemore\/odkrycia"}
------------------------------------------------------------

[2026-08-28 20:23:37] user_id=1 urządzenia=android:1,ios:0
Tytuł: Nowy skarb w Twojej okolicy
Treść: Coś ciekawego czeka w Twojej okolicy — sprawdź mapę.
Dane: {"url":"\/ridemore\/odkrycia"}
------------------------------------------------------------

[2026-08-28 20:24:20] user_id=1 urządzenia=android:1,ios:0
Tytuł: TEST tytuł
Treść: TEST treść
Dane: []
------------------------------------------------------------

[2026-08-28 20:24:20] user_id=1 urządzenia=android:1,ios:0
Tytuł: Ktoś dołączył do Twojego wyjazdu
Treść: TEST wyjazd push
Dane: {"url":"\/ridemore\/admin"}
------------------------------------------------------------

[2026-08-28 20:24:20] user_id=2 urządzenia=android:1,ios:0
Tytuł: Nowa wiadomość
Treść: Masz nową wiadomość na Ridemore.
Dane: {"url":"\/ridemore\/wiadomosci\/47"}
------------------------------------------------------------

[2026-08-28 20:24:20] user_id=1 urządzenia=android:1,ios:0
Tytuł: Ktoś dołączył do Twojego wyjazdu
Treść: TEST grupa push
Dane: {"url":"\/ridemore\/admin"}
------------------------------------------------------------

[2026-08-28 20:24:20] user_id=1 urządzenia=android:1,ios:0
Tytuł: Nowa wiadomość — TEST grupa push
Treść: Sprawdź kanał grupowy wyjazdu.
Dane: {"url":"\/ridemore\/wiadomosci\/grupa\/227"}
------------------------------------------------------------

[2026-08-28 20:24:20] user_id=1 urządzenia=android:1,ios:0
Tytuł: Nowy skarb w Twojej okolicy
Treść: TEST skarb okolica
Dane: {"url":"\/ridemore\/odkrycia"}
------------------------------------------------------------

[2026-08-28 20:24:20] user_id=1 urządzenia=android:1,ios:0
Tytuł: Nowy skarb w Twojej okolicy
Treść: Coś ciekawego czeka w Twojej okolicy — sprawdź mapę.
Dane: {"url":"\/ridemore\/odkrycia"}
------------------------------------------------------------

[2026-08-28 20:25:19] user_id=1 urządzenia=android:1,ios:0
Tytuł: TEST tytuł
Treść: TEST treść
Dane: []
------------------------------------------------------------

[2026-08-28 20:25:19] user_id=1 urządzenia=android:1,ios:0
Tytuł: Ktoś dołączył do Twojego wyjazdu
Treść: TEST wyjazd push
Dane: {"url":"\/ridemore\/admin"}
------------------------------------------------------------

[2026-08-28 20:25:19] user_id=2 urządzenia=android:1,ios:0
Tytuł: Nowa wiadomość
Treść: Masz nową wiadomość na Ridemore.
Dane: {"url":"\/ridemore\/wiadomosci\/48"}
------------------------------------------------------------

[2026-08-28 20:25:19] user_id=1 urządzenia=android:1,ios:0
Tytuł: Ktoś dołączył do Twojego wyjazdu
Treść: TEST grupa push
Dane: {"url":"\/ridemore\/admin"}
------------------------------------------------------------

[2026-08-28 20:25:19] user_id=1 urządzenia=android:1,ios:0
Tytuł: Nowa wiadomość — TEST grupa push
Treść: Sprawdź kanał grupowy wyjazdu.
Dane: {"url":"\/ridemore\/wiadomosci\/grupa\/230"}
------------------------------------------------------------

[2026-08-28 20:25:19] user_id=1 urządzenia=android:1,ios:0
Tytuł: Nowy skarb w Twojej okolicy
Treść: TEST skarb okolica
Dane: {"url":"\/ridemore\/odkrycia"}
------------------------------------------------------------

[2026-08-28 20:25:19] user_id=1 urządzenia=android:1,ios:0
Tytuł: Nowy skarb w Twojej okolicy
Treść: Coś ciekawego czeka w Twojej okolicy — sprawdź mapę.
Dane: {"url":"\/ridemore\/odkrycia"}
------------------------------------------------------------

[2026-08-28 20:29:28] user_id=1 urządzenia=android:1,ios:0
Tytuł: TEST tytuł
Treść: TEST treść
Dane: []
------------------------------------------------------------

[2026-08-28 20:29:29] user_id=1 urządzenia=android:1,ios:0
Tytuł: Ktoś dołączył do Twojego wyjazdu
Treść: TEST wyjazd push
Dane: {"url":"\/ridemore\/admin"}
------------------------------------------------------------

[2026-08-28 20:29:29] user_id=2 urządzenia=android:1,ios:0
Tytuł: Nowa wiadomość
Treść: Masz nową wiadomość na Ridemore.
Dane: {"url":"\/ridemore\/wiadomosci\/49"}
------------------------------------------------------------

[2026-08-28 20:29:29] user_id=1 urządzenia=android:1,ios:0
Tytuł: Ktoś dołączył do Twojego wyjazdu
Treść: TEST grupa push
Dane: {"url":"\/ridemore\/admin"}
------------------------------------------------------------

[2026-08-28 20:29:29] user_id=1 urządzenia=android:1,ios:0
Tytuł: Nowa wiadomość — TEST grupa push
Treść: Sprawdź kanał grupowy wyjazdu.
Dane: {"url":"\/ridemore\/wiadomosci\/grupa\/233"}
------------------------------------------------------------

[2026-08-28 20:29:29] user_id=1 urządzenia=android:1,ios:0
Tytuł: Nowy skarb w Twojej okolicy
Treść: TEST skarb okolica
Dane: {"url":"\/ridemore\/odkrycia"}
------------------------------------------------------------

[2026-08-28 20:29:29] user_id=1 urządzenia=android:1,ios:0
Tytuł: Nowy skarb w Twojej okolicy
Treść: Coś ciekawego czeka w Twojej okolicy — sprawdź mapę.
Dane: {"url":"\/ridemore\/odkrycia"}
------------------------------------------------------------

[2026-08-28 20:31:12] user_id=1 urządzenia=android:1,ios:0
Tytuł: TEST tytuł
Treść: TEST treść
Dane: []
------------------------------------------------------------

[2026-08-28 20:31:12] user_id=1 urządzenia=android:1,ios:0
Tytuł: Ktoś dołączył do Twojego wyjazdu
Treść: TEST wyjazd push
Dane: {"url":"\/ridemore\/admin"}
------------------------------------------------------------

[2026-08-28 20:31:12] user_id=2 urządzenia=android:1,ios:0
Tytuł: Nowa wiadomość
Treść: Masz nową wiadomość na Ridemore.
Dane: {"url":"\/ridemore\/wiadomosci\/50"}
------------------------------------------------------------

[2026-08-28 20:31:12] user_id=1 urządzenia=android:1,ios:0
Tytuł: Ktoś dołączył do Twojego wyjazdu
Treść: TEST grupa push
Dane: {"url":"\/ridemore\/admin"}
------------------------------------------------------------

[2026-08-28 20:31:12] user_id=1 urządzenia=android:1,ios:0
Tytuł: Nowa wiadomość — TEST grupa push
Treść: Sprawdź kanał grupowy wyjazdu.
Dane: {"url":"\/ridemore\/wiadomosci\/grupa\/236"}
------------------------------------------------------------

[2026-08-28 20:31:12] user_id=1 urządzenia=android:1,ios:0
Tytuł: Nowy skarb w Twojej okolicy
Treść: TEST skarb okolica
Dane: {"url":"\/ridemore\/odkrycia"}
------------------------------------------------------------

[2026-08-28 20:31:12] user_id=1 urządzenia=android:1,ios:0
Tytuł: Nowy skarb w Twojej okolicy
Treść: Coś ciekawego czeka w Twojej okolicy — sprawdź mapę.
Dane: {"url":"\/ridemore\/odkrycia"}
------------------------------------------------------------

[2026-08-29 10:31:24] user_id=1 urządzenia=android:1,ios:0
Tytuł: TEST tytuł
Treść: TEST treść
Dane: []
------------------------------------------------------------

[2026-08-29 10:31:24] user_id=1 urządzenia=android:1,ios:0
Tytuł: Ktoś dołączył do Twojego wyjazdu
Treść: TEST wyjazd push
Dane: {"url":"\/ridemore\/admin"}
------------------------------------------------------------

[2026-08-29 10:31:24] user_id=2 urządzenia=android:1,ios:0
Tytuł: Nowa wiadomość
Treść: Masz nową wiadomość na Ridemore.
Dane: {"url":"\/ridemore\/wiadomosci\/51"}
------------------------------------------------------------

[2026-08-29 10:31:24] user_id=1 urządzenia=android:1,ios:0
Tytuł: Ktoś dołączył do Twojego wyjazdu
Treść: TEST grupa push
Dane: {"url":"\/ridemore\/admin"}
------------------------------------------------------------

[2026-08-29 10:31:24] user_id=1 urządzenia=android:1,ios:0
Tytuł: Nowa wiadomość — TEST grupa push
Treść: Sprawdź kanał grupowy wyjazdu.
Dane: {"url":"\/ridemore\/wiadomosci\/grupa\/239"}
------------------------------------------------------------

[2026-08-29 10:31:24] user_id=1 urządzenia=android:1,ios:0
Tytuł: Nowy skarb w Twojej okolicy
Treść: TEST skarb okolica
Dane: {"url":"\/ridemore\/odkrycia"}
------------------------------------------------------------

[2026-08-29 10:31:24] user_id=1 urządzenia=android:1,ios:0
Tytuł: Nowy skarb w Twojej okolicy
Treść: Coś ciekawego czeka w Twojej okolicy — sprawdź mapę.
Dane: {"url":"\/ridemore\/odkrycia"}
------------------------------------------------------------

[2026-08-29 10:32:07] user_id=1 urządzenia=android:1,ios:0
Tytuł: TEST tytuł
Treść: TEST treść
Dane: []
------------------------------------------------------------

[2026-08-29 10:32:07] user_id=1 urządzenia=android:1,ios:0
Tytuł: Ktoś dołączył do Twojego wyjazdu
Treść: TEST wyjazd push
Dane: {"url":"\/ridemore\/admin"}
------------------------------------------------------------

[2026-08-29 10:32:07] user_id=2 urządzenia=android:1,ios:0
Tytuł: Nowa wiadomość
Treść: Masz nową wiadomość na Ridemore.
Dane: {"url":"\/ridemore\/wiadomosci\/52"}
------------------------------------------------------------

[2026-08-29 10:32:07] user_id=1 urządzenia=android:1,ios:0
Tytuł: Ktoś dołączył do Twojego wyjazdu
Treść: TEST grupa push
Dane: {"url":"\/ridemore\/admin"}
------------------------------------------------------------

[2026-08-29 10:32:07] user_id=1 urządzenia=android:1,ios:0
Tytuł: Nowa wiadomość — TEST grupa push
Treść: Sprawdź kanał grupowy wyjazdu.
Dane: {"url":"\/ridemore\/wiadomosci\/grupa\/242"}
------------------------------------------------------------

[2026-08-29 10:32:07] user_id=1 urządzenia=android:1,ios:0
Tytuł: Nowy skarb w Twojej okolicy
Treść: TEST skarb okolica
Dane: {"url":"\/ridemore\/odkrycia"}
------------------------------------------------------------

[2026-08-29 10:32:07] user_id=1 urządzenia=android:1,ios:0
Tytuł: Nowy skarb w Twojej okolicy
Treść: Coś ciekawego czeka w Twojej okolicy — sprawdź mapę.
Dane: {"url":"\/ridemore\/odkrycia"}
------------------------------------------------------------

[2026-08-29 10:33:46] user_id=1 urządzenia=android:1,ios:0
Tytuł: TEST tytuł
Treść: TEST treść
Dane: []
------------------------------------------------------------

[2026-08-29 10:33:46] user_id=1 urządzenia=android:1,ios:0
Tytuł: Ktoś dołączył do Twojego wyjazdu
Treść: TEST wyjazd push
Dane: {"url":"\/ridemore\/admin"}
------------------------------------------------------------

[2026-08-29 10:33:46] user_id=2 urządzenia=android:1,ios:0
Tytuł: Nowa wiadomość
Treść: Masz nową wiadomość na Ridemore.
Dane: {"url":"\/ridemore\/wiadomosci\/53"}
------------------------------------------------------------

[2026-08-29 10:33:46] user_id=1 urządzenia=android:1,ios:0
Tytuł: Ktoś dołączył do Twojego wyjazdu
Treść: TEST grupa push
Dane: {"url":"\/ridemore\/admin"}
------------------------------------------------------------

[2026-08-29 10:33:46] user_id=1 urządzenia=android:1,ios:0
Tytuł: Nowa wiadomość — TEST grupa push
Treść: Sprawdź kanał grupowy wyjazdu.
Dane: {"url":"\/ridemore\/wiadomosci\/grupa\/245"}
------------------------------------------------------------

[2026-08-29 10:33:46] user_id=1 urządzenia=android:1,ios:0
Tytuł: Nowy skarb w Twojej okolicy
Treść: TEST skarb okolica
Dane: {"url":"\/ridemore\/odkrycia"}
------------------------------------------------------------

[2026-08-29 10:33:46] user_id=1 urządzenia=android:1,ios:0
Tytuł: Nowy skarb w Twojej okolicy
Treść: Coś ciekawego czeka w Twojej okolicy — sprawdź mapę.
Dane: {"url":"\/ridemore\/odkrycia"}
------------------------------------------------------------

[2026-08-29 10:34:24] user_id=1 urządzenia=android:1,ios:0
Tytuł: TEST tytuł
Treść: TEST treść
Dane: []
------------------------------------------------------------

[2026-08-29 10:34:25] user_id=1 urządzenia=android:1,ios:0
Tytuł: Ktoś dołączył do Twojego wyjazdu
Treść: TEST wyjazd push
Dane: {"url":"\/ridemore\/admin"}
------------------------------------------------------------

[2026-08-29 10:34:25] user_id=2 urządzenia=android:1,ios:0
Tytuł: Nowa wiadomość
Treść: Masz nową wiadomość na Ridemore.
Dane: {"url":"\/ridemore\/wiadomosci\/54"}
------------------------------------------------------------

[2026-08-29 10:34:25] user_id=1 urządzenia=android:1,ios:0
Tytuł: Ktoś dołączył do Twojego wyjazdu
Treść: TEST grupa push
Dane: {"url":"\/ridemore\/admin"}
------------------------------------------------------------

[2026-08-29 10:34:25] user_id=1 urządzenia=android:1,ios:0
Tytuł: Nowa wiadomość — TEST grupa push
Treść: Sprawdź kanał grupowy wyjazdu.
Dane: {"url":"\/ridemore\/wiadomosci\/grupa\/248"}
------------------------------------------------------------

[2026-08-29 10:34:25] user_id=1 urządzenia=android:1,ios:0
Tytuł: Nowy skarb w Twojej okolicy
Treść: TEST skarb okolica
Dane: {"url":"\/ridemore\/odkrycia"}
------------------------------------------------------------

[2026-08-29 10:34:25] user_id=1 urządzenia=android:1,ios:0
Tytuł: Nowy skarb w Twojej okolicy
Treść: Coś ciekawego czeka w Twojej okolicy — sprawdź mapę.
Dane: {"url":"\/ridemore\/odkrycia"}
------------------------------------------------------------

[2026-08-29 10:35:31] user_id=1 urządzenia=android:1,ios:0
Tytuł: TEST tytuł
Treść: TEST treść
Dane: []
------------------------------------------------------------

[2026-08-29 10:35:31] user_id=1 urządzenia=android:1,ios:0
Tytuł: Ktoś dołączył do Twojego wyjazdu
Treść: TEST wyjazd push
Dane: {"url":"\/ridemore\/admin"}
------------------------------------------------------------

[2026-08-29 10:35:31] user_id=2 urządzenia=android:1,ios:0
Tytuł: Nowa wiadomość
Treść: Masz nową wiadomość na Ridemore.
Dane: {"url":"\/ridemore\/wiadomosci\/55"}
------------------------------------------------------------

[2026-08-29 10:35:31] user_id=1 urządzenia=android:1,ios:0
Tytuł: Ktoś dołączył do Twojego wyjazdu
Treść: TEST grupa push
Dane: {"url":"\/ridemore\/admin"}
------------------------------------------------------------

[2026-08-29 10:35:31] user_id=1 urządzenia=android:1,ios:0
Tytuł: Nowa wiadomość — TEST grupa push
Treść: Sprawdź kanał grupowy wyjazdu.
Dane: {"url":"\/ridemore\/wiadomosci\/grupa\/251"}
------------------------------------------------------------

[2026-08-29 10:35:31] user_id=1 urządzenia=android:1,ios:0
Tytuł: Nowy skarb w Twojej okolicy
Treść: TEST skarb okolica
Dane: {"url":"\/ridemore\/odkrycia"}
------------------------------------------------------------

[2026-08-29 10:35:31] user_id=1 urządzenia=android:1,ios:0
Tytuł: Nowy skarb w Twojej okolicy
Treść: Coś ciekawego czeka w Twojej okolicy — sprawdź mapę.
Dane: {"url":"\/ridemore\/odkrycia"}
------------------------------------------------------------

[2026-08-29 10:36:09] user_id=1 urządzenia=android:1,ios:0
Tytuł: TEST tytuł
Treść: TEST treść
Dane: []
------------------------------------------------------------

[2026-08-29 10:36:09] user_id=1 urządzenia=android:1,ios:0
Tytuł: Ktoś dołączył do Twojego wyjazdu
Treść: TEST wyjazd push
Dane: {"url":"\/ridemore\/admin"}
------------------------------------------------------------

[2026-08-29 10:36:09] user_id=2 urządzenia=android:1,ios:0
Tytuł: Nowa wiadomość
Treść: Masz nową wiadomość na Ridemore.
Dane: {"url":"\/ridemore\/wiadomosci\/56"}
------------------------------------------------------------

[2026-08-29 10:36:09] user_id=1 urządzenia=android:1,ios:0
Tytuł: Ktoś dołączył do Twojego wyjazdu
Treść: TEST grupa push
Dane: {"url":"\/ridemore\/admin"}
------------------------------------------------------------

[2026-08-29 10:36:09] user_id=1 urządzenia=android:1,ios:0
Tytuł: Nowa wiadomość — TEST grupa push
Treść: Sprawdź kanał grupowy wyjazdu.
Dane: {"url":"\/ridemore\/wiadomosci\/grupa\/254"}
------------------------------------------------------------

[2026-08-29 10:36:10] user_id=1 urządzenia=android:1,ios:0
Tytuł: Nowy skarb w Twojej okolicy
Treść: TEST skarb okolica
Dane: {"url":"\/ridemore\/odkrycia"}
------------------------------------------------------------

[2026-08-29 10:36:10] user_id=1 urządzenia=android:1,ios:0
Tytuł: Nowy skarb w Twojej okolicy
Treść: Coś ciekawego czeka w Twojej okolicy — sprawdź mapę.
Dane: {"url":"\/ridemore\/odkrycia"}
------------------------------------------------------------

[2026-08-29 10:37:02] user_id=1 urządzenia=android:1,ios:0
Tytuł: TEST tytuł
Treść: TEST treść
Dane: []
------------------------------------------------------------

[2026-08-29 10:37:02] user_id=1 urządzenia=android:1,ios:0
Tytuł: Ktoś dołączył do Twojego wyjazdu
Treść: TEST wyjazd push
Dane: {"url":"\/ridemore\/admin"}
------------------------------------------------------------

[2026-08-29 10:37:02] user_id=2 urządzenia=android:1,ios:0
Tytuł: Nowa wiadomość
Treść: Masz nową wiadomość na Ridemore.
Dane: {"url":"\/ridemore\/wiadomosci\/57"}
------------------------------------------------------------

[2026-08-29 10:37:02] user_id=1 urządzenia=android:1,ios:0
Tytuł: Ktoś dołączył do Twojego wyjazdu
Treść: TEST grupa push
Dane: {"url":"\/ridemore\/admin"}
------------------------------------------------------------

[2026-08-29 10:37:02] user_id=1 urządzenia=android:1,ios:0
Tytuł: Nowa wiadomość — TEST grupa push
Treść: Sprawdź kanał grupowy wyjazdu.
Dane: {"url":"\/ridemore\/wiadomosci\/grupa\/257"}
------------------------------------------------------------

[2026-08-29 10:37:02] user_id=1 urządzenia=android:1,ios:0
Tytuł: Nowy skarb w Twojej okolicy
Treść: TEST skarb okolica
Dane: {"url":"\/ridemore\/odkrycia"}
------------------------------------------------------------

[2026-08-29 10:37:02] user_id=1 urządzenia=android:1,ios:0
Tytuł: Nowy skarb w Twojej okolicy
Treść: Coś ciekawego czeka w Twojej okolicy — sprawdź mapę.
Dane: {"url":"\/ridemore\/odkrycia"}
------------------------------------------------------------

[2026-08-29 10:37:39] user_id=1 urządzenia=android:1,ios:0
Tytuł: TEST tytuł
Treść: TEST treść
Dane: []
------------------------------------------------------------

[2026-08-29 10:37:39] user_id=1 urządzenia=android:1,ios:0
Tytuł: Ktoś dołączył do Twojego wyjazdu
Treść: TEST wyjazd push
Dane: {"url":"\/ridemore\/admin"}
------------------------------------------------------------

[2026-08-29 10:37:39] user_id=2 urządzenia=android:1,ios:0
Tytuł: Nowa wiadomość
Treść: Masz nową wiadomość na Ridemore.
Dane: {"url":"\/ridemore\/wiadomosci\/58"}
------------------------------------------------------------

[2026-08-29 10:37:40] user_id=1 urządzenia=android:1,ios:0
Tytuł: Ktoś dołączył do Twojego wyjazdu
Treść: TEST grupa push
Dane: {"url":"\/ridemore\/admin"}
------------------------------------------------------------

[2026-08-29 10:37:40] user_id=1 urządzenia=android:1,ios:0
Tytuł: Nowa wiadomość — TEST grupa push
Treść: Sprawdź kanał grupowy wyjazdu.
Dane: {"url":"\/ridemore\/wiadomosci\/grupa\/260"}
------------------------------------------------------------

[2026-08-29 10:37:40] user_id=1 urządzenia=android:1,ios:0
Tytuł: Nowy skarb w Twojej okolicy
Treść: TEST skarb okolica
Dane: {"url":"\/ridemore\/odkrycia"}
------------------------------------------------------------

[2026-08-29 10:37:40] user_id=1 urządzenia=android:1,ios:0
Tytuł: Nowy skarb w Twojej okolicy
Treść: Coś ciekawego czeka w Twojej okolicy — sprawdź mapę.
Dane: {"url":"\/ridemore\/odkrycia"}
------------------------------------------------------------

[2026-08-29 10:46:39] user_id=1 urządzenia=android:1,ios:0
Tytuł: TEST tytuł
Treść: TEST treść
Dane: []
------------------------------------------------------------

[2026-08-29 10:46:39] user_id=1 urządzenia=android:1,ios:0
Tytuł: Ktoś dołączył do Twojego wyjazdu
Treść: TEST wyjazd push
Dane: {"url":"\/ridemore\/admin"}
------------------------------------------------------------

[2026-08-29 10:46:39] user_id=2 urządzenia=android:1,ios:0
Tytuł: Nowa wiadomość
Treść: Masz nową wiadomość na Ridemore.
Dane: {"url":"\/ridemore\/wiadomosci\/59"}
------------------------------------------------------------

[2026-08-29 10:46:39] user_id=1 urządzenia=android:1,ios:0
Tytuł: Ktoś dołączył do Twojego wyjazdu
Treść: TEST grupa push
Dane: {"url":"\/ridemore\/admin"}
------------------------------------------------------------

[2026-08-29 10:46:39] user_id=1 urządzenia=android:1,ios:0
Tytuł: Nowa wiadomość — TEST grupa push
Treść: Sprawdź kanał grupowy wyjazdu.
Dane: {"url":"\/ridemore\/wiadomosci\/grupa\/263"}
------------------------------------------------------------

[2026-08-29 10:46:39] user_id=1 urządzenia=android:1,ios:0
Tytuł: Nowy skarb w Twojej okolicy
Treść: TEST skarb okolica
Dane: {"url":"\/ridemore\/odkrycia"}
------------------------------------------------------------

[2026-08-29 10:46:39] user_id=1 urządzenia=android:1,ios:0
Tytuł: Nowy skarb w Twojej okolicy
Treść: Coś ciekawego czeka w Twojej okolicy — sprawdź mapę.
Dane: {"url":"\/ridemore\/odkrycia"}
------------------------------------------------------------

[2026-08-29 10:47:20] user_id=1 urządzenia=android:1,ios:0
Tytuł: TEST tytuł
Treść: TEST treść
Dane: []
------------------------------------------------------------

[2026-08-29 10:47:20] user_id=1 urządzenia=android:1,ios:0
Tytuł: Ktoś dołączył do Twojego wyjazdu
Treść: TEST wyjazd push
Dane: {"url":"\/ridemore\/admin"}
------------------------------------------------------------

[2026-08-29 10:47:20] user_id=2 urządzenia=android:1,ios:0
Tytuł: Nowa wiadomość
Treść: Masz nową wiadomość na Ridemore.
Dane: {"url":"\/ridemore\/wiadomosci\/60"}
------------------------------------------------------------

[2026-08-29 10:47:20] user_id=1 urządzenia=android:1,ios:0
Tytuł: Ktoś dołączył do Twojego wyjazdu
Treść: TEST grupa push
Dane: {"url":"\/ridemore\/admin"}
------------------------------------------------------------

[2026-08-29 10:47:20] user_id=1 urządzenia=android:1,ios:0
Tytuł: Nowa wiadomość — TEST grupa push
Treść: Sprawdź kanał grupowy wyjazdu.
Dane: {"url":"\/ridemore\/wiadomosci\/grupa\/266"}
------------------------------------------------------------

[2026-08-29 10:47:20] user_id=1 urządzenia=android:1,ios:0
Tytuł: Nowy skarb w Twojej okolicy
Treść: TEST skarb okolica
Dane: {"url":"\/ridemore\/odkrycia"}
------------------------------------------------------------

[2026-08-29 10:47:20] user_id=1 urządzenia=android:1,ios:0
Tytuł: Nowy skarb w Twojej okolicy
Treść: Coś ciekawego czeka w Twojej okolicy — sprawdź mapę.
Dane: {"url":"\/ridemore\/odkrycia"}
------------------------------------------------------------

[2026-08-29 10:48:31] user_id=1 urządzenia=android:1,ios:0
Tytuł: TEST tytuł
Treść: TEST treść
Dane: []
------------------------------------------------------------

[2026-08-29 10:48:31] user_id=1 urządzenia=android:1,ios:0
Tytuł: Ktoś dołączył do Twojego wyjazdu
Treść: TEST wyjazd push
Dane: {"url":"\/ridemore\/admin"}
------------------------------------------------------------

[2026-08-29 10:48:31] user_id=2 urządzenia=android:1,ios:0
Tytuł: Nowa wiadomość
Treść: Masz nową wiadomość na Ridemore.
Dane: {"url":"\/ridemore\/wiadomosci\/61"}
------------------------------------------------------------

[2026-08-29 10:48:31] user_id=1 urządzenia=android:1,ios:0
Tytuł: Ktoś dołączył do Twojego wyjazdu
Treść: TEST grupa push
Dane: {"url":"\/ridemore\/admin"}
------------------------------------------------------------

[2026-08-29 10:48:31] user_id=1 urządzenia=android:1,ios:0
Tytuł: Nowa wiadomość — TEST grupa push
Treść: Sprawdź kanał grupowy wyjazdu.
Dane: {"url":"\/ridemore\/wiadomosci\/grupa\/269"}
------------------------------------------------------------

[2026-08-29 10:48:31] user_id=1 urządzenia=android:1,ios:0
Tytuł: Nowy skarb w Twojej okolicy
Treść: TEST skarb okolica
Dane: {"url":"\/ridemore\/odkrycia"}
------------------------------------------------------------

[2026-08-29 10:48:31] user_id=1 urządzenia=android:1,ios:0
Tytuł: Nowy skarb w Twojej okolicy
Treść: Coś ciekawego czeka w Twojej okolicy — sprawdź mapę.
Dane: {"url":"\/ridemore\/odkrycia"}
------------------------------------------------------------

[2026-08-29 10:49:11] user_id=1 urządzenia=android:1,ios:0
Tytuł: TEST tytuł
Treść: TEST treść
Dane: []
------------------------------------------------------------

[2026-08-29 10:49:11] user_id=1 urządzenia=android:1,ios:0
Tytuł: Ktoś dołączył do Twojego wyjazdu
Treść: TEST wyjazd push
Dane: {"url":"\/ridemore\/admin"}
------------------------------------------------------------

[2026-08-29 10:49:11] user_id=2 urządzenia=android:1,ios:0
Tytuł: Nowa wiadomość
Treść: Masz nową wiadomość na Ridemore.
Dane: {"url":"\/ridemore\/wiadomosci\/62"}
------------------------------------------------------------

[2026-08-29 10:49:11] user_id=1 urządzenia=android:1,ios:0
Tytuł: Ktoś dołączył do Twojego wyjazdu
Treść: TEST grupa push
Dane: {"url":"\/ridemore\/admin"}
------------------------------------------------------------

[2026-08-29 10:49:11] user_id=1 urządzenia=android:1,ios:0
Tytuł: Nowa wiadomość — TEST grupa push
Treść: Sprawdź kanał grupowy wyjazdu.
Dane: {"url":"\/ridemore\/wiadomosci\/grupa\/272"}
------------------------------------------------------------

[2026-08-29 10:49:11] user_id=1 urządzenia=android:1,ios:0
Tytuł: Nowy skarb w Twojej okolicy
Treść: TEST skarb okolica
Dane: {"url":"\/ridemore\/odkrycia"}
------------------------------------------------------------

[2026-08-29 10:49:11] user_id=1 urządzenia=android:1,ios:0
Tytuł: Nowy skarb w Twojej okolicy
Treść: Coś ciekawego czeka w Twojej okolicy — sprawdź mapę.
Dane: {"url":"\/ridemore\/odkrycia"}
------------------------------------------------------------

[2026-08-29 10:52:51] user_id=1 urządzenia=android:1,ios:0
Tytuł: TEST tytuł
Treść: TEST treść
Dane: []
------------------------------------------------------------

[2026-08-29 10:52:51] user_id=1 urządzenia=android:1,ios:0
Tytuł: Ktoś dołączył do Twojego wyjazdu
Treść: TEST wyjazd push
Dane: {"url":"\/ridemore\/admin"}
------------------------------------------------------------

[2026-08-29 10:52:51] user_id=2 urządzenia=android:1,ios:0
Tytuł: Nowa wiadomość
Treść: Masz nową wiadomość na Ridemore.
Dane: {"url":"\/ridemore\/wiadomosci\/63"}
------------------------------------------------------------

[2026-08-29 10:52:51] user_id=1 urządzenia=android:1,ios:0
Tytuł: Ktoś dołączył do Twojego wyjazdu
Treść: TEST grupa push
Dane: {"url":"\/ridemore\/admin"}
------------------------------------------------------------

[2026-08-29 10:52:51] user_id=1 urządzenia=android:1,ios:0
Tytuł: Nowa wiadomość — TEST grupa push
Treść: Sprawdź kanał grupowy wyjazdu.
Dane: {"url":"\/ridemore\/wiadomosci\/grupa\/275"}
------------------------------------------------------------

[2026-08-29 10:52:51] user_id=1 urządzenia=android:1,ios:0
Tytuł: Nowy skarb w Twojej okolicy
Treść: TEST skarb okolica
Dane: {"url":"\/ridemore\/odkrycia"}
------------------------------------------------------------

[2026-08-29 10:52:51] user_id=1 urządzenia=android:1,ios:0
Tytuł: Nowy skarb w Twojej okolicy
Treść: Coś ciekawego czeka w Twojej okolicy — sprawdź mapę.
Dane: {"url":"\/ridemore\/odkrycia"}
------------------------------------------------------------

[2026-08-29 10:53:31] user_id=1 urządzenia=android:1,ios:0
Tytuł: TEST tytuł
Treść: TEST treść
Dane: []
------------------------------------------------------------

[2026-08-29 10:53:31] user_id=1 urządzenia=android:1,ios:0
Tytuł: Ktoś dołączył do Twojego wyjazdu
Treść: TEST wyjazd push
Dane: {"url":"\/ridemore\/admin"}
------------------------------------------------------------

[2026-08-29 10:53:31] user_id=2 urządzenia=android:1,ios:0
Tytuł: Nowa wiadomość
Treść: Masz nową wiadomość na Ridemore.
Dane: {"url":"\/ridemore\/wiadomosci\/64"}
------------------------------------------------------------

[2026-08-29 10:53:31] user_id=1 urządzenia=android:1,ios:0
Tytuł: Ktoś dołączył do Twojego wyjazdu
Treść: TEST grupa push
Dane: {"url":"\/ridemore\/admin"}
------------------------------------------------------------

[2026-08-29 10:53:31] user_id=1 urządzenia=android:1,ios:0
Tytuł: Nowa wiadomość — TEST grupa push
Treść: Sprawdź kanał grupowy wyjazdu.
Dane: {"url":"\/ridemore\/wiadomosci\/grupa\/278"}
------------------------------------------------------------

[2026-08-29 10:53:31] user_id=1 urządzenia=android:1,ios:0
Tytuł: Nowy skarb w Twojej okolicy
Treść: TEST skarb okolica
Dane: {"url":"\/ridemore\/odkrycia"}
------------------------------------------------------------

[2026-08-29 10:53:32] user_id=1 urządzenia=android:1,ios:0
Tytuł: Nowy skarb w Twojej okolicy
Treść: Coś ciekawego czeka w Twojej okolicy — sprawdź mapę.
Dane: {"url":"\/ridemore\/odkrycia"}
------------------------------------------------------------

[2026-08-29 11:59:51] user_id=1 urządzenia=android:1,ios:0
Tytuł: TEST tytuł
Treść: TEST treść
Dane: []
------------------------------------------------------------

[2026-08-29 11:59:51] user_id=1 urządzenia=android:1,ios:0
Tytuł: Ktoś dołączył do Twojego wyjazdu
Treść: TEST wyjazd push
Dane: {"url":"\/ridemore\/admin"}
------------------------------------------------------------

[2026-08-29 11:59:51] user_id=2 urządzenia=android:1,ios:0
Tytuł: Nowa wiadomość
Treść: Masz nową wiadomość na Ridemore.
Dane: {"url":"\/ridemore\/wiadomosci\/65"}
------------------------------------------------------------

[2026-08-29 11:59:51] user_id=1 urządzenia=android:1,ios:0
Tytuł: Ktoś dołączył do Twojego wyjazdu
Treść: TEST grupa push
Dane: {"url":"\/ridemore\/admin"}
------------------------------------------------------------

[2026-08-29 11:59:51] user_id=1 urządzenia=android:1,ios:0
Tytuł: Nowa wiadomość — TEST grupa push
Treść: Sprawdź kanał grupowy wyjazdu.
Dane: {"url":"\/ridemore\/wiadomosci\/grupa\/281"}
------------------------------------------------------------

[2026-08-29 11:59:51] user_id=1 urządzenia=android:1,ios:0
Tytuł: Nowy skarb w Twojej okolicy
Treść: TEST skarb okolica
Dane: {"url":"\/ridemore\/odkrycia"}
------------------------------------------------------------

[2026-08-29 11:59:51] user_id=1 urządzenia=android:1,ios:0
Tytuł: Nowy skarb w Twojej okolicy
Treść: Coś ciekawego czeka w Twojej okolicy — sprawdź mapę.
Dane: {"url":"\/ridemore\/odkrycia"}
------------------------------------------------------------

[2026-08-29 12:00:36] user_id=1 urządzenia=android:1,ios:0
Tytuł: TEST tytuł
Treść: TEST treść
Dane: []
------------------------------------------------------------

[2026-08-29 12:00:36] user_id=1 urządzenia=android:1,ios:0
Tytuł: Ktoś dołączył do Twojego wyjazdu
Treść: TEST wyjazd push
Dane: {"url":"\/ridemore\/admin"}
------------------------------------------------------------

[2026-08-29 12:00:36] user_id=2 urządzenia=android:1,ios:0
Tytuł: Nowa wiadomość
Treść: Masz nową wiadomość na Ridemore.
Dane: {"url":"\/ridemore\/wiadomosci\/66"}
------------------------------------------------------------

[2026-08-29 12:00:36] user_id=1 urządzenia=android:1,ios:0
Tytuł: Ktoś dołączył do Twojego wyjazdu
Treść: TEST grupa push
Dane: {"url":"\/ridemore\/admin"}
------------------------------------------------------------

[2026-08-29 12:00:36] user_id=1 urządzenia=android:1,ios:0
Tytuł: Nowa wiadomość — TEST grupa push
Treść: Sprawdź kanał grupowy wyjazdu.
Dane: {"url":"\/ridemore\/wiadomosci\/grupa\/284"}
------------------------------------------------------------

[2026-08-29 12:00:36] user_id=1 urządzenia=android:1,ios:0
Tytuł: Nowy skarb w Twojej okolicy
Treść: TEST skarb okolica
Dane: {"url":"\/ridemore\/odkrycia"}
------------------------------------------------------------

[2026-08-29 12:00:36] user_id=1 urządzenia=android:1,ios:0
Tytuł: Nowy skarb w Twojej okolicy
Treść: Coś ciekawego czeka w Twojej okolicy — sprawdź mapę.
Dane: {"url":"\/ridemore\/odkrycia"}
------------------------------------------------------------

[2026-08-29 12:01:31] user_id=1 urządzenia=android:1,ios:0
Tytuł: TEST tytuł
Treść: TEST treść
Dane: []
------------------------------------------------------------

[2026-08-29 12:01:31] user_id=1 urządzenia=android:1,ios:0
Tytuł: Ktoś dołączył do Twojego wyjazdu
Treść: TEST wyjazd push
Dane: {"url":"\/ridemore\/admin"}
------------------------------------------------------------

[2026-08-29 12:01:31] user_id=2 urządzenia=android:1,ios:0
Tytuł: Nowa wiadomość
Treść: Masz nową wiadomość na Ridemore.
Dane: {"url":"\/ridemore\/wiadomosci\/67"}
------------------------------------------------------------

[2026-08-29 12:01:31] user_id=1 urządzenia=android:1,ios:0
Tytuł: Ktoś dołączył do Twojego wyjazdu
Treść: TEST grupa push
Dane: {"url":"\/ridemore\/admin"}
------------------------------------------------------------

[2026-08-29 12:01:31] user_id=1 urządzenia=android:1,ios:0
Tytuł: Nowa wiadomość — TEST grupa push
Treść: Sprawdź kanał grupowy wyjazdu.
Dane: {"url":"\/ridemore\/wiadomosci\/grupa\/287"}
------------------------------------------------------------

[2026-08-29 12:01:31] user_id=1 urządzenia=android:1,ios:0
Tytuł: Nowy skarb w Twojej okolicy
Treść: TEST skarb okolica
Dane: {"url":"\/ridemore\/odkrycia"}
------------------------------------------------------------

[2026-08-29 12:01:31] user_id=1 urządzenia=android:1,ios:0
Tytuł: Nowy skarb w Twojej okolicy
Treść: Coś ciekawego czeka w Twojej okolicy — sprawdź mapę.
Dane: {"url":"\/ridemore\/odkrycia"}
------------------------------------------------------------

[2026-08-29 12:12:51] user_id=1 urządzenia=android:1,ios:0
Tytuł: TEST tytuł
Treść: TEST treść
Dane: []
------------------------------------------------------------

[2026-08-29 12:12:51] user_id=1 urządzenia=android:1,ios:0
Tytuł: Ktoś dołączył do Twojego wyjazdu
Treść: TEST wyjazd push
Dane: {"url":"\/ridemore\/admin"}
------------------------------------------------------------

[2026-08-29 12:12:51] user_id=2 urządzenia=android:1,ios:0
Tytuł: Nowa wiadomość
Treść: Masz nową wiadomość na Ridemore.
Dane: {"url":"\/ridemore\/wiadomosci\/68"}
------------------------------------------------------------

[2026-08-29 12:12:51] user_id=1 urządzenia=android:1,ios:0
Tytuł: Ktoś dołączył do Twojego wyjazdu
Treść: TEST grupa push
Dane: {"url":"\/ridemore\/admin"}
------------------------------------------------------------

[2026-08-29 12:12:51] user_id=1 urządzenia=android:1,ios:0
Tytuł: Nowa wiadomość — TEST grupa push
Treść: Sprawdź kanał grupowy wyjazdu.
Dane: {"url":"\/ridemore\/wiadomosci\/grupa\/290"}
------------------------------------------------------------

[2026-08-29 12:12:51] user_id=1 urządzenia=android:1,ios:0
Tytuł: Nowy skarb w Twojej okolicy
Treść: TEST skarb okolica
Dane: {"url":"\/ridemore\/odkrycia"}
------------------------------------------------------------

[2026-08-29 12:12:51] user_id=1 urządzenia=android:1,ios:0
Tytuł: Nowy skarb w Twojej okolicy
Treść: Coś ciekawego czeka w Twojej okolicy — sprawdź mapę.
Dane: {"url":"\/ridemore\/odkrycia"}
------------------------------------------------------------

[2026-08-29 12:28:56] user_id=1 urządzenia=android:1,ios:0
Tytuł: TEST tytuł
Treść: TEST treść
Dane: []
------------------------------------------------------------

[2026-08-29 12:28:56] user_id=1 urządzenia=android:1,ios:0
Tytuł: Ktoś dołączył do Twojego wyjazdu
Treść: TEST wyjazd push
Dane: {"url":"\/ridemore\/admin"}
------------------------------------------------------------

[2026-08-29 12:28:56] user_id=2 urządzenia=android:1,ios:0
Tytuł: Nowa wiadomość
Treść: Masz nową wiadomość na Ridemore.
Dane: {"url":"\/ridemore\/wiadomosci\/69"}
------------------------------------------------------------

[2026-08-29 12:28:56] user_id=1 urządzenia=android:1,ios:0
Tytuł: Ktoś dołączył do Twojego wyjazdu
Treść: TEST grupa push
Dane: {"url":"\/ridemore\/admin"}
------------------------------------------------------------

[2026-08-29 12:28:56] user_id=1 urządzenia=android:1,ios:0
Tytuł: Nowa wiadomość — TEST grupa push
Treść: Sprawdź kanał grupowy wyjazdu.
Dane: {"url":"\/ridemore\/wiadomosci\/grupa\/293"}
------------------------------------------------------------

[2026-08-29 12:28:56] user_id=1 urządzenia=android:1,ios:0
Tytuł: Nowy skarb w Twojej okolicy
Treść: TEST skarb okolica
Dane: {"url":"\/ridemore\/odkrycia"}
------------------------------------------------------------

[2026-08-29 12:28:56] user_id=1 urządzenia=android:1,ios:0
Tytuł: Nowy skarb w Twojej okolicy
Treść: Coś ciekawego czeka w Twojej okolicy — sprawdź mapę.
Dane: {"url":"\/ridemore\/odkrycia"}
------------------------------------------------------------

[2026-08-29 12:40:21] user_id=1 urządzenia=android:1,ios:0
Tytuł: TEST tytuł
Treść: TEST treść
Dane: []
------------------------------------------------------------

[2026-08-29 12:40:21] user_id=1 urządzenia=android:1,ios:0
Tytuł: Ktoś dołączył do Twojego wyjazdu
Treść: TEST wyjazd push
Dane: {"url":"\/ridemore\/admin"}
------------------------------------------------------------

[2026-08-29 12:40:21] user_id=2 urządzenia=android:1,ios:0
Tytuł: Nowa wiadomość
Treść: Masz nową wiadomość na Ridemore.
Dane: {"url":"\/ridemore\/wiadomosci\/70"}
------------------------------------------------------------

[2026-08-29 12:40:21] user_id=1 urządzenia=android:1,ios:0
Tytuł: Ktoś dołączył do Twojego wyjazdu
Treść: TEST grupa push
Dane: {"url":"\/ridemore\/admin"}
------------------------------------------------------------

[2026-08-29 12:40:21] user_id=1 urządzenia=android:1,ios:0
Tytuł: Nowa wiadomość — TEST grupa push
Treść: Sprawdź kanał grupowy wyjazdu.
Dane: {"url":"\/ridemore\/wiadomosci\/grupa\/296"}
------------------------------------------------------------

[2026-08-29 12:40:21] user_id=1 urządzenia=android:1,ios:0
Tytuł: Nowy skarb w Twojej okolicy
Treść: TEST skarb okolica
Dane: {"url":"\/ridemore\/odkrycia"}
------------------------------------------------------------

[2026-08-29 12:40:21] user_id=1 urządzenia=android:1,ios:0
Tytuł: Nowy skarb w Twojej okolicy
Treść: Coś ciekawego czeka w Twojej okolicy — sprawdź mapę.
Dane: {"url":"\/ridemore\/odkrycia"}
------------------------------------------------------------

[2026-08-29 12:41:00] user_id=1 urządzenia=android:1,ios:0
Tytuł: TEST tytuł
Treść: TEST treść
Dane: []
------------------------------------------------------------

[2026-08-29 12:41:00] user_id=1 urządzenia=android:1,ios:0
Tytuł: Ktoś dołączył do Twojego wyjazdu
Treść: TEST wyjazd push
Dane: {"url":"\/ridemore\/admin"}
------------------------------------------------------------

[2026-08-29 12:41:00] user_id=2 urządzenia=android:1,ios:0
Tytuł: Nowa wiadomość
Treść: Masz nową wiadomość na Ridemore.
Dane: {"url":"\/ridemore\/wiadomosci\/71"}
------------------------------------------------------------

[2026-08-29 12:41:00] user_id=1 urządzenia=android:1,ios:0
Tytuł: Ktoś dołączył do Twojego wyjazdu
Treść: TEST grupa push
Dane: {"url":"\/ridemore\/admin"}
------------------------------------------------------------

[2026-08-29 12:41:00] user_id=1 urządzenia=android:1,ios:0
Tytuł: Nowa wiadomość — TEST grupa push
Treść: Sprawdź kanał grupowy wyjazdu.
Dane: {"url":"\/ridemore\/wiadomosci\/grupa\/299"}
------------------------------------------------------------

[2026-08-29 12:41:00] user_id=1 urządzenia=android:1,ios:0
Tytuł: Nowy skarb w Twojej okolicy
Treść: TEST skarb okolica
Dane: {"url":"\/ridemore\/odkrycia"}
------------------------------------------------------------

[2026-08-29 12:41:00] user_id=1 urządzenia=android:1,ios:0
Tytuł: Nowy skarb w Twojej okolicy
Treść: Coś ciekawego czeka w Twojej okolicy — sprawdź mapę.
Dane: {"url":"\/ridemore\/odkrycia"}
------------------------------------------------------------

[2026-08-29 12:42:01] user_id=1 urządzenia=android:1,ios:0
Tytuł: TEST tytuł
Treść: TEST treść
Dane: []
------------------------------------------------------------

[2026-08-29 12:42:01] user_id=1 urządzenia=android:1,ios:0
Tytuł: Ktoś dołączył do Twojego wyjazdu
Treść: TEST wyjazd push
Dane: {"url":"\/ridemore\/admin"}
------------------------------------------------------------

[2026-08-29 12:42:01] user_id=2 urządzenia=android:1,ios:0
Tytuł: Nowa wiadomość
Treść: Masz nową wiadomość na Ridemore.
Dane: {"url":"\/ridemore\/wiadomosci\/72"}
------------------------------------------------------------

[2026-08-29 12:42:01] user_id=1 urządzenia=android:1,ios:0
Tytuł: Ktoś dołączył do Twojego wyjazdu
Treść: TEST grupa push
Dane: {"url":"\/ridemore\/admin"}
------------------------------------------------------------

[2026-08-29 12:42:01] user_id=1 urządzenia=android:1,ios:0
Tytuł: Nowa wiadomość — TEST grupa push
Treść: Sprawdź kanał grupowy wyjazdu.
Dane: {"url":"\/ridemore\/wiadomosci\/grupa\/302"}
------------------------------------------------------------

[2026-08-29 12:42:01] user_id=1 urządzenia=android:1,ios:0
Tytuł: Nowy skarb w Twojej okolicy
Treść: TEST skarb okolica
Dane: {"url":"\/ridemore\/odkrycia"}
------------------------------------------------------------

[2026-08-29 12:42:01] user_id=1 urządzenia=android:1,ios:0
Tytuł: Nowy skarb w Twojej okolicy
Treść: Coś ciekawego czeka w Twojej okolicy — sprawdź mapę.
Dane: {"url":"\/ridemore\/odkrycia"}
------------------------------------------------------------

[2026-08-29 14:42:46] user_id=1 urządzenia=android:1,ios:0
Tytuł: TEST tytuł
Treść: TEST treść
Dane: []
------------------------------------------------------------

[2026-08-29 14:42:46] user_id=1 urządzenia=android:1,ios:0
Tytuł: Ktoś dołączył do Twojego wyjazdu
Treść: TEST wyjazd push
Dane: {"url":"\/ridemore\/admin"}
------------------------------------------------------------

[2026-08-29 14:42:46] user_id=2 urządzenia=android:1,ios:0
Tytuł: Nowa wiadomość
Treść: Masz nową wiadomość na Ridemore.
Dane: {"url":"\/ridemore\/wiadomosci\/73"}
------------------------------------------------------------

[2026-08-29 14:42:46] user_id=1 urządzenia=android:1,ios:0
Tytuł: Ktoś dołączył do Twojego wyjazdu
Treść: TEST grupa push
Dane: {"url":"\/ridemore\/admin"}
------------------------------------------------------------

[2026-08-29 14:42:46] user_id=1 urządzenia=android:1,ios:0
Tytuł: Nowa wiadomość — TEST grupa push
Treść: Sprawdź kanał grupowy wyjazdu.
Dane: {"url":"\/ridemore\/wiadomosci\/grupa\/305"}
------------------------------------------------------------

[2026-08-29 14:42:46] user_id=1 urządzenia=android:1,ios:0
Tytuł: Nowy skarb w Twojej okolicy
Treść: TEST skarb okolica
Dane: {"url":"\/ridemore\/odkrycia"}
------------------------------------------------------------

[2026-08-29 14:42:47] user_id=1 urządzenia=android:1,ios:0
Tytuł: Nowy skarb w Twojej okolicy
Treść: Coś ciekawego czeka w Twojej okolicy — sprawdź mapę.
Dane: {"url":"\/ridemore\/odkrycia"}
------------------------------------------------------------

[2026-08-29 14:59:15] user_id=1 urządzenia=android:1,ios:0
Tytuł: TEST tytuł
Treść: TEST treść
Dane: []
------------------------------------------------------------

[2026-08-29 14:59:15] user_id=1 urządzenia=android:1,ios:0
Tytuł: Ktoś dołączył do Twojego wyjazdu
Treść: TEST wyjazd push
Dane: {"url":"\/ridemore\/admin"}
------------------------------------------------------------

[2026-08-29 14:59:15] user_id=2 urządzenia=android:1,ios:0
Tytuł: Nowa wiadomość
Treść: Masz nową wiadomość na Ridemore.
Dane: {"url":"\/ridemore\/wiadomosci\/74"}
------------------------------------------------------------

[2026-08-29 14:59:15] user_id=1 urządzenia=android:1,ios:0
Tytuł: Ktoś dołączył do Twojego wyjazdu
Treść: TEST grupa push
Dane: {"url":"\/ridemore\/admin"}
------------------------------------------------------------

[2026-08-29 14:59:15] user_id=1 urządzenia=android:1,ios:0
Tytuł: Nowa wiadomość — TEST grupa push
Treść: Sprawdź kanał grupowy wyjazdu.
Dane: {"url":"\/ridemore\/wiadomosci\/grupa\/308"}
------------------------------------------------------------

[2026-08-29 14:59:15] user_id=1 urządzenia=android:1,ios:0
Tytuł: Nowy skarb w Twojej okolicy
Treść: TEST skarb okolica
Dane: {"url":"\/ridemore\/odkrycia"}
------------------------------------------------------------

[2026-08-29 14:59:15] user_id=1 urządzenia=android:1,ios:0
Tytuł: Nowy skarb w Twojej okolicy
Treść: Coś ciekawego czeka w Twojej okolicy — sprawdź mapę.
Dane: {"url":"\/ridemore\/odkrycia"}
------------------------------------------------------------

[2026-08-29 15:08:16] user_id=1 urządzenia=android:1,ios:0
Tytuł: TEST tytuł
Treść: TEST treść
Dane: []
------------------------------------------------------------

[2026-08-29 15:08:16] user_id=1 urządzenia=android:1,ios:0
Tytuł: Ktoś dołączył do Twojego wyjazdu
Treść: TEST wyjazd push
Dane: {"url":"\/ridemore\/admin"}
------------------------------------------------------------

[2026-08-29 15:08:16] user_id=2 urządzenia=android:1,ios:0
Tytuł: Nowa wiadomość
Treść: Masz nową wiadomość na Ridemore.
Dane: {"url":"\/ridemore\/wiadomosci\/75"}
------------------------------------------------------------

[2026-08-29 15:08:16] user_id=1 urządzenia=android:1,ios:0
Tytuł: Ktoś dołączył do Twojego wyjazdu
Treść: TEST grupa push
Dane: {"url":"\/ridemore\/admin"}
------------------------------------------------------------

[2026-08-29 15:08:16] user_id=1 urządzenia=android:1,ios:0
Tytuł: Nowa wiadomość — TEST grupa push
Treść: Sprawdź kanał grupowy wyjazdu.
Dane: {"url":"\/ridemore\/wiadomosci\/grupa\/311"}
------------------------------------------------------------

[2026-08-29 15:08:16] user_id=1 urządzenia=android:1,ios:0
Tytuł: Nowy skarb w Twojej okolicy
Treść: TEST skarb okolica
Dane: {"url":"\/ridemore\/odkrycia"}
------------------------------------------------------------

[2026-08-29 15:08:16] user_id=1 urządzenia=android:1,ios:0
Tytuł: Nowy skarb w Twojej okolicy
Treść: Coś ciekawego czeka w Twojej okolicy — sprawdź mapę.
Dane: {"url":"\/ridemore\/odkrycia"}
------------------------------------------------------------

[2026-08-29 15:17:15] user_id=1 urządzenia=android:1,ios:0
Tytuł: TEST tytuł
Treść: TEST treść
Dane: []
------------------------------------------------------------

[2026-08-29 15:17:15] user_id=1 urządzenia=android:1,ios:0
Tytuł: Ktoś dołączył do Twojego wyjazdu
Treść: TEST wyjazd push
Dane: {"url":"\/ridemore\/admin"}
------------------------------------------------------------

[2026-08-29 15:17:15] user_id=2 urządzenia=android:1,ios:0
Tytuł: Nowa wiadomość
Treść: Masz nową wiadomość na Ridemore.
Dane: {"url":"\/ridemore\/wiadomosci\/76"}
------------------------------------------------------------

[2026-08-29 15:17:15] user_id=1 urządzenia=android:1,ios:0
Tytuł: Ktoś dołączył do Twojego wyjazdu
Treść: TEST grupa push
Dane: {"url":"\/ridemore\/admin"}
------------------------------------------------------------

[2026-08-29 15:17:15] user_id=1 urządzenia=android:1,ios:0
Tytuł: Nowa wiadomość — TEST grupa push
Treść: Sprawdź kanał grupowy wyjazdu.
Dane: {"url":"\/ridemore\/wiadomosci\/grupa\/314"}
------------------------------------------------------------

[2026-08-29 15:17:15] user_id=1 urządzenia=android:1,ios:0
Tytuł: Nowy skarb w Twojej okolicy
Treść: TEST skarb okolica
Dane: {"url":"\/ridemore\/odkrycia"}
------------------------------------------------------------

[2026-08-29 15:17:16] user_id=1 urządzenia=android:1,ios:0
Tytuł: Nowy skarb w Twojej okolicy
Treść: Coś ciekawego czeka w Twojej okolicy — sprawdź mapę.
Dane: {"url":"\/ridemore\/odkrycia"}
------------------------------------------------------------

[2026-08-29 15:29:41] user_id=1 urządzenia=android:1,ios:0
Tytuł: TEST tytuł
Treść: TEST treść
Dane: []
------------------------------------------------------------

[2026-08-29 15:29:41] user_id=1 urządzenia=android:1,ios:0
Tytuł: Ktoś dołączył do Twojego wyjazdu
Treść: TEST wyjazd push
Dane: {"url":"\/ridemore\/admin"}
------------------------------------------------------------

[2026-08-29 15:29:41] user_id=2 urządzenia=android:1,ios:0
Tytuł: Nowa wiadomość
Treść: Masz nową wiadomość na Ridemore.
Dane: {"url":"\/ridemore\/wiadomosci\/77"}
------------------------------------------------------------

[2026-08-29 15:29:41] user_id=1 urządzenia=android:1,ios:0
Tytuł: Ktoś dołączył do Twojego wyjazdu
Treść: TEST grupa push
Dane: {"url":"\/ridemore\/admin"}
------------------------------------------------------------

[2026-08-29 15:29:41] user_id=1 urządzenia=android:1,ios:0
Tytuł: Nowa wiadomość — TEST grupa push
Treść: Sprawdź kanał grupowy wyjazdu.
Dane: {"url":"\/ridemore\/wiadomosci\/grupa\/317"}
------------------------------------------------------------

[2026-08-29 15:29:41] user_id=1 urządzenia=android:1,ios:0
Tytuł: Nowy skarb w Twojej okolicy
Treść: TEST skarb okolica
Dane: {"url":"\/ridemore\/odkrycia"}
------------------------------------------------------------

[2026-08-29 15:29:41] user_id=1 urządzenia=android:1,ios:0
Tytuł: Nowy skarb w Twojej okolicy
Treść: Coś ciekawego czeka w Twojej okolicy — sprawdź mapę.
Dane: {"url":"\/ridemore\/odkrycia"}
------------------------------------------------------------

[2026-08-29 18:51:17] user_id=1 urządzenia=android:1,ios:0
Tytuł: TEST tytuł
Treść: TEST treść
Dane: []
------------------------------------------------------------

[2026-08-29 18:51:17] user_id=1 urządzenia=android:1,ios:0
Tytuł: Ktoś dołączył do Twojego wyjazdu
Treść: TEST wyjazd push
Dane: {"url":"\/ridemore\/admin"}
------------------------------------------------------------

[2026-08-29 18:51:17] user_id=2 urządzenia=android:1,ios:0
Tytuł: Nowa wiadomość
Treść: Masz nową wiadomość na Ridemore.
Dane: {"url":"\/ridemore\/wiadomosci\/78"}
------------------------------------------------------------

[2026-08-29 18:51:17] user_id=1 urządzenia=android:1,ios:0
Tytuł: Ktoś dołączył do Twojego wyjazdu
Treść: TEST grupa push
Dane: {"url":"\/ridemore\/admin"}
------------------------------------------------------------

[2026-08-29 18:51:17] user_id=1 urządzenia=android:1,ios:0
Tytuł: Nowa wiadomość — TEST grupa push
Treść: Sprawdź kanał grupowy wyjazdu.
Dane: {"url":"\/ridemore\/wiadomosci\/grupa\/320"}
------------------------------------------------------------

[2026-08-29 18:51:17] user_id=1 urządzenia=android:1,ios:0
Tytuł: Nowy skarb w Twojej okolicy
Treść: TEST skarb okolica
Dane: {"url":"\/ridemore\/odkrycia"}
------------------------------------------------------------

[2026-08-29 18:51:17] user_id=1 urządzenia=android:1,ios:0
Tytuł: Nowy skarb w Twojej okolicy
Treść: Coś ciekawego czeka w Twojej okolicy — sprawdź mapę.
Dane: {"url":"\/ridemore\/odkrycia"}
------------------------------------------------------------

[2026-08-29 19:00:07] user_id=1 urządzenia=android:1,ios:0
Tytuł: TEST tytuł
Treść: TEST treść
Dane: []
------------------------------------------------------------

[2026-08-29 19:00:07] user_id=1 urządzenia=android:1,ios:0
Tytuł: Ktoś dołączył do Twojego wyjazdu
Treść: TEST wyjazd push
Dane: {"url":"\/ridemore\/admin"}
------------------------------------------------------------

[2026-08-29 19:00:07] user_id=2 urządzenia=android:1,ios:0
Tytuł: Nowa wiadomość
Treść: Masz nową wiadomość na Ridemore.
Dane: {"url":"\/ridemore\/wiadomosci\/79"}
------------------------------------------------------------

[2026-08-29 19:00:07] user_id=1 urządzenia=android:1,ios:0
Tytuł: Ktoś dołączył do Twojego wyjazdu
Treść: TEST grupa push
Dane: {"url":"\/ridemore\/admin"}
------------------------------------------------------------

[2026-08-29 19:00:07] user_id=1 urządzenia=android:1,ios:0
Tytuł: Nowa wiadomość — TEST grupa push
Treść: Sprawdź kanał grupowy wyjazdu.
Dane: {"url":"\/ridemore\/wiadomosci\/grupa\/323"}
------------------------------------------------------------

[2026-08-29 19:00:07] user_id=1 urządzenia=android:1,ios:0
Tytuł: Nowy skarb w Twojej okolicy
Treść: TEST skarb okolica
Dane: {"url":"\/ridemore\/odkrycia"}
------------------------------------------------------------

[2026-08-29 19:00:07] user_id=1 urządzenia=android:1,ios:0
Tytuł: Nowy skarb w Twojej okolicy
Treść: Coś ciekawego czeka w Twojej okolicy — sprawdź mapę.
Dane: {"url":"\/ridemore\/odkrycia"}
------------------------------------------------------------

[2026-08-29 19:11:00] user_id=1 urządzenia=android:1,ios:0
Tytuł: TEST tytuł
Treść: TEST treść
Dane: []
------------------------------------------------------------

[2026-08-29 19:11:01] user_id=1 urządzenia=android:1,ios:0
Tytuł: Ktoś dołączył do Twojego wyjazdu
Treść: TEST wyjazd push
Dane: {"url":"\/ridemore\/admin"}
------------------------------------------------------------

[2026-08-29 19:11:01] user_id=2 urządzenia=android:1,ios:0
Tytuł: Nowa wiadomość
Treść: Masz nową wiadomość na Ridemore.
Dane: {"url":"\/ridemore\/wiadomosci\/80"}
------------------------------------------------------------

[2026-08-29 19:11:01] user_id=1 urządzenia=android:1,ios:0
Tytuł: Ktoś dołączył do Twojego wyjazdu
Treść: TEST grupa push
Dane: {"url":"\/ridemore\/admin"}
------------------------------------------------------------

[2026-08-29 19:11:01] user_id=1 urządzenia=android:1,ios:0
Tytuł: Nowa wiadomość — TEST grupa push
Treść: Sprawdź kanał grupowy wyjazdu.
Dane: {"url":"\/ridemore\/wiadomosci\/grupa\/326"}
------------------------------------------------------------

[2026-08-29 19:11:01] user_id=1 urządzenia=android:1,ios:0
Tytuł: Nowy skarb w Twojej okolicy
Treść: TEST skarb okolica
Dane: {"url":"\/ridemore\/odkrycia"}
------------------------------------------------------------

[2026-08-29 19:11:01] user_id=1 urządzenia=android:1,ios:0
Tytuł: Nowy skarb w Twojej okolicy
Treść: Coś ciekawego czeka w Twojej okolicy — sprawdź mapę.
Dane: {"url":"\/ridemore\/odkrycia"}
------------------------------------------------------------

[2026-08-29 20:54:02] user_id=1 urządzenia=android:1,ios:0
Tytuł: TEST tytuł
Treść: TEST treść
Dane: []
------------------------------------------------------------

[2026-08-29 20:54:02] user_id=1 urządzenia=android:1,ios:0
Tytuł: Ktoś dołączył do Twojego wyjazdu
Treść: TEST wyjazd push
Dane: {"url":"\/ridemore\/admin"}
------------------------------------------------------------

[2026-08-29 20:54:02] user_id=2 urządzenia=android:1,ios:0
Tytuł: Nowa wiadomość
Treść: Masz nową wiadomość na Ridemore.
Dane: {"url":"\/ridemore\/wiadomosci\/81"}
------------------------------------------------------------

[2026-08-29 20:54:02] user_id=1 urządzenia=android:1,ios:0
Tytuł: Ktoś dołączył do Twojego wyjazdu
Treść: TEST grupa push
Dane: {"url":"\/ridemore\/admin"}
------------------------------------------------------------

[2026-08-29 20:54:02] user_id=1 urządzenia=android:1,ios:0
Tytuł: Nowa wiadomość — TEST grupa push
Treść: Sprawdź kanał grupowy wyjazdu.
Dane: {"url":"\/ridemore\/wiadomosci\/grupa\/329"}
------------------------------------------------------------

[2026-08-29 20:54:02] user_id=1 urządzenia=android:1,ios:0
Tytuł: Nowy skarb w Twojej okolicy
Treść: TEST skarb okolica
Dane: {"url":"\/ridemore\/odkrycia"}
------------------------------------------------------------

[2026-08-29 20:54:02] user_id=1 urządzenia=android:1,ios:0
Tytuł: Nowy skarb w Twojej okolicy
Treść: Coś ciekawego czeka w Twojej okolicy — sprawdź mapę.
Dane: {"url":"\/ridemore\/odkrycia"}
------------------------------------------------------------

[2026-08-29 20:59:05] user_id=1 urządzenia=android:1,ios:0
Tytuł: TEST tytuł
Treść: TEST treść
Dane: []
------------------------------------------------------------

[2026-08-29 20:59:05] user_id=1 urządzenia=android:1,ios:0
Tytuł: Ktoś dołączył do Twojego wyjazdu
Treść: TEST wyjazd push
Dane: {"url":"\/ridemore\/admin"}
------------------------------------------------------------

[2026-08-29 20:59:05] user_id=2 urządzenia=android:1,ios:0
Tytuł: Nowa wiadomość
Treść: Masz nową wiadomość na Ridemore.
Dane: {"url":"\/ridemore\/wiadomosci\/82"}
------------------------------------------------------------

[2026-08-29 20:59:05] user_id=1 urządzenia=android:1,ios:0
Tytuł: Ktoś dołączył do Twojego wyjazdu
Treść: TEST grupa push
Dane: {"url":"\/ridemore\/admin"}
------------------------------------------------------------

[2026-08-29 20:59:05] user_id=1 urządzenia=android:1,ios:0
Tytuł: Nowa wiadomość — TEST grupa push
Treść: Sprawdź kanał grupowy wyjazdu.
Dane: {"url":"\/ridemore\/wiadomosci\/grupa\/332"}
------------------------------------------------------------

[2026-08-29 20:59:05] user_id=1 urządzenia=android:1,ios:0
Tytuł: Nowy skarb w Twojej okolicy
Treść: TEST skarb okolica
Dane: {"url":"\/ridemore\/odkrycia"}
------------------------------------------------------------

[2026-08-29 20:59:05] user_id=1 urządzenia=android:1,ios:0
Tytuł: Nowy skarb w Twojej okolicy
Treść: Coś ciekawego czeka w Twojej okolicy — sprawdź mapę.
Dane: {"url":"\/ridemore\/odkrycia"}
------------------------------------------------------------

[2026-08-29 21:40:27] user_id=1 urządzenia=android:1,ios:0
Tytuł: TEST tytuł
Treść: TEST treść
Dane: []
------------------------------------------------------------

[2026-08-29 21:40:27] user_id=1 urządzenia=android:1,ios:0
Tytuł: Ktoś dołączył do Twojego wyjazdu
Treść: TEST wyjazd push
Dane: {"url":"\/ridemore\/admin"}
------------------------------------------------------------

[2026-08-29 21:40:27] user_id=2 urządzenia=android:1,ios:0
Tytuł: Nowa wiadomość
Treść: Masz nową wiadomość na Ridemore.
Dane: {"url":"\/ridemore\/wiadomosci\/83"}
------------------------------------------------------------

[2026-08-29 21:40:27] user_id=1 urządzenia=android:1,ios:0
Tytuł: Ktoś dołączył do Twojego wyjazdu
Treść: TEST grupa push
Dane: {"url":"\/ridemore\/admin"}
------------------------------------------------------------

[2026-08-29 21:40:27] user_id=1 urządzenia=android:1,ios:0
Tytuł: Nowa wiadomość — TEST grupa push
Treść: Sprawdź kanał grupowy wyjazdu.
Dane: {"url":"\/ridemore\/wiadomosci\/grupa\/335"}
------------------------------------------------------------

[2026-08-29 21:40:27] user_id=1 urządzenia=android:1,ios:0
Tytuł: Nowy skarb w Twojej okolicy
Treść: TEST skarb okolica
Dane: {"url":"\/ridemore\/odkrycia"}
------------------------------------------------------------

[2026-08-29 21:40:27] user_id=1 urządzenia=android:1,ios:0
Tytuł: Nowy skarb w Twojej okolicy
Treść: Coś ciekawego czeka w Twojej okolicy — sprawdź mapę.
Dane: {"url":"\/ridemore\/odkrycia"}
------------------------------------------------------------

[2026-08-29 21:47:09] user_id=1 urządzenia=android:1,ios:0
Tytuł: TEST tytuł
Treść: TEST treść
Dane: []
------------------------------------------------------------

[2026-08-29 21:47:09] user_id=1 urządzenia=android:1,ios:0
Tytuł: Ktoś dołączył do Twojego wyjazdu
Treść: TEST wyjazd push
Dane: {"url":"\/ridemore\/admin"}
------------------------------------------------------------

[2026-08-29 21:47:09] user_id=2 urządzenia=android:1,ios:0
Tytuł: Nowa wiadomość
Treść: Masz nową wiadomość na Ridemore.
Dane: {"url":"\/ridemore\/wiadomosci\/84"}
------------------------------------------------------------

[2026-08-29 21:47:09] user_id=1 urządzenia=android:1,ios:0
Tytuł: Ktoś dołączył do Twojego wyjazdu
Treść: TEST grupa push
Dane: {"url":"\/ridemore\/admin"}
------------------------------------------------------------

[2026-08-29 21:47:09] user_id=1 urządzenia=android:1,ios:0
Tytuł: Nowa wiadomość — TEST grupa push
Treść: Sprawdź kanał grupowy wyjazdu.
Dane: {"url":"\/ridemore\/wiadomosci\/grupa\/338"}
------------------------------------------------------------

[2026-08-29 21:47:09] user_id=1 urządzenia=android:1,ios:0
Tytuł: Nowy skarb w Twojej okolicy
Treść: TEST skarb okolica
Dane: {"url":"\/ridemore\/odkrycia"}
------------------------------------------------------------

[2026-08-29 21:47:09] user_id=1 urządzenia=android:1,ios:0
Tytuł: Nowy skarb w Twojej okolicy
Treść: Coś ciekawego czeka w Twojej okolicy — sprawdź mapę.
Dane: {"url":"\/ridemore\/odkrycia"}
------------------------------------------------------------

[2026-08-29 22:35:10] user_id=1 urządzenia=android:1,ios:0
Tytuł: TEST tytuł
Treść: TEST treść
Dane: []
------------------------------------------------------------

[2026-08-29 22:35:10] user_id=1 urządzenia=android:1,ios:0
Tytuł: Ktoś dołączył do Twojego wyjazdu
Treść: TEST wyjazd push
Dane: {"url":"\/ridemore\/admin"}
------------------------------------------------------------

[2026-08-29 22:35:10] user_id=2 urządzenia=android:1,ios:0
Tytuł: Nowa wiadomość
Treść: Masz nową wiadomość na Ridemore.
Dane: {"url":"\/ridemore\/wiadomosci\/85"}
------------------------------------------------------------

[2026-08-29 22:35:10] user_id=1 urządzenia=android:1,ios:0
Tytuł: Ktoś dołączył do Twojego wyjazdu
Treść: TEST grupa push
Dane: {"url":"\/ridemore\/admin"}
------------------------------------------------------------

[2026-08-29 22:35:10] user_id=1 urządzenia=android:1,ios:0
Tytuł: Nowa wiadomość — TEST grupa push
Treść: Sprawdź kanał grupowy wyjazdu.
Dane: {"url":"\/ridemore\/wiadomosci\/grupa\/341"}
------------------------------------------------------------

[2026-08-29 22:35:10] user_id=1 urządzenia=android:1,ios:0
Tytuł: Nowy skarb w Twojej okolicy
Treść: TEST skarb okolica
Dane: {"url":"\/ridemore\/odkrycia"}
------------------------------------------------------------

[2026-08-29 22:35:10] user_id=1 urządzenia=android:1,ios:0
Tytuł: Nowy skarb w Twojej okolicy
Treść: Coś ciekawego czeka w Twojej okolicy — sprawdź mapę.
Dane: {"url":"\/ridemore\/odkrycia"}
------------------------------------------------------------

[2026-08-30 15:54:57] user_id=1 urządzenia=android:1,ios:0
Tytuł: TEST tytuł
Treść: TEST treść
Dane: []
------------------------------------------------------------

[2026-08-30 15:54:57] user_id=1 urządzenia=android:1,ios:0
Tytuł: Ktoś dołączył do Twojego wyjazdu
Treść: TEST wyjazd push
Dane: {"url":"\/ridemore\/admin"}
------------------------------------------------------------

[2026-08-30 15:54:57] user_id=2 urządzenia=android:1,ios:0
Tytuł: Nowa wiadomość
Treść: Masz nową wiadomość na Ridemore.
Dane: {"url":"\/ridemore\/wiadomosci\/86"}
------------------------------------------------------------

[2026-08-30 15:54:57] user_id=1 urządzenia=android:1,ios:0
Tytuł: Ktoś dołączył do Twojego wyjazdu
Treść: TEST grupa push
Dane: {"url":"\/ridemore\/admin"}
------------------------------------------------------------

[2026-08-30 15:54:57] user_id=1 urządzenia=android:1,ios:0
Tytuł: Nowa wiadomość — TEST grupa push
Treść: Sprawdź kanał grupowy wyjazdu.
Dane: {"url":"\/ridemore\/wiadomosci\/grupa\/344"}
------------------------------------------------------------

[2026-08-30 15:54:58] user_id=1 urządzenia=android:1,ios:0
Tytuł: Nowy skarb w Twojej okolicy
Treść: TEST skarb okolica
Dane: {"url":"\/ridemore\/odkrycia"}
------------------------------------------------------------

[2026-08-30 15:54:58] user_id=1 urządzenia=android:1,ios:0
Tytuł: Nowy skarb w Twojej okolicy
Treść: Coś ciekawego czeka w Twojej okolicy — sprawdź mapę.
Dane: {"url":"\/ridemore\/odkrycia"}
------------------------------------------------------------

[2026-08-30 16:03:31] user_id=1 urządzenia=android:1,ios:0
Tytuł: TEST tytuł
Treść: TEST treść
Dane: []
------------------------------------------------------------

[2026-08-30 16:03:31] user_id=1 urządzenia=android:1,ios:0
Tytuł: Ktoś dołączył do Twojego wyjazdu
Treść: TEST wyjazd push
Dane: {"url":"\/ridemore\/admin"}
------------------------------------------------------------

[2026-08-30 16:03:31] user_id=2 urządzenia=android:1,ios:0
Tytuł: Nowa wiadomość
Treść: Masz nową wiadomość na Ridemore.
Dane: {"url":"\/ridemore\/wiadomosci\/87"}
------------------------------------------------------------

[2026-08-30 16:03:31] user_id=1 urządzenia=android:1,ios:0
Tytuł: Ktoś dołączył do Twojego wyjazdu
Treść: TEST grupa push
Dane: {"url":"\/ridemore\/admin"}
------------------------------------------------------------

[2026-08-30 16:03:31] user_id=1 urządzenia=android:1,ios:0
Tytuł: Nowa wiadomość — TEST grupa push
Treść: Sprawdź kanał grupowy wyjazdu.
Dane: {"url":"\/ridemore\/wiadomosci\/grupa\/347"}
------------------------------------------------------------

[2026-08-30 16:03:31] user_id=1 urządzenia=android:1,ios:0
Tytuł: Nowy skarb w Twojej okolicy
Treść: TEST skarb okolica
Dane: {"url":"\/ridemore\/odkrycia"}
------------------------------------------------------------

[2026-08-30 16:03:31] user_id=1 urządzenia=android:1,ios:0
Tytuł: Nowy skarb w Twojej okolicy
Treść: Coś ciekawego czeka w Twojej okolicy — sprawdź mapę.
Dane: {"url":"\/ridemore\/odkrycia"}
------------------------------------------------------------

[2026-08-30 17:17:24] user_id=1 urządzenia=android:1,ios:0
Tytuł: TEST tytuł
Treść: TEST treść
Dane: []
------------------------------------------------------------

[2026-08-30 17:17:24] user_id=1 urządzenia=android:1,ios:0
Tytuł: Ktoś dołączył do Twojego wyjazdu
Treść: TEST wyjazd push
Dane: {"url":"\/ridemore\/admin"}
------------------------------------------------------------

[2026-08-30 17:17:24] user_id=2 urządzenia=android:1,ios:0
Tytuł: Nowa wiadomość
Treść: Masz nową wiadomość na Ridemore.
Dane: {"url":"\/ridemore\/wiadomosci\/88"}
------------------------------------------------------------

[2026-08-30 17:17:24] user_id=1 urządzenia=android:1,ios:0
Tytuł: Ktoś dołączył do Twojego wyjazdu
Treść: TEST grupa push
Dane: {"url":"\/ridemore\/admin"}
------------------------------------------------------------

[2026-08-30 17:17:24] user_id=1 urządzenia=android:1,ios:0
Tytuł: Nowa wiadomość — TEST grupa push
Treść: Sprawdź kanał grupowy wyjazdu.
Dane: {"url":"\/ridemore\/wiadomosci\/grupa\/350"}
------------------------------------------------------------

[2026-08-30 17:17:24] user_id=1 urządzenia=android:1,ios:0
Tytuł: Nowy skarb w Twojej okolicy
Treść: TEST skarb okolica
Dane: {"url":"\/ridemore\/odkrycia"}
------------------------------------------------------------

[2026-08-30 17:17:24] user_id=1 urządzenia=android:1,ios:0
Tytuł: Nowy skarb w Twojej okolicy
Treść: Coś ciekawego czeka w Twojej okolicy — sprawdź mapę.
Dane: {"url":"\/ridemore\/odkrycia"}
------------------------------------------------------------

[2026-08-30 17:44:23] user_id=1 urządzenia=android:1,ios:0
Tytuł: TEST tytuł
Treść: TEST treść
Dane: []
------------------------------------------------------------

[2026-08-30 17:44:23] user_id=1 urządzenia=android:1,ios:0
Tytuł: Ktoś dołączył do Twojego wyjazdu
Treść: TEST wyjazd push
Dane: {"url":"\/ridemore\/admin"}
------------------------------------------------------------

[2026-08-30 17:44:23] user_id=2 urządzenia=android:1,ios:0
Tytuł: Nowa wiadomość
Treść: Masz nową wiadomość na Ridemore.
Dane: {"url":"\/ridemore\/wiadomosci\/89"}
------------------------------------------------------------

[2026-08-30 17:44:23] user_id=1 urządzenia=android:1,ios:0
Tytuł: Ktoś dołączył do Twojego wyjazdu
Treść: TEST grupa push
Dane: {"url":"\/ridemore\/admin"}
------------------------------------------------------------

[2026-08-30 17:44:23] user_id=1 urządzenia=android:1,ios:0
Tytuł: Nowa wiadomość — TEST grupa push
Treść: Sprawdź kanał grupowy wyjazdu.
Dane: {"url":"\/ridemore\/wiadomosci\/grupa\/353"}
------------------------------------------------------------

[2026-08-30 17:44:23] user_id=1 urządzenia=android:1,ios:0
Tytuł: Nowy skarb w Twojej okolicy
Treść: TEST skarb okolica
Dane: {"url":"\/ridemore\/odkrycia"}
------------------------------------------------------------

[2026-08-30 17:44:23] user_id=1 urządzenia=android:1,ios:0
Tytuł: Nowy skarb w Twojej okolicy
Treść: Coś ciekawego czeka w Twojej okolicy — sprawdź mapę.
Dane: {"url":"\/ridemore\/odkrycia"}
------------------------------------------------------------

[2026-08-30 17:46:15] user_id=1 urządzenia=android:1,ios:0
Tytuł: TEST tytuł
Treść: TEST treść
Dane: []
------------------------------------------------------------

[2026-08-30 17:46:15] user_id=1 urządzenia=android:1,ios:0
Tytuł: Ktoś dołączył do Twojego wyjazdu
Treść: TEST wyjazd push
Dane: {"url":"\/ridemore\/admin"}
------------------------------------------------------------

[2026-08-30 17:46:15] user_id=2 urządzenia=android:1,ios:0
Tytuł: Nowa wiadomość
Treść: Masz nową wiadomość na Ridemore.
Dane: {"url":"\/ridemore\/wiadomosci\/90"}
------------------------------------------------------------

[2026-08-30 17:46:15] user_id=1 urządzenia=android:1,ios:0
Tytuł: Ktoś dołączył do Twojego wyjazdu
Treść: TEST grupa push
Dane: {"url":"\/ridemore\/admin"}
------------------------------------------------------------

[2026-08-30 17:46:15] user_id=1 urządzenia=android:1,ios:0
Tytuł: Nowa wiadomość — TEST grupa push
Treść: Sprawdź kanał grupowy wyjazdu.
Dane: {"url":"\/ridemore\/wiadomosci\/grupa\/356"}
------------------------------------------------------------

[2026-08-30 17:46:15] user_id=1 urządzenia=android:1,ios:0
Tytuł: Nowy skarb w Twojej okolicy
Treść: TEST skarb okolica
Dane: {"url":"\/ridemore\/odkrycia"}
------------------------------------------------------------

[2026-08-30 17:46:15] user_id=1 urządzenia=android:1,ios:0
Tytuł: Nowy skarb w Twojej okolicy
Treść: Coś ciekawego czeka w Twojej okolicy — sprawdź mapę.
Dane: {"url":"\/ridemore\/odkrycia"}
------------------------------------------------------------

[2026-08-30 18:09:02] user_id=1 urządzenia=android:1,ios:0
Tytuł: TEST tytuł
Treść: TEST treść
Dane: []
------------------------------------------------------------

[2026-08-30 18:09:02] user_id=1 urządzenia=android:1,ios:0
Tytuł: Ktoś dołączył do Twojego wyjazdu
Treść: TEST wyjazd push
Dane: {"url":"\/ridemore\/admin"}
------------------------------------------------------------

[2026-08-30 18:09:02] user_id=2 urządzenia=android:1,ios:0
Tytuł: Nowa wiadomość
Treść: Masz nową wiadomość na Ridemore.
Dane: {"url":"\/ridemore\/wiadomosci\/91"}
------------------------------------------------------------

[2026-08-30 18:09:02] user_id=1 urządzenia=android:1,ios:0
Tytuł: Ktoś dołączył do Twojego wyjazdu
Treść: TEST grupa push
Dane: {"url":"\/ridemore\/admin"}
------------------------------------------------------------

[2026-08-30 18:09:02] user_id=1 urządzenia=android:1,ios:0
Tytuł: Nowa wiadomość — TEST grupa push
Treść: Sprawdź kanał grupowy wyjazdu.
Dane: {"url":"\/ridemore\/wiadomosci\/grupa\/359"}
------------------------------------------------------------

[2026-08-30 18:09:02] user_id=1 urządzenia=android:1,ios:0
Tytuł: Nowy skarb w Twojej okolicy
Treść: TEST skarb okolica
Dane: {"url":"\/ridemore\/odkrycia"}
------------------------------------------------------------

[2026-08-30 18:09:02] user_id=1 urządzenia=android:1,ios:0
Tytuł: Nowy skarb w Twojej okolicy
Treść: Coś ciekawego czeka w Twojej okolicy — sprawdź mapę.
Dane: {"url":"\/ridemore\/odkrycia"}
------------------------------------------------------------

[2026-08-30 18:09:49] user_id=1 urządzenia=android:1,ios:0
Tytuł: TEST tytuł
Treść: TEST treść
Dane: []
------------------------------------------------------------

[2026-08-30 18:09:49] user_id=1 urządzenia=android:1,ios:0
Tytuł: Ktoś dołączył do Twojego wyjazdu
Treść: TEST wyjazd push
Dane: {"url":"\/ridemore\/admin"}
------------------------------------------------------------

[2026-08-30 18:09:49] user_id=2 urządzenia=android:1,ios:0
Tytuł: Nowa wiadomość
Treść: Masz nową wiadomość na Ridemore.
Dane: {"url":"\/ridemore\/wiadomosci\/92"}
------------------------------------------------------------

[2026-08-30 18:09:49] user_id=1 urządzenia=android:1,ios:0
Tytuł: Ktoś dołączył do Twojego wyjazdu
Treść: TEST grupa push
Dane: {"url":"\/ridemore\/admin"}
------------------------------------------------------------

[2026-08-30 18:09:49] user_id=1 urządzenia=android:1,ios:0
Tytuł: Nowa wiadomość — TEST grupa push
Treść: Sprawdź kanał grupowy wyjazdu.
Dane: {"url":"\/ridemore\/wiadomosci\/grupa\/362"}
------------------------------------------------------------

[2026-08-30 18:09:50] user_id=1 urządzenia=android:1,ios:0
Tytuł: Nowy skarb w Twojej okolicy
Treść: TEST skarb okolica
Dane: {"url":"\/ridemore\/odkrycia"}
------------------------------------------------------------

[2026-08-30 18:09:50] user_id=1 urządzenia=android:1,ios:0
Tytuł: Nowy skarb w Twojej okolicy
Treść: Coś ciekawego czeka w Twojej okolicy — sprawdź mapę.
Dane: {"url":"\/ridemore\/odkrycia"}
------------------------------------------------------------

[2026-08-30 18:10:42] user_id=1 urządzenia=android:1,ios:0
Tytuł: TEST tytuł
Treść: TEST treść
Dane: []
------------------------------------------------------------

[2026-08-30 18:10:42] user_id=1 urządzenia=android:1,ios:0
Tytuł: Ktoś dołączył do Twojego wyjazdu
Treść: TEST wyjazd push
Dane: {"url":"\/ridemore\/admin"}
------------------------------------------------------------

[2026-08-30 18:10:42] user_id=2 urządzenia=android:1,ios:0
Tytuł: Nowa wiadomość
Treść: Masz nową wiadomość na Ridemore.
Dane: {"url":"\/ridemore\/wiadomosci\/93"}
------------------------------------------------------------

[2026-08-30 18:10:42] user_id=1 urządzenia=android:1,ios:0
Tytuł: Ktoś dołączył do Twojego wyjazdu
Treść: TEST grupa push
Dane: {"url":"\/ridemore\/admin"}
------------------------------------------------------------

[2026-08-30 18:10:42] user_id=1 urządzenia=android:1,ios:0
Tytuł: Nowa wiadomość — TEST grupa push
Treść: Sprawdź kanał grupowy wyjazdu.
Dane: {"url":"\/ridemore\/wiadomosci\/grupa\/365"}
------------------------------------------------------------

[2026-08-30 18:10:42] user_id=1 urządzenia=android:1,ios:0
Tytuł: Nowy skarb w Twojej okolicy
Treść: TEST skarb okolica
Dane: {"url":"\/ridemore\/odkrycia"}
------------------------------------------------------------

[2026-08-30 18:10:42] user_id=1 urządzenia=android:1,ios:0
Tytuł: Nowy skarb w Twojej okolicy
Treść: Coś ciekawego czeka w Twojej okolicy — sprawdź mapę.
Dane: {"url":"\/ridemore\/odkrycia"}
------------------------------------------------------------

[2026-08-30 18:11:45] user_id=1 urządzenia=android:1,ios:0
Tytuł: TEST tytuł
Treść: TEST treść
Dane: []
------------------------------------------------------------

[2026-08-30 18:11:45] user_id=1 urządzenia=android:1,ios:0
Tytuł: Ktoś dołączył do Twojego wyjazdu
Treść: TEST wyjazd push
Dane: {"url":"\/ridemore\/admin"}
------------------------------------------------------------

[2026-08-30 18:11:45] user_id=2 urządzenia=android:1,ios:0
Tytuł: Nowa wiadomość
Treść: Masz nową wiadomość na Ridemore.
Dane: {"url":"\/ridemore\/wiadomosci\/94"}
------------------------------------------------------------

[2026-08-30 18:11:45] user_id=1 urządzenia=android:1,ios:0
Tytuł: Ktoś dołączył do Twojego wyjazdu
Treść: TEST grupa push
Dane: {"url":"\/ridemore\/admin"}
------------------------------------------------------------

[2026-08-30 18:11:45] user_id=1 urządzenia=android:1,ios:0
Tytuł: Nowa wiadomość — TEST grupa push
Treść: Sprawdź kanał grupowy wyjazdu.
Dane: {"url":"\/ridemore\/wiadomosci\/grupa\/368"}
------------------------------------------------------------

[2026-08-30 18:11:45] user_id=1 urządzenia=android:1,ios:0
Tytuł: Nowy skarb w Twojej okolicy
Treść: TEST skarb okolica
Dane: {"url":"\/ridemore\/odkrycia"}
------------------------------------------------------------

[2026-08-30 18:11:45] user_id=1 urządzenia=android:1,ios:0
Tytuł: Nowy skarb w Twojej okolicy
Treść: Coś ciekawego czeka w Twojej okolicy — sprawdź mapę.
Dane: {"url":"\/ridemore\/odkrycia"}
------------------------------------------------------------

[2026-08-30 18:35:51] user_id=1 urządzenia=android:1,ios:0
Tytuł: TEST tytuł
Treść: TEST treść
Dane: []
------------------------------------------------------------

[2026-08-30 18:35:51] user_id=1 urządzenia=android:1,ios:0
Tytuł: Ktoś dołączył do Twojego wyjazdu
Treść: TEST wyjazd push
Dane: {"url":"\/ridemore\/admin"}
------------------------------------------------------------

[2026-08-30 18:35:51] user_id=2 urządzenia=android:1,ios:0
Tytuł: Nowa wiadomość
Treść: Masz nową wiadomość na Ridemore.
Dane: {"url":"\/ridemore\/wiadomosci\/95"}
------------------------------------------------------------

[2026-08-30 18:35:51] user_id=1 urządzenia=android:1,ios:0
Tytuł: Ktoś dołączył do Twojego wyjazdu
Treść: TEST grupa push
Dane: {"url":"\/ridemore\/admin"}
------------------------------------------------------------

[2026-08-30 18:35:51] user_id=1 urządzenia=android:1,ios:0
Tytuł: Nowa wiadomość — TEST grupa push
Treść: Sprawdź kanał grupowy wyjazdu.
Dane: {"url":"\/ridemore\/wiadomosci\/grupa\/371"}
------------------------------------------------------------

[2026-08-30 18:35:52] user_id=1 urządzenia=android:1,ios:0
Tytuł: Nowy skarb w Twojej okolicy
Treść: TEST skarb okolica
Dane: {"url":"\/ridemore\/odkrycia"}
------------------------------------------------------------

[2026-08-30 18:35:52] user_id=1 urządzenia=android:1,ios:0
Tytuł: Nowy skarb w Twojej okolicy
Treść: Coś ciekawego czeka w Twojej okolicy — sprawdź mapę.
Dane: {"url":"\/ridemore\/odkrycia"}
------------------------------------------------------------

[2026-08-30 18:36:39] user_id=1 urządzenia=android:1,ios:0
Tytuł: TEST tytuł
Treść: TEST treść
Dane: []
------------------------------------------------------------

[2026-08-30 18:36:39] user_id=1 urządzenia=android:1,ios:0
Tytuł: Ktoś dołączył do Twojego wyjazdu
Treść: TEST wyjazd push
Dane: {"url":"\/ridemore\/admin"}
------------------------------------------------------------

[2026-08-30 18:36:39] user_id=2 urządzenia=android:1,ios:0
Tytuł: Nowa wiadomość
Treść: Masz nową wiadomość na Ridemore.
Dane: {"url":"\/ridemore\/wiadomosci\/96"}
------------------------------------------------------------

[2026-08-30 18:36:39] user_id=1 urządzenia=android:1,ios:0
Tytuł: Ktoś dołączył do Twojego wyjazdu
Treść: TEST grupa push
Dane: {"url":"\/ridemore\/admin"}
------------------------------------------------------------

[2026-08-30 18:36:39] user_id=1 urządzenia=android:1,ios:0
Tytuł: Nowa wiadomość — TEST grupa push
Treść: Sprawdź kanał grupowy wyjazdu.
Dane: {"url":"\/ridemore\/wiadomosci\/grupa\/374"}
------------------------------------------------------------

[2026-08-30 18:36:39] user_id=1 urządzenia=android:1,ios:0
Tytuł: Nowy skarb w Twojej okolicy
Treść: TEST skarb okolica
Dane: {"url":"\/ridemore\/odkrycia"}
------------------------------------------------------------

[2026-08-30 18:36:39] user_id=1 urządzenia=android:1,ios:0
Tytuł: Nowy skarb w Twojej okolicy
Treść: Coś ciekawego czeka w Twojej okolicy — sprawdź mapę.
Dane: {"url":"\/ridemore\/odkrycia"}
------------------------------------------------------------

[2026-08-30 18:37:57] user_id=1 urządzenia=android:1,ios:0
Tytuł: TEST tytuł
Treść: TEST treść
Dane: []
------------------------------------------------------------

[2026-08-30 18:37:57] user_id=1 urządzenia=android:1,ios:0
Tytuł: Ktoś dołączył do Twojego wyjazdu
Treść: TEST wyjazd push
Dane: {"url":"\/ridemore\/admin"}
------------------------------------------------------------

[2026-08-30 18:37:57] user_id=2 urządzenia=android:1,ios:0
Tytuł: Nowa wiadomość
Treść: Masz nową wiadomość na Ridemore.
Dane: {"url":"\/ridemore\/wiadomosci\/97"}
------------------------------------------------------------

[2026-08-30 18:37:57] user_id=1 urządzenia=android:1,ios:0
Tytuł: Ktoś dołączył do Twojego wyjazdu
Treść: TEST grupa push
Dane: {"url":"\/ridemore\/admin"}
------------------------------------------------------------

[2026-08-30 18:37:57] user_id=1 urządzenia=android:1,ios:0
Tytuł: Nowa wiadomość — TEST grupa push
Treść: Sprawdź kanał grupowy wyjazdu.
Dane: {"url":"\/ridemore\/wiadomosci\/grupa\/377"}
------------------------------------------------------------

[2026-08-30 18:37:57] user_id=1 urządzenia=android:1,ios:0
Tytuł: Nowy skarb w Twojej okolicy
Treść: TEST skarb okolica
Dane: {"url":"\/ridemore\/odkrycia"}
------------------------------------------------------------

[2026-08-30 18:37:58] user_id=1 urządzenia=android:1,ios:0
Tytuł: Nowy skarb w Twojej okolicy
Treść: Coś ciekawego czeka w Twojej okolicy — sprawdź mapę.
Dane: {"url":"\/ridemore\/odkrycia"}
------------------------------------------------------------

[2026-08-30 18:38:45] user_id=1 urządzenia=android:1,ios:0
Tytuł: TEST tytuł
Treść: TEST treść
Dane: []
------------------------------------------------------------

[2026-08-30 18:38:45] user_id=1 urządzenia=android:1,ios:0
Tytuł: Ktoś dołączył do Twojego wyjazdu
Treść: TEST wyjazd push
Dane: {"url":"\/ridemore\/admin"}
------------------------------------------------------------

[2026-08-30 18:38:45] user_id=2 urządzenia=android:1,ios:0
Tytuł: Nowa wiadomość
Treść: Masz nową wiadomość na Ridemore.
Dane: {"url":"\/ridemore\/wiadomosci\/98"}
------------------------------------------------------------

[2026-08-30 18:38:45] user_id=1 urządzenia=android:1,ios:0
Tytuł: Ktoś dołączył do Twojego wyjazdu
Treść: TEST grupa push
Dane: {"url":"\/ridemore\/admin"}
------------------------------------------------------------

[2026-08-30 18:38:45] user_id=1 urządzenia=android:1,ios:0
Tytuł: Nowa wiadomość — TEST grupa push
Treść: Sprawdź kanał grupowy wyjazdu.
Dane: {"url":"\/ridemore\/wiadomosci\/grupa\/380"}
------------------------------------------------------------

[2026-08-30 18:38:45] user_id=1 urządzenia=android:1,ios:0
Tytuł: Nowy skarb w Twojej okolicy
Treść: TEST skarb okolica
Dane: {"url":"\/ridemore\/odkrycia"}
------------------------------------------------------------

[2026-08-30 18:38:45] user_id=1 urządzenia=android:1,ios:0
Tytuł: Nowy skarb w Twojej okolicy
Treść: Coś ciekawego czeka w Twojej okolicy — sprawdź mapę.
Dane: {"url":"\/ridemore\/odkrycia"}
------------------------------------------------------------

[2026-08-30 18:39:33] user_id=1 urządzenia=android:1,ios:0
Tytuł: TEST tytuł
Treść: TEST treść
Dane: []
------------------------------------------------------------

[2026-08-30 18:39:33] user_id=1 urządzenia=android:1,ios:0
Tytuł: Ktoś dołączył do Twojego wyjazdu
Treść: TEST wyjazd push
Dane: {"url":"\/ridemore\/admin"}
------------------------------------------------------------

[2026-08-30 18:39:33] user_id=2 urządzenia=android:1,ios:0
Tytuł: Nowa wiadomość
Treść: Masz nową wiadomość na Ridemore.
Dane: {"url":"\/ridemore\/wiadomosci\/99"}
------------------------------------------------------------

[2026-08-30 18:39:33] user_id=1 urządzenia=android:1,ios:0
Tytuł: Ktoś dołączył do Twojego wyjazdu
Treść: TEST grupa push
Dane: {"url":"\/ridemore\/admin"}
------------------------------------------------------------

[2026-08-30 18:39:33] user_id=1 urządzenia=android:1,ios:0
Tytuł: Nowa wiadomość — TEST grupa push
Treść: Sprawdź kanał grupowy wyjazdu.
Dane: {"url":"\/ridemore\/wiadomosci\/grupa\/383"}
------------------------------------------------------------

[2026-08-30 18:39:33] user_id=1 urządzenia=android:1,ios:0
Tytuł: Nowy skarb w Twojej okolicy
Treść: TEST skarb okolica
Dane: {"url":"\/ridemore\/odkrycia"}
------------------------------------------------------------

[2026-08-30 18:39:33] user_id=1 urządzenia=android:1,ios:0
Tytuł: Nowy skarb w Twojej okolicy
Treść: Coś ciekawego czeka w Twojej okolicy — sprawdź mapę.
Dane: {"url":"\/ridemore\/odkrycia"}
------------------------------------------------------------

[2026-08-30 18:40:40] user_id=1 urządzenia=android:1,ios:0
Tytuł: TEST tytuł
Treść: TEST treść
Dane: []
------------------------------------------------------------

[2026-08-30 18:40:40] user_id=1 urządzenia=android:1,ios:0
Tytuł: Ktoś dołączył do Twojego wyjazdu
Treść: TEST wyjazd push
Dane: {"url":"\/ridemore\/admin"}
------------------------------------------------------------

[2026-08-30 18:40:40] user_id=2 urządzenia=android:1,ios:0
Tytuł: Nowa wiadomość
Treść: Masz nową wiadomość na Ridemore.
Dane: {"url":"\/ridemore\/wiadomosci\/100"}
------------------------------------------------------------

[2026-08-30 18:40:40] user_id=1 urządzenia=android:1,ios:0
Tytuł: Ktoś dołączył do Twojego wyjazdu
Treść: TEST grupa push
Dane: {"url":"\/ridemore\/admin"}
------------------------------------------------------------

[2026-08-30 18:40:40] user_id=1 urządzenia=android:1,ios:0
Tytuł: Nowa wiadomość — TEST grupa push
Treść: Sprawdź kanał grupowy wyjazdu.
Dane: {"url":"\/ridemore\/wiadomosci\/grupa\/386"}
------------------------------------------------------------

[2026-08-30 18:40:40] user_id=1 urządzenia=android:1,ios:0
Tytuł: Nowy skarb w Twojej okolicy
Treść: TEST skarb okolica
Dane: {"url":"\/ridemore\/odkrycia"}
------------------------------------------------------------

[2026-08-30 18:40:40] user_id=1 urządzenia=android:1,ios:0
Tytuł: Nowy skarb w Twojej okolicy
Treść: Coś ciekawego czeka w Twojej okolicy — sprawdź mapę.
Dane: {"url":"\/ridemore\/odkrycia"}
------------------------------------------------------------

[2026-08-30 20:17:54] user_id=1 urządzenia=android:1,ios:0
Tytuł: TEST tytuł
Treść: TEST treść
Dane: []
------------------------------------------------------------

[2026-08-30 20:17:54] user_id=1 urządzenia=android:1,ios:0
Tytuł: Ktoś dołączył do Twojego wyjazdu
Treść: TEST wyjazd push
Dane: {"url":"\/ridemore\/admin"}
------------------------------------------------------------

[2026-08-30 20:17:54] user_id=2 urządzenia=android:1,ios:0
Tytuł: Nowa wiadomość
Treść: Masz nową wiadomość na Ridemore.
Dane: {"url":"\/ridemore\/wiadomosci\/101"}
------------------------------------------------------------

[2026-08-30 20:17:54] user_id=1 urządzenia=android:1,ios:0
Tytuł: Ktoś dołączył do Twojego wyjazdu
Treść: TEST grupa push
Dane: {"url":"\/ridemore\/admin"}
------------------------------------------------------------

[2026-08-30 20:17:54] user_id=1 urządzenia=android:1,ios:0
Tytuł: Nowa wiadomość — TEST grupa push
Treść: Sprawdź kanał grupowy wyjazdu.
Dane: {"url":"\/ridemore\/wiadomosci\/grupa\/389"}
------------------------------------------------------------

[2026-08-30 20:17:54] user_id=1 urządzenia=android:1,ios:0
Tytuł: Nowy skarb w Twojej okolicy
Treść: TEST skarb okolica
Dane: {"url":"\/ridemore\/odkrycia"}
------------------------------------------------------------

[2026-08-30 20:17:54] user_id=1 urządzenia=android:1,ios:0
Tytuł: Nowy skarb w Twojej okolicy
Treść: Coś ciekawego czeka w Twojej okolicy — sprawdź mapę.
Dane: {"url":"\/ridemore\/odkrycia"}
------------------------------------------------------------

[2026-08-30 20:18:36] user_id=1 urządzenia=android:1,ios:0
Tytuł: TEST tytuł
Treść: TEST treść
Dane: []
------------------------------------------------------------

[2026-08-30 20:18:36] user_id=1 urządzenia=android:1,ios:0
Tytuł: Ktoś dołączył do Twojego wyjazdu
Treść: TEST wyjazd push
Dane: {"url":"\/ridemore\/admin"}
------------------------------------------------------------

[2026-08-30 20:18:36] user_id=2 urządzenia=android:1,ios:0
Tytuł: Nowa wiadomość
Treść: Masz nową wiadomość na Ridemore.
Dane: {"url":"\/ridemore\/wiadomosci\/102"}
------------------------------------------------------------

[2026-08-30 20:18:36] user_id=1 urządzenia=android:1,ios:0
Tytuł: Ktoś dołączył do Twojego wyjazdu
Treść: TEST grupa push
Dane: {"url":"\/ridemore\/admin"}
------------------------------------------------------------

[2026-08-30 20:18:36] user_id=1 urządzenia=android:1,ios:0
Tytuł: Nowa wiadomość — TEST grupa push
Treść: Sprawdź kanał grupowy wyjazdu.
Dane: {"url":"\/ridemore\/wiadomosci\/grupa\/392"}
------------------------------------------------------------

[2026-08-30 20:18:37] user_id=1 urządzenia=android:1,ios:0
Tytuł: Nowy skarb w Twojej okolicy
Treść: TEST skarb okolica
Dane: {"url":"\/ridemore\/odkrycia"}
------------------------------------------------------------

[2026-08-30 20:18:37] user_id=1 urządzenia=android:1,ios:0
Tytuł: Nowy skarb w Twojej okolicy
Treść: Coś ciekawego czeka w Twojej okolicy — sprawdź mapę.
Dane: {"url":"\/ridemore\/odkrycia"}
------------------------------------------------------------

[2026-08-30 20:20:13] user_id=1 urządzenia=android:1,ios:0
Tytuł: TEST tytuł
Treść: TEST treść
Dane: []
------------------------------------------------------------

[2026-08-30 20:20:13] user_id=1 urządzenia=android:1,ios:0
Tytuł: Ktoś dołączył do Twojego wyjazdu
Treść: TEST wyjazd push
Dane: {"url":"\/ridemore\/admin"}
------------------------------------------------------------

[2026-08-30 20:20:13] user_id=2 urządzenia=android:1,ios:0
Tytuł: Nowa wiadomość
Treść: Masz nową wiadomość na Ridemore.
Dane: {"url":"\/ridemore\/wiadomosci\/103"}
------------------------------------------------------------

[2026-08-30 20:20:13] user_id=1 urządzenia=android:1,ios:0
Tytuł: Ktoś dołączył do Twojego wyjazdu
Treść: TEST grupa push
Dane: {"url":"\/ridemore\/admin"}
------------------------------------------------------------

[2026-08-30 20:20:13] user_id=1 urządzenia=android:1,ios:0
Tytuł: Nowa wiadomość — TEST grupa push
Treść: Sprawdź kanał grupowy wyjazdu.
Dane: {"url":"\/ridemore\/wiadomosci\/grupa\/395"}
------------------------------------------------------------

[2026-08-30 20:20:14] user_id=1 urządzenia=android:1,ios:0
Tytuł: Nowy skarb w Twojej okolicy
Treść: TEST skarb okolica
Dane: {"url":"\/ridemore\/odkrycia"}
------------------------------------------------------------

[2026-08-30 20:20:14] user_id=1 urządzenia=android:1,ios:0
Tytuł: Nowy skarb w Twojej okolicy
Treść: Coś ciekawego czeka w Twojej okolicy — sprawdź mapę.
Dane: {"url":"\/ridemore\/odkrycia"}
------------------------------------------------------------

[2026-08-30 21:11:09] user_id=1 urządzenia=android:1,ios:0
Tytuł: TEST tytuł
Treść: TEST treść
Dane: []
------------------------------------------------------------

[2026-08-30 21:11:09] user_id=1 urządzenia=android:1,ios:0
Tytuł: Ktoś dołączył do Twojego wyjazdu
Treść: TEST wyjazd push
Dane: {"url":"\/ridemore\/admin"}
------------------------------------------------------------

[2026-08-30 21:11:09] user_id=2 urządzenia=android:1,ios:0
Tytuł: Nowa wiadomość
Treść: Masz nową wiadomość na Ridemore.
Dane: {"url":"\/ridemore\/wiadomosci\/104"}
------------------------------------------------------------

[2026-08-30 21:11:09] user_id=1 urządzenia=android:1,ios:0
Tytuł: Ktoś dołączył do Twojego wyjazdu
Treść: TEST grupa push
Dane: {"url":"\/ridemore\/admin"}
------------------------------------------------------------

[2026-08-30 21:11:09] user_id=1 urządzenia=android:1,ios:0
Tytuł: Nowa wiadomość — TEST grupa push
Treść: Sprawdź kanał grupowy wyjazdu.
Dane: {"url":"\/ridemore\/wiadomosci\/grupa\/398"}
------------------------------------------------------------

[2026-08-30 21:11:09] user_id=1 urządzenia=android:1,ios:0
Tytuł: Nowy skarb w Twojej okolicy
Treść: TEST skarb okolica
Dane: {"url":"\/ridemore\/odkrycia"}
------------------------------------------------------------

[2026-08-30 21:11:09] user_id=1 urządzenia=android:1,ios:0
Tytuł: Nowy skarb w Twojej okolicy
Treść: Coś ciekawego czeka w Twojej okolicy — sprawdź mapę.
Dane: {"url":"\/ridemore\/odkrycia"}
------------------------------------------------------------

[2026-08-31 16:09:50] user_id=1 urządzenia=android:1,ios:0
Tytuł: TEST tytuł
Treść: TEST treść
Dane: []
------------------------------------------------------------

[2026-08-31 16:09:50] user_id=1 urządzenia=android:1,ios:0
Tytuł: Ktoś dołączył do Twojego wyjazdu
Treść: TEST wyjazd push
Dane: {"url":"\/ridemore\/admin"}
------------------------------------------------------------

[2026-08-31 16:09:50] user_id=2 urządzenia=android:1,ios:0
Tytuł: Nowa wiadomość
Treść: Masz nową wiadomość na Ridemore.
Dane: {"url":"\/ridemore\/wiadomosci\/105"}
------------------------------------------------------------

[2026-08-31 16:09:50] user_id=1 urządzenia=android:1,ios:0
Tytuł: Ktoś dołączył do Twojego wyjazdu
Treść: TEST grupa push
Dane: {"url":"\/ridemore\/admin"}
------------------------------------------------------------

[2026-08-31 16:09:50] user_id=1 urządzenia=android:1,ios:0
Tytuł: Nowa wiadomość — TEST grupa push
Treść: Sprawdź kanał grupowy wyjazdu.
Dane: {"url":"\/ridemore\/wiadomosci\/grupa\/401"}
------------------------------------------------------------

[2026-08-31 16:09:50] user_id=1 urządzenia=android:1,ios:0
Tytuł: Nowy skarb w Twojej okolicy
Treść: TEST skarb okolica
Dane: {"url":"\/ridemore\/odkrycia"}
------------------------------------------------------------

[2026-08-31 16:09:50] user_id=1 urządzenia=android:1,ios:0
Tytuł: Nowy skarb w Twojej okolicy
Treść: Coś ciekawego czeka w Twojej okolicy — sprawdź mapę.
Dane: {"url":"\/ridemore\/odkrycia"}
------------------------------------------------------------

[2026-08-31 16:12:29] user_id=1 urządzenia=android:1,ios:0
Tytuł: TEST tytuł
Treść: TEST treść
Dane: []
------------------------------------------------------------

[2026-08-31 16:12:29] user_id=1 urządzenia=android:1,ios:0
Tytuł: Ktoś dołączył do Twojego wyjazdu
Treść: TEST wyjazd push
Dane: {"url":"\/ridemore\/admin"}
------------------------------------------------------------

[2026-08-31 16:12:29] user_id=2 urządzenia=android:1,ios:0
Tytuł: Nowa wiadomość
Treść: Masz nową wiadomość na Ridemore.
Dane: {"url":"\/ridemore\/wiadomosci\/106"}
------------------------------------------------------------

[2026-08-31 16:12:29] user_id=1 urządzenia=android:1,ios:0
Tytuł: Ktoś dołączył do Twojego wyjazdu
Treść: TEST grupa push
Dane: {"url":"\/ridemore\/admin"}
------------------------------------------------------------

[2026-08-31 16:12:29] user_id=1 urządzenia=android:1,ios:0
Tytuł: Nowa wiadomość — TEST grupa push
Treść: Sprawdź kanał grupowy wyjazdu.
Dane: {"url":"\/ridemore\/wiadomosci\/grupa\/404"}
------------------------------------------------------------

[2026-08-31 16:12:30] user_id=1 urządzenia=android:1,ios:0
Tytuł: Nowy skarb w Twojej okolicy
Treść: TEST skarb okolica
Dane: {"url":"\/ridemore\/odkrycia"}
------------------------------------------------------------

[2026-08-31 16:12:30] user_id=1 urządzenia=android:1,ios:0
Tytuł: Nowy skarb w Twojej okolicy
Treść: Coś ciekawego czeka w Twojej okolicy — sprawdź mapę.
Dane: {"url":"\/ridemore\/odkrycia"}
------------------------------------------------------------

[2026-08-31 16:51:40] user_id=1 urządzenia=android:1,ios:0
Tytuł: TEST tytuł
Treść: TEST treść
Dane: []
------------------------------------------------------------

[2026-08-31 16:51:40] user_id=1 urządzenia=android:1,ios:0
Tytuł: Ktoś dołączył do Twojego wyjazdu
Treść: TEST wyjazd push
Dane: {"url":"\/ridemore\/admin"}
------------------------------------------------------------

[2026-08-31 16:51:40] user_id=2 urządzenia=android:1,ios:0
Tytuł: Nowa wiadomość
Treść: Masz nową wiadomość na Ridemore.
Dane: {"url":"\/ridemore\/wiadomosci\/107"}
------------------------------------------------------------

[2026-08-31 16:51:40] user_id=1 urządzenia=android:1,ios:0
Tytuł: Ktoś dołączył do Twojego wyjazdu
Treść: TEST grupa push
Dane: {"url":"\/ridemore\/admin"}
------------------------------------------------------------

[2026-08-31 16:51:40] user_id=1 urządzenia=android:1,ios:0
Tytuł: Nowa wiadomość — TEST grupa push
Treść: Sprawdź kanał grupowy wyjazdu.
Dane: {"url":"\/ridemore\/wiadomosci\/grupa\/407"}
------------------------------------------------------------

[2026-08-31 16:51:40] user_id=1 urządzenia=android:1,ios:0
Tytuł: Nowy skarb w Twojej okolicy
Treść: TEST skarb okolica
Dane: {"url":"\/ridemore\/odkrycia"}
------------------------------------------------------------

[2026-08-31 16:51:40] user_id=1 urządzenia=android:1,ios:0
Tytuł: Nowy skarb w Twojej okolicy
Treść: Coś ciekawego czeka w Twojej okolicy — sprawdź mapę.
Dane: {"url":"\/ridemore\/odkrycia"}
------------------------------------------------------------

[2026-08-31 16:52:36] user_id=1 urządzenia=android:1,ios:0
Tytuł: TEST tytuł
Treść: TEST treść
Dane: []
------------------------------------------------------------

[2026-08-31 16:52:36] user_id=1 urządzenia=android:1,ios:0
Tytuł: Ktoś dołączył do Twojego wyjazdu
Treść: TEST wyjazd push
Dane: {"url":"\/ridemore\/admin"}
------------------------------------------------------------

[2026-08-31 16:52:36] user_id=2 urządzenia=android:1,ios:0
Tytuł: Nowa wiadomość
Treść: Masz nową wiadomość na Ridemore.
Dane: {"url":"\/ridemore\/wiadomosci\/108"}
------------------------------------------------------------

[2026-08-31 16:52:36] user_id=1 urządzenia=android:1,ios:0
Tytuł: Ktoś dołączył do Twojego wyjazdu
Treść: TEST grupa push
Dane: {"url":"\/ridemore\/admin"}
------------------------------------------------------------

[2026-08-31 16:52:36] user_id=1 urządzenia=android:1,ios:0
Tytuł: Nowa wiadomość — TEST grupa push
Treść: Sprawdź kanał grupowy wyjazdu.
Dane: {"url":"\/ridemore\/wiadomosci\/grupa\/410"}
------------------------------------------------------------

[2026-08-31 16:52:37] user_id=1 urządzenia=android:1,ios:0
Tytuł: Nowy skarb w Twojej okolicy
Treść: TEST skarb okolica
Dane: {"url":"\/ridemore\/odkrycia"}
------------------------------------------------------------

[2026-08-31 16:52:37] user_id=1 urządzenia=android:1,ios:0
Tytuł: Nowy skarb w Twojej okolicy
Treść: Coś ciekawego czeka w Twojej okolicy — sprawdź mapę.
Dane: {"url":"\/ridemore\/odkrycia"}
------------------------------------------------------------

[2026-08-31 16:54:14] user_id=1 urządzenia=android:1,ios:0
Tytuł: TEST tytuł
Treść: TEST treść
Dane: []
------------------------------------------------------------

[2026-08-31 16:54:14] user_id=1 urządzenia=android:1,ios:0
Tytuł: Ktoś dołączył do Twojego wyjazdu
Treść: TEST wyjazd push
Dane: {"url":"\/ridemore\/admin"}
------------------------------------------------------------

[2026-08-31 16:54:14] user_id=2 urządzenia=android:1,ios:0
Tytuł: Nowa wiadomość
Treść: Masz nową wiadomość na Ridemore.
Dane: {"url":"\/ridemore\/wiadomosci\/109"}
------------------------------------------------------------

[2026-08-31 16:54:14] user_id=1 urządzenia=android:1,ios:0
Tytuł: Ktoś dołączył do Twojego wyjazdu
Treść: TEST grupa push
Dane: {"url":"\/ridemore\/admin"}
------------------------------------------------------------

[2026-08-31 16:54:14] user_id=1 urządzenia=android:1,ios:0
Tytuł: Nowa wiadomość — TEST grupa push
Treść: Sprawdź kanał grupowy wyjazdu.
Dane: {"url":"\/ridemore\/wiadomosci\/grupa\/413"}
------------------------------------------------------------

[2026-08-31 16:54:14] user_id=1 urządzenia=android:1,ios:0
Tytuł: Nowy skarb w Twojej okolicy
Treść: TEST skarb okolica
Dane: {"url":"\/ridemore\/odkrycia"}
------------------------------------------------------------

[2026-08-31 16:54:14] user_id=1 urządzenia=android:1,ios:0
Tytuł: Nowy skarb w Twojej okolicy
Treść: Coś ciekawego czeka w Twojej okolicy — sprawdź mapę.
Dane: {"url":"\/ridemore\/odkrycia"}
------------------------------------------------------------

[2026-08-31 16:55:48] user_id=1 urządzenia=android:1,ios:0
Tytuł: TEST tytuł
Treść: TEST treść
Dane: []
------------------------------------------------------------

[2026-08-31 16:55:48] user_id=1 urządzenia=android:1,ios:0
Tytuł: Ktoś dołączył do Twojego wyjazdu
Treść: TEST wyjazd push
Dane: {"url":"\/ridemore\/admin"}
------------------------------------------------------------

[2026-08-31 16:55:48] user_id=2 urządzenia=android:1,ios:0
Tytuł: Nowa wiadomość
Treść: Masz nową wiadomość na Ridemore.
Dane: {"url":"\/ridemore\/wiadomosci\/110"}
------------------------------------------------------------

[2026-08-31 16:55:48] user_id=1 urządzenia=android:1,ios:0
Tytuł: Ktoś dołączył do Twojego wyjazdu
Treść: TEST grupa push
Dane: {"url":"\/ridemore\/admin"}
------------------------------------------------------------

[2026-08-31 16:55:48] user_id=1 urządzenia=android:1,ios:0
Tytuł: Nowa wiadomość — TEST grupa push
Treść: Sprawdź kanał grupowy wyjazdu.
Dane: {"url":"\/ridemore\/wiadomosci\/grupa\/416"}
------------------------------------------------------------

[2026-08-31 16:55:49] user_id=1 urządzenia=android:1,ios:0
Tytuł: Nowy skarb w Twojej okolicy
Treść: TEST skarb okolica
Dane: {"url":"\/ridemore\/odkrycia"}
------------------------------------------------------------

[2026-08-31 16:55:49] user_id=1 urządzenia=android:1,ios:0
Tytuł: Nowy skarb w Twojej okolicy
Treść: Coś ciekawego czeka w Twojej okolicy — sprawdź mapę.
Dane: {"url":"\/ridemore\/odkrycia"}
------------------------------------------------------------

[2026-08-31 18:59:07] user_id=1 urządzenia=android:1,ios:0
Tytuł: TEST tytuł
Treść: TEST treść
Dane: []
------------------------------------------------------------

[2026-08-31 18:59:07] user_id=1 urządzenia=android:1,ios:0
Tytuł: Ktoś dołączył do Twojego wyjazdu
Treść: TEST wyjazd push
Dane: {"url":"\/ridemore\/admin"}
------------------------------------------------------------

[2026-08-31 18:59:07] user_id=2 urządzenia=android:1,ios:0
Tytuł: Nowa wiadomość
Treść: Masz nową wiadomość na Ridemore.
Dane: {"url":"\/ridemore\/wiadomosci\/111"}
------------------------------------------------------------

[2026-08-31 18:59:07] user_id=1 urządzenia=android:1,ios:0
Tytuł: Ktoś dołączył do Twojego wyjazdu
Treść: TEST grupa push
Dane: {"url":"\/ridemore\/admin"}
------------------------------------------------------------

[2026-08-31 18:59:07] user_id=1 urządzenia=android:1,ios:0
Tytuł: Nowa wiadomość — TEST grupa push
Treść: Sprawdź kanał grupowy wyjazdu.
Dane: {"url":"\/ridemore\/wiadomosci\/grupa\/419"}
------------------------------------------------------------

[2026-08-31 18:59:08] user_id=1 urządzenia=android:1,ios:0
Tytuł: Nowy skarb w Twojej okolicy
Treść: TEST skarb okolica
Dane: {"url":"\/ridemore\/odkrycia"}
------------------------------------------------------------

[2026-08-31 18:59:08] user_id=1 urządzenia=android:1,ios:0
Tytuł: Nowy skarb w Twojej okolicy
Treść: Coś ciekawego czeka w Twojej okolicy — sprawdź mapę.
Dane: {"url":"\/ridemore\/odkrycia"}
------------------------------------------------------------

[2026-08-31 19:28:19] user_id=1 urządzenia=android:1,ios:0
Tytuł: TEST tytuł
Treść: TEST treść
Dane: []
------------------------------------------------------------

[2026-08-31 19:28:19] user_id=1 urządzenia=android:1,ios:0
Tytuł: Ktoś dołączył do Twojego wyjazdu
Treść: TEST wyjazd push
Dane: {"url":"\/ridemore\/admin"}
------------------------------------------------------------

[2026-08-31 19:28:19] user_id=2 urządzenia=android:1,ios:0
Tytuł: Nowa wiadomość
Treść: Masz nową wiadomość na Ridemore.
Dane: {"url":"\/ridemore\/wiadomosci\/112"}
------------------------------------------------------------

[2026-08-31 19:28:20] user_id=1 urządzenia=android:1,ios:0
Tytuł: Ktoś dołączył do Twojego wyjazdu
Treść: TEST grupa push
Dane: {"url":"\/ridemore\/admin"}
------------------------------------------------------------

[2026-08-31 19:28:20] user_id=1 urządzenia=android:1,ios:0
Tytuł: Nowa wiadomość — TEST grupa push
Treść: Sprawdź kanał grupowy wyjazdu.
Dane: {"url":"\/ridemore\/wiadomosci\/grupa\/422"}
------------------------------------------------------------

[2026-08-31 19:28:20] user_id=1 urządzenia=android:1,ios:0
Tytuł: Nowy skarb w Twojej okolicy
Treść: TEST skarb okolica
Dane: {"url":"\/ridemore\/odkrycia"}
------------------------------------------------------------

[2026-08-31 19:28:20] user_id=1 urządzenia=android:1,ios:0
Tytuł: Nowy skarb w Twojej okolicy
Treść: Coś ciekawego czeka w Twojej okolicy — sprawdź mapę.
Dane: {"url":"\/ridemore\/odkrycia"}
------------------------------------------------------------

[2026-09-01 18:43:56] user_id=1 urządzenia=android:1,ios:0
Tytuł: TEST tytuł
Treść: TEST treść
Dane: []
------------------------------------------------------------

[2026-09-01 18:43:56] user_id=1 urządzenia=android:1,ios:0
Tytuł: Ktoś dołączył do Twojego wyjazdu
Treść: TEST wyjazd push
Dane: {"url":"\/ridemore\/admin"}
------------------------------------------------------------

[2026-09-01 18:43:56] user_id=2 urządzenia=android:1,ios:0
Tytuł: Nowa wiadomość
Treść: Masz nową wiadomość na Ridemore.
Dane: {"url":"\/ridemore\/wiadomosci\/113"}
------------------------------------------------------------

[2026-09-01 18:43:56] user_id=1 urządzenia=android:1,ios:0
Tytuł: Ktoś dołączył do Twojego wyjazdu
Treść: TEST grupa push
Dane: {"url":"\/ridemore\/admin"}
------------------------------------------------------------

[2026-09-01 18:43:56] user_id=1 urządzenia=android:1,ios:0
Tytuł: Nowa wiadomość — TEST grupa push
Treść: Sprawdź kanał grupowy wyjazdu.
Dane: {"url":"\/ridemore\/wiadomosci\/grupa\/425"}
------------------------------------------------------------

[2026-09-01 18:43:56] user_id=1 urządzenia=android:1,ios:0
Tytuł: Nowy skarb w Twojej okolicy
Treść: TEST skarb okolica
Dane: {"url":"\/ridemore\/odkrycia"}
------------------------------------------------------------

[2026-09-01 18:43:56] user_id=1 urządzenia=android:1,ios:0
Tytuł: Nowy skarb w Twojej okolicy
Treść: Coś ciekawego czeka w Twojej okolicy — sprawdź mapę.
Dane: {"url":"\/ridemore\/odkrycia"}
------------------------------------------------------------

[2026-09-01 19:00:13] user_id=1 urządzenia=android:1,ios:0
Tytuł: TEST tytuł
Treść: TEST treść
Dane: []
------------------------------------------------------------

[2026-09-01 19:00:13] user_id=1 urządzenia=android:1,ios:0
Tytuł: Ktoś dołączył do Twojego wyjazdu
Treść: TEST wyjazd push
Dane: {"url":"\/ridemore\/admin"}
------------------------------------------------------------

[2026-09-01 19:00:13] user_id=2 urządzenia=android:1,ios:0
Tytuł: Nowa wiadomość
Treść: Masz nową wiadomość na Ridemore.
Dane: {"url":"\/ridemore\/wiadomosci\/114"}
------------------------------------------------------------

[2026-09-01 19:00:13] user_id=1 urządzenia=android:1,ios:0
Tytuł: Ktoś dołączył do Twojego wyjazdu
Treść: TEST grupa push
Dane: {"url":"\/ridemore\/admin"}
------------------------------------------------------------

[2026-09-01 19:00:13] user_id=1 urządzenia=android:1,ios:0
Tytuł: Nowa wiadomość — TEST grupa push
Treść: Sprawdź kanał grupowy wyjazdu.
Dane: {"url":"\/ridemore\/wiadomosci\/grupa\/428"}
------------------------------------------------------------

[2026-09-01 19:00:13] user_id=1 urządzenia=android:1,ios:0
Tytuł: Nowy skarb w Twojej okolicy
Treść: TEST skarb okolica
Dane: {"url":"\/ridemore\/odkrycia"}
------------------------------------------------------------

[2026-09-01 19:00:13] user_id=1 urządzenia=android:1,ios:0
Tytuł: Nowy skarb w Twojej okolicy
Treść: Coś ciekawego czeka w Twojej okolicy — sprawdź mapę.
Dane: {"url":"\/ridemore\/odkrycia"}
------------------------------------------------------------

[2026-09-01 19:00:56] user_id=1 urządzenia=android:1,ios:0
Tytuł: TEST tytuł
Treść: TEST treść
Dane: []
------------------------------------------------------------

[2026-09-01 19:00:56] user_id=1 urządzenia=android:1,ios:0
Tytuł: Ktoś dołączył do Twojego wyjazdu
Treść: TEST wyjazd push
Dane: {"url":"\/ridemore\/admin"}
------------------------------------------------------------

[2026-09-01 19:00:56] user_id=2 urządzenia=android:1,ios:0
Tytuł: Nowa wiadomość
Treść: Masz nową wiadomość na Ridemore.
Dane: {"url":"\/ridemore\/wiadomosci\/115"}
------------------------------------------------------------

[2026-09-01 19:00:56] user_id=1 urządzenia=android:1,ios:0
Tytuł: Ktoś dołączył do Twojego wyjazdu
Treść: TEST grupa push
Dane: {"url":"\/ridemore\/admin"}
------------------------------------------------------------

[2026-09-01 19:00:56] user_id=1 urządzenia=android:1,ios:0
Tytuł: Nowa wiadomość — TEST grupa push
Treść: Sprawdź kanał grupowy wyjazdu.
Dane: {"url":"\/ridemore\/wiadomosci\/grupa\/431"}
------------------------------------------------------------

[2026-09-01 19:00:56] user_id=1 urządzenia=android:1,ios:0
Tytuł: Nowy skarb w Twojej okolicy
Treść: TEST skarb okolica
Dane: {"url":"\/ridemore\/odkrycia"}
------------------------------------------------------------

[2026-09-01 19:00:56] user_id=1 urządzenia=android:1,ios:0
Tytuł: Nowy skarb w Twojej okolicy
Treść: Coś ciekawego czeka w Twojej okolicy — sprawdź mapę.
Dane: {"url":"\/ridemore\/odkrycia"}
------------------------------------------------------------

[2026-09-01 19:04:15] user_id=1 urządzenia=android:1,ios:0
Tytuł: TEST tytuł
Treść: TEST treść
Dane: []
------------------------------------------------------------

[2026-09-01 19:04:15] user_id=1 urządzenia=android:1,ios:0
Tytuł: Ktoś dołączył do Twojego wyjazdu
Treść: TEST wyjazd push
Dane: {"url":"\/ridemore\/admin"}
------------------------------------------------------------

[2026-09-01 19:04:15] user_id=2 urządzenia=android:1,ios:0
Tytuł: Nowa wiadomość
Treść: Masz nową wiadomość na Ridemore.
Dane: {"url":"\/ridemore\/wiadomosci\/116"}
------------------------------------------------------------

[2026-09-01 19:04:15] user_id=1 urządzenia=android:1,ios:0
Tytuł: Ktoś dołączył do Twojego wyjazdu
Treść: TEST grupa push
Dane: {"url":"\/ridemore\/admin"}
------------------------------------------------------------

[2026-09-01 19:04:15] user_id=1 urządzenia=android:1,ios:0
Tytuł: Nowa wiadomość — TEST grupa push
Treść: Sprawdź kanał grupowy wyjazdu.
Dane: {"url":"\/ridemore\/wiadomosci\/grupa\/434"}
------------------------------------------------------------

[2026-09-01 19:04:16] user_id=1 urządzenia=android:1,ios:0
Tytuł: Nowy skarb w Twojej okolicy
Treść: TEST skarb okolica
Dane: {"url":"\/ridemore\/odkrycia"}
------------------------------------------------------------

[2026-09-01 19:04:16] user_id=1 urządzenia=android:1,ios:0
Tytuł: Nowy skarb w Twojej okolicy
Treść: Coś ciekawego czeka w Twojej okolicy — sprawdź mapę.
Dane: {"url":"\/ridemore\/odkrycia"}
------------------------------------------------------------

[2026-09-02 19:13:59] user_id=1 urządzenia=android:1,ios:0
Tytuł: TEST tytuł
Treść: TEST treść
Dane: []
------------------------------------------------------------

[2026-09-02 19:13:59] user_id=1 urządzenia=android:1,ios:0
Tytuł: Ktoś dołączył do Twojego wyjazdu
Treść: TEST wyjazd push
Dane: {"url":"\/ridemore\/admin"}
------------------------------------------------------------

[2026-09-02 19:13:59] user_id=2 urządzenia=android:1,ios:0
Tytuł: Nowa wiadomość
Treść: Masz nową wiadomość na Ridemore.
Dane: {"url":"\/ridemore\/wiadomosci\/117"}
------------------------------------------------------------

[2026-09-02 19:13:59] user_id=1 urządzenia=android:1,ios:0
Tytuł: Ktoś dołączył do Twojego wyjazdu
Treść: TEST grupa push
Dane: {"url":"\/ridemore\/admin"}
------------------------------------------------------------

[2026-09-02 19:13:59] user_id=1 urządzenia=android:1,ios:0
Tytuł: Nowa wiadomość — TEST grupa push
Treść: Sprawdź kanał grupowy wyjazdu.
Dane: {"url":"\/ridemore\/wiadomosci\/grupa\/437"}
------------------------------------------------------------

[2026-09-02 19:13:59] user_id=1 urządzenia=android:1,ios:0
Tytuł: Nowy skarb w Twojej okolicy
Treść: TEST skarb okolica
Dane: {"url":"\/ridemore\/odkrycia"}
------------------------------------------------------------

[2026-09-02 19:13:59] user_id=1 urządzenia=android:1,ios:0
Tytuł: Nowy skarb w Twojej okolicy
Treść: Coś ciekawego czeka w Twojej okolicy — sprawdź mapę.
Dane: {"url":"\/ridemore\/odkrycia"}
------------------------------------------------------------

[2026-09-02 19:16:47] user_id=1 urządzenia=android:1,ios:0
Tytuł: TEST tytuł
Treść: TEST treść
Dane: []
------------------------------------------------------------

[2026-09-02 19:16:47] user_id=1 urządzenia=android:1,ios:0
Tytuł: Ktoś dołączył do Twojego wyjazdu
Treść: TEST wyjazd push
Dane: {"url":"\/ridemore\/admin"}
------------------------------------------------------------

[2026-09-02 19:16:47] user_id=2 urządzenia=android:1,ios:0
Tytuł: Nowa wiadomość
Treść: Masz nową wiadomość na Ridemore.
Dane: {"url":"\/ridemore\/wiadomosci\/118"}
------------------------------------------------------------

[2026-09-02 19:16:48] user_id=1 urządzenia=android:1,ios:0
Tytuł: Ktoś dołączył do Twojego wyjazdu
Treść: TEST grupa push
Dane: {"url":"\/ridemore\/admin"}
------------------------------------------------------------

[2026-09-02 19:16:48] user_id=1 urządzenia=android:1,ios:0
Tytuł: Nowa wiadomość — TEST grupa push
Treść: Sprawdź kanał grupowy wyjazdu.
Dane: {"url":"\/ridemore\/wiadomosci\/grupa\/440"}
------------------------------------------------------------

[2026-09-02 19:16:48] user_id=1 urządzenia=android:1,ios:0
Tytuł: Nowy skarb w Twojej okolicy
Treść: TEST skarb okolica
Dane: {"url":"\/ridemore\/odkrycia"}
------------------------------------------------------------

[2026-09-02 19:16:48] user_id=1 urządzenia=android:1,ios:0
Tytuł: Nowy skarb w Twojej okolicy
Treść: Coś ciekawego czeka w Twojej okolicy — sprawdź mapę.
Dane: {"url":"\/ridemore\/odkrycia"}
------------------------------------------------------------

[2026-09-02 19:42:43] user_id=1 urządzenia=android:1,ios:0
Tytuł: TEST tytuł
Treść: TEST treść
Dane: []
------------------------------------------------------------

[2026-09-02 19:42:43] user_id=1 urządzenia=android:1,ios:0
Tytuł: Ktoś dołączył do Twojego wyjazdu
Treść: TEST wyjazd push
Dane: {"url":"\/ridemore\/admin"}
------------------------------------------------------------

[2026-09-02 19:42:43] user_id=2 urządzenia=android:1,ios:0
Tytuł: Nowa wiadomość
Treść: Masz nową wiadomość na Ridemore.
Dane: {"url":"\/ridemore\/wiadomosci\/119"}
------------------------------------------------------------

[2026-09-02 19:42:43] user_id=1 urządzenia=android:1,ios:0
Tytuł: Ktoś dołączył do Twojego wyjazdu
Treść: TEST grupa push
Dane: {"url":"\/ridemore\/admin"}
------------------------------------------------------------

[2026-09-02 19:42:43] user_id=1 urządzenia=android:1,ios:0
Tytuł: Nowa wiadomość — TEST grupa push
Treść: Sprawdź kanał grupowy wyjazdu.
Dane: {"url":"\/ridemore\/wiadomosci\/grupa\/443"}
------------------------------------------------------------

[2026-09-02 19:42:44] user_id=1 urządzenia=android:1,ios:0
Tytuł: Nowy skarb w Twojej okolicy
Treść: TEST skarb okolica
Dane: {"url":"\/ridemore\/odkrycia"}
------------------------------------------------------------

[2026-09-02 19:42:44] user_id=1 urządzenia=android:1,ios:0
Tytuł: Nowy skarb w Twojej okolicy
Treść: Coś ciekawego czeka w Twojej okolicy — sprawdź mapę.
Dane: {"url":"\/ridemore\/odkrycia"}
------------------------------------------------------------

[2026-09-02 19:56:02] user_id=1 urządzenia=android:1,ios:0
Tytuł: TEST tytuł
Treść: TEST treść
Dane: []
------------------------------------------------------------

[2026-09-02 19:56:02] user_id=1 urządzenia=android:1,ios:0
Tytuł: Ktoś dołączył do Twojego wyjazdu
Treść: TEST wyjazd push
Dane: {"url":"\/ridemore\/admin"}
------------------------------------------------------------

[2026-09-02 19:56:02] user_id=2 urządzenia=android:1,ios:0
Tytuł: Nowa wiadomość
Treść: Masz nową wiadomość na Ridemore.
Dane: {"url":"\/ridemore\/wiadomosci\/120"}
------------------------------------------------------------

[2026-09-02 19:56:02] user_id=1 urządzenia=android:1,ios:0
Tytuł: Ktoś dołączył do Twojego wyjazdu
Treść: TEST grupa push
Dane: {"url":"\/ridemore\/admin"}
------------------------------------------------------------

[2026-09-02 19:56:02] user_id=1 urządzenia=android:1,ios:0
Tytuł: Nowa wiadomość — TEST grupa push
Treść: Sprawdź kanał grupowy wyjazdu.
Dane: {"url":"\/ridemore\/wiadomosci\/grupa\/446"}
------------------------------------------------------------

[2026-09-02 19:56:02] user_id=1 urządzenia=android:1,ios:0
Tytuł: Nowy skarb w Twojej okolicy
Treść: TEST skarb okolica
Dane: {"url":"\/ridemore\/odkrycia"}
------------------------------------------------------------

[2026-09-02 19:56:02] user_id=1 urządzenia=android:1,ios:0
Tytuł: Nowy skarb w Twojej okolicy
Treść: Coś ciekawego czeka w Twojej okolicy — sprawdź mapę.
Dane: {"url":"\/ridemore\/odkrycia"}
------------------------------------------------------------

[2026-09-02 20:03:33] user_id=1 urządzenia=android:1,ios:0
Tytuł: TEST tytuł
Treść: TEST treść
Dane: []
------------------------------------------------------------

[2026-09-02 20:03:33] user_id=1 urządzenia=android:1,ios:0
Tytuł: Ktoś dołączył do Twojego wyjazdu
Treść: TEST wyjazd push
Dane: {"url":"\/ridemore\/admin"}
------------------------------------------------------------

[2026-09-02 20:03:33] user_id=2 urządzenia=android:1,ios:0
Tytuł: Nowa wiadomość
Treść: Masz nową wiadomość na Ridemore.
Dane: {"url":"\/ridemore\/wiadomosci\/121"}
------------------------------------------------------------

[2026-09-02 20:03:33] user_id=1 urządzenia=android:1,ios:0
Tytuł: Ktoś dołączył do Twojego wyjazdu
Treść: TEST grupa push
Dane: {"url":"\/ridemore\/admin"}
------------------------------------------------------------

[2026-09-02 20:03:33] user_id=1 urządzenia=android:1,ios:0
Tytuł: Nowa wiadomość — TEST grupa push
Treść: Sprawdź kanał grupowy wyjazdu.
Dane: {"url":"\/ridemore\/wiadomosci\/grupa\/449"}
------------------------------------------------------------

[2026-09-02 20:03:33] user_id=1 urządzenia=android:1,ios:0
Tytuł: Nowy skarb w Twojej okolicy
Treść: TEST skarb okolica
Dane: {"url":"\/ridemore\/odkrycia"}
------------------------------------------------------------

[2026-09-02 20:03:33] user_id=1 urządzenia=android:1,ios:0
Tytuł: Nowy skarb w Twojej okolicy
Treść: Coś ciekawego czeka w Twojej okolicy — sprawdź mapę.
Dane: {"url":"\/ridemore\/odkrycia"}
------------------------------------------------------------

[2026-09-02 20:06:01] user_id=1 urządzenia=android:1,ios:0
Tytuł: TEST tytuł
Treść: TEST treść
Dane: []
------------------------------------------------------------

[2026-09-02 20:06:01] user_id=1 urządzenia=android:1,ios:0
Tytuł: Ktoś dołączył do Twojego wyjazdu
Treść: TEST wyjazd push
Dane: {"url":"\/ridemore\/admin"}
------------------------------------------------------------

[2026-09-02 20:06:01] user_id=2 urządzenia=android:1,ios:0
Tytuł: Nowa wiadomość
Treść: Masz nową wiadomość na Ridemore.
Dane: {"url":"\/ridemore\/wiadomosci\/122"}
------------------------------------------------------------

[2026-09-02 20:06:01] user_id=1 urządzenia=android:1,ios:0
Tytuł: Ktoś dołączył do Twojego wyjazdu
Treść: TEST grupa push
Dane: {"url":"\/ridemore\/admin"}
------------------------------------------------------------

[2026-09-02 20:06:01] user_id=1 urządzenia=android:1,ios:0
Tytuł: Nowa wiadomość — TEST grupa push
Treść: Sprawdź kanał grupowy wyjazdu.
Dane: {"url":"\/ridemore\/wiadomosci\/grupa\/452"}
------------------------------------------------------------

[2026-09-02 20:06:01] user_id=1 urządzenia=android:1,ios:0
Tytuł: Nowy skarb w Twojej okolicy
Treść: TEST skarb okolica
Dane: {"url":"\/ridemore\/odkrycia"}
------------------------------------------------------------

[2026-09-02 20:06:01] user_id=1 urządzenia=android:1,ios:0
Tytuł: Nowy skarb w Twojej okolicy
Treść: Coś ciekawego czeka w Twojej okolicy — sprawdź mapę.
Dane: {"url":"\/ridemore\/odkrycia"}
------------------------------------------------------------

[2026-09-02 20:15:53] user_id=1 urządzenia=android:1,ios:0
Tytuł: TEST tytuł
Treść: TEST treść
Dane: []
------------------------------------------------------------

[2026-09-02 20:15:53] user_id=1 urządzenia=android:1,ios:0
Tytuł: Ktoś dołączył do Twojego wyjazdu
Treść: TEST wyjazd push
Dane: {"url":"\/ridemore\/admin"}
------------------------------------------------------------

[2026-09-02 20:15:53] user_id=2 urządzenia=android:1,ios:0
Tytuł: Nowa wiadomość
Treść: Masz nową wiadomość na Ridemore.
Dane: {"url":"\/ridemore\/wiadomosci\/123"}
------------------------------------------------------------

[2026-09-02 20:15:53] user_id=1 urządzenia=android:1,ios:0
Tytuł: Ktoś dołączył do Twojego wyjazdu
Treść: TEST grupa push
Dane: {"url":"\/ridemore\/admin"}
------------------------------------------------------------

[2026-09-02 20:15:53] user_id=1 urządzenia=android:1,ios:0
Tytuł: Nowa wiadomość — TEST grupa push
Treść: Sprawdź kanał grupowy wyjazdu.
Dane: {"url":"\/ridemore\/wiadomosci\/grupa\/455"}
------------------------------------------------------------

[2026-09-02 20:15:53] user_id=1 urządzenia=android:1,ios:0
Tytuł: Nowy skarb w Twojej okolicy
Treść: TEST skarb okolica
Dane: {"url":"\/ridemore\/odkrycia"}
------------------------------------------------------------

[2026-09-02 20:15:53] user_id=1 urządzenia=android:1,ios:0
Tytuł: Nowy skarb w Twojej okolicy
Treść: Coś ciekawego czeka w Twojej okolicy — sprawdź mapę.
Dane: {"url":"\/ridemore\/odkrycia"}
------------------------------------------------------------

[2026-09-03 09:17:02] user_id=1 urządzenia=android:1,ios:0
Tytuł: TEST tytuł
Treść: TEST treść
Dane: []
------------------------------------------------------------

[2026-09-03 09:17:02] user_id=1 urządzenia=android:1,ios:0
Tytuł: Ktoś dołączył do Twojego wyjazdu
Treść: TEST wyjazd push
Dane: {"url":"\/ridemore\/admin"}
------------------------------------------------------------

[2026-09-03 09:17:02] user_id=2 urządzenia=android:1,ios:0
Tytuł: Nowa wiadomość
Treść: Masz nową wiadomość na Ridemore.
Dane: {"url":"\/ridemore\/wiadomosci\/124"}
------------------------------------------------------------

[2026-09-03 09:17:02] user_id=1 urządzenia=android:1,ios:0
Tytuł: Ktoś dołączył do Twojego wyjazdu
Treść: TEST grupa push
Dane: {"url":"\/ridemore\/admin"}
------------------------------------------------------------

[2026-09-03 09:17:02] user_id=1 urządzenia=android:1,ios:0
Tytuł: Nowa wiadomość — TEST grupa push
Treść: Sprawdź kanał grupowy wyjazdu.
Dane: {"url":"\/ridemore\/wiadomosci\/grupa\/458"}
------------------------------------------------------------

[2026-09-03 09:17:02] user_id=1 urządzenia=android:1,ios:0
Tytuł: Nowy skarb w Twojej okolicy
Treść: TEST skarb okolica
Dane: {"url":"\/ridemore\/odkrycia"}
------------------------------------------------------------

[2026-09-03 09:17:02] user_id=1 urządzenia=android:1,ios:0
Tytuł: Nowy skarb w Twojej okolicy
Treść: Coś ciekawego czeka w Twojej okolicy — sprawdź mapę.
Dane: {"url":"\/ridemore\/odkrycia"}
------------------------------------------------------------

[2026-09-03 10:32:18] user_id=1 urządzenia=android:1,ios:0
Tytuł: TEST tytuł
Treść: TEST treść
Dane: []
------------------------------------------------------------

[2026-09-03 10:32:18] user_id=1 urządzenia=android:1,ios:0
Tytuł: Ktoś dołączył do Twojego wyjazdu
Treść: TEST wyjazd push
Dane: {"url":"\/ridemore\/admin"}
------------------------------------------------------------

[2026-09-03 10:32:18] user_id=2 urządzenia=android:1,ios:0
Tytuł: Nowa wiadomość
Treść: Masz nową wiadomość na Ridemore.
Dane: {"url":"\/ridemore\/wiadomosci\/125"}
------------------------------------------------------------

[2026-09-03 10:32:18] user_id=1 urządzenia=android:1,ios:0
Tytuł: Ktoś dołączył do Twojego wyjazdu
Treść: TEST grupa push
Dane: {"url":"\/ridemore\/admin"}
------------------------------------------------------------

[2026-09-03 10:32:18] user_id=1 urządzenia=android:1,ios:0
Tytuł: Nowa wiadomość — TEST grupa push
Treść: Sprawdź kanał grupowy wyjazdu.
Dane: {"url":"\/ridemore\/wiadomosci\/grupa\/461"}
------------------------------------------------------------

[2026-09-03 10:32:18] user_id=1 urządzenia=android:1,ios:0
Tytuł: Nowy skarb w Twojej okolicy
Treść: TEST skarb okolica
Dane: {"url":"\/ridemore\/odkrycia"}
------------------------------------------------------------

[2026-09-03 10:32:18] user_id=1 urządzenia=android:1,ios:0
Tytuł: Nowy skarb w Twojej okolicy
Treść: Coś ciekawego czeka w Twojej okolicy — sprawdź mapę.
Dane: {"url":"\/ridemore\/odkrycia"}
------------------------------------------------------------

[2026-09-03 10:56:36] user_id=1 urządzenia=android:1,ios:0
Tytuł: TEST tytuł
Treść: TEST treść
Dane: []
------------------------------------------------------------

[2026-09-03 10:56:36] user_id=1 urządzenia=android:1,ios:0
Tytuł: Ktoś dołączył do Twojego wyjazdu
Treść: TEST wyjazd push
Dane: {"url":"\/ridemore\/admin"}
------------------------------------------------------------

[2026-09-03 10:56:36] user_id=2 urządzenia=android:1,ios:0
Tytuł: Nowa wiadomość
Treść: Masz nową wiadomość na Ridemore.
Dane: {"url":"\/ridemore\/wiadomosci\/126"}
------------------------------------------------------------

[2026-09-03 10:56:36] user_id=1 urządzenia=android:1,ios:0
Tytuł: Ktoś dołączył do Twojego wyjazdu
Treść: TEST grupa push
Dane: {"url":"\/ridemore\/admin"}
------------------------------------------------------------

[2026-09-03 10:56:36] user_id=1 urządzenia=android:1,ios:0
Tytuł: Nowa wiadomość — TEST grupa push
Treść: Sprawdź kanał grupowy wyjazdu.
Dane: {"url":"\/ridemore\/wiadomosci\/grupa\/464"}
------------------------------------------------------------

[2026-09-03 10:56:36] user_id=1 urządzenia=android:1,ios:0
Tytuł: Nowy skarb w Twojej okolicy
Treść: TEST skarb okolica
Dane: {"url":"\/ridemore\/odkrycia"}
------------------------------------------------------------

[2026-09-03 10:56:36] user_id=1 urządzenia=android:1,ios:0
Tytuł: Nowy skarb w Twojej okolicy
Treść: Coś ciekawego czeka w Twojej okolicy — sprawdź mapę.
Dane: {"url":"\/ridemore\/odkrycia"}
------------------------------------------------------------

[2026-09-03 11:12:05] user_id=1 urządzenia=android:1,ios:0
Tytuł: TEST tytuł
Treść: TEST treść
Dane: []
------------------------------------------------------------

[2026-09-03 11:12:05] user_id=1 urządzenia=android:1,ios:0
Tytuł: Ktoś dołączył do Twojego wyjazdu
Treść: TEST wyjazd push
Dane: {"url":"\/ridemore\/admin"}
------------------------------------------------------------

[2026-09-03 11:12:05] user_id=2 urządzenia=android:1,ios:0
Tytuł: Nowa wiadomość
Treść: Masz nową wiadomość na Ridemore.
Dane: {"url":"\/ridemore\/wiadomosci\/127"}
------------------------------------------------------------

[2026-09-03 11:12:05] user_id=1 urządzenia=android:1,ios:0
Tytuł: Ktoś dołączył do Twojego wyjazdu
Treść: TEST grupa push
Dane: {"url":"\/ridemore\/admin"}
------------------------------------------------------------

[2026-09-03 11:12:05] user_id=1 urządzenia=android:1,ios:0
Tytuł: Nowa wiadomość — TEST grupa push
Treść: Sprawdź kanał grupowy wyjazdu.
Dane: {"url":"\/ridemore\/wiadomosci\/grupa\/467"}
------------------------------------------------------------

[2026-09-03 11:12:05] user_id=1 urządzenia=android:1,ios:0
Tytuł: Nowy skarb w Twojej okolicy
Treść: TEST skarb okolica
Dane: {"url":"\/ridemore\/odkrycia"}
------------------------------------------------------------

[2026-09-03 11:12:05] user_id=1 urządzenia=android:1,ios:0
Tytuł: Nowy skarb w Twojej okolicy
Treść: Coś ciekawego czeka w Twojej okolicy — sprawdź mapę.
Dane: {"url":"\/ridemore\/odkrycia"}
------------------------------------------------------------

[2026-09-03 11:12:53] user_id=1 urządzenia=android:1,ios:0
Tytuł: TEST tytuł
Treść: TEST treść
Dane: []
------------------------------------------------------------

[2026-09-03 11:12:53] user_id=1 urządzenia=android:1,ios:0
Tytuł: Ktoś dołączył do Twojego wyjazdu
Treść: TEST wyjazd push
Dane: {"url":"\/ridemore\/admin"}
------------------------------------------------------------

[2026-09-03 11:12:53] user_id=2 urządzenia=android:1,ios:0
Tytuł: Nowa wiadomość
Treść: Masz nową wiadomość na Ridemore.
Dane: {"url":"\/ridemore\/wiadomosci\/128"}
------------------------------------------------------------

[2026-09-03 11:12:53] user_id=1 urządzenia=android:1,ios:0
Tytuł: Ktoś dołączył do Twojego wyjazdu
Treść: TEST grupa push
Dane: {"url":"\/ridemore\/admin"}
------------------------------------------------------------

[2026-09-03 11:12:53] user_id=1 urządzenia=android:1,ios:0
Tytuł: Nowa wiadomość — TEST grupa push
Treść: Sprawdź kanał grupowy wyjazdu.
Dane: {"url":"\/ridemore\/wiadomosci\/grupa\/470"}
------------------------------------------------------------

[2026-09-03 11:12:53] user_id=1 urządzenia=android:1,ios:0
Tytuł: Nowy skarb w Twojej okolicy
Treść: TEST skarb okolica
Dane: {"url":"\/ridemore\/odkrycia"}
------------------------------------------------------------

[2026-09-03 11:12:54] user_id=1 urządzenia=android:1,ios:0
Tytuł: Nowy skarb w Twojej okolicy
Treść: Coś ciekawego czeka w Twojej okolicy — sprawdź mapę.
Dane: {"url":"\/ridemore\/odkrycia"}
------------------------------------------------------------

[2026-09-03 11:14:29] user_id=1 urządzenia=android:1,ios:0
Tytuł: TEST tytuł
Treść: TEST treść
Dane: []
------------------------------------------------------------

[2026-09-03 11:14:29] user_id=1 urządzenia=android:1,ios:0
Tytuł: Ktoś dołączył do Twojego wyjazdu
Treść: TEST wyjazd push
Dane: {"url":"\/ridemore\/admin"}
------------------------------------------------------------

[2026-09-03 11:14:29] user_id=2 urządzenia=android:1,ios:0
Tytuł: Nowa wiadomość
Treść: Masz nową wiadomość na Ridemore.
Dane: {"url":"\/ridemore\/wiadomosci\/129"}
------------------------------------------------------------

[2026-09-03 11:14:29] user_id=1 urządzenia=android:1,ios:0
Tytuł: Ktoś dołączył do Twojego wyjazdu
Treść: TEST grupa push
Dane: {"url":"\/ridemore\/admin"}
------------------------------------------------------------

[2026-09-03 11:14:29] user_id=1 urządzenia=android:1,ios:0
Tytuł: Nowa wiadomość — TEST grupa push
Treść: Sprawdź kanał grupowy wyjazdu.
Dane: {"url":"\/ridemore\/wiadomosci\/grupa\/473"}
------------------------------------------------------------

[2026-09-03 11:14:30] user_id=1 urządzenia=android:1,ios:0
Tytuł: Nowy skarb w Twojej okolicy
Treść: TEST skarb okolica
Dane: {"url":"\/ridemore\/odkrycia"}
------------------------------------------------------------

[2026-09-03 11:14:30] user_id=1 urządzenia=android:1,ios:0
Tytuł: Nowy skarb w Twojej okolicy
Treść: Coś ciekawego czeka w Twojej okolicy — sprawdź mapę.
Dane: {"url":"\/ridemore\/odkrycia"}
------------------------------------------------------------

[2026-09-03 11:25:56] user_id=1 urządzenia=android:1,ios:0
Tytuł: TEST tytuł
Treść: TEST treść
Dane: []
------------------------------------------------------------

[2026-09-03 11:25:56] user_id=1 urządzenia=android:1,ios:0
Tytuł: Ktoś dołączył do Twojego wyjazdu
Treść: TEST wyjazd push
Dane: {"url":"http:\/\/localhost\/ridemore\/admin"}
------------------------------------------------------------

[2026-09-03 11:25:56] user_id=2 urządzenia=android:1,ios:0
Tytuł: Nowa wiadomość
Treść: Masz nową wiadomość na Ridemore.
Dane: {"url":"http:\/\/localhost\/ridemore\/wiadomosci\/130"}
------------------------------------------------------------

[2026-09-03 11:25:56] user_id=1 urządzenia=android:1,ios:0
Tytuł: Ktoś dołączył do Twojego wyjazdu
Treść: TEST grupa push
Dane: {"url":"http:\/\/localhost\/ridemore\/admin"}
------------------------------------------------------------

[2026-09-03 11:25:56] user_id=1 urządzenia=android:1,ios:0
Tytuł: Nowa wiadomość — TEST grupa push
Treść: Sprawdź kanał grupowy wyjazdu.
Dane: {"url":"http:\/\/localhost\/ridemore\/wiadomosci\/grupa\/476"}
------------------------------------------------------------

[2026-09-03 11:25:57] user_id=1 urządzenia=android:1,ios:0
Tytuł: Nowy skarb w Twojej okolicy
Treść: TEST skarb okolica
Dane: {"url":"http:\/\/localhost\/ridemore\/odkrycia"}
------------------------------------------------------------

[2026-09-03 11:25:57] user_id=1 urządzenia=android:1,ios:0
Tytuł: Nowy skarb w Twojej okolicy
Treść: Coś ciekawego czeka w Twojej okolicy — sprawdź mapę.
Dane: {"url":"http:\/\/localhost\/ridemore\/odkrycia"}
------------------------------------------------------------

[2026-09-03 11:27:34] user_id=1 urządzenia=android:1,ios:0
Tytuł: TEST tytuł
Treść: TEST treść
Dane: []
------------------------------------------------------------

[2026-09-03 11:27:35] user_id=1 urządzenia=android:1,ios:0
Tytuł: Ktoś dołączył do Twojego wyjazdu
Treść: TEST wyjazd push
Dane: {"url":"http:\/\/localhost\/ridemore\/admin"}
------------------------------------------------------------

[2026-09-03 11:27:35] user_id=2 urządzenia=android:1,ios:0
Tytuł: Nowa wiadomość
Treść: Masz nową wiadomość na Ridemore.
Dane: {"url":"http:\/\/localhost\/ridemore\/wiadomosci\/131"}
------------------------------------------------------------

[2026-09-03 11:27:35] user_id=1 urządzenia=android:1,ios:0
Tytuł: Ktoś dołączył do Twojego wyjazdu
Treść: TEST grupa push
Dane: {"url":"http:\/\/localhost\/ridemore\/admin"}
------------------------------------------------------------

[2026-09-03 11:27:35] user_id=1 urządzenia=android:1,ios:0
Tytuł: Nowa wiadomość — TEST grupa push
Treść: Sprawdź kanał grupowy wyjazdu.
Dane: {"url":"http:\/\/localhost\/ridemore\/wiadomosci\/grupa\/479"}
------------------------------------------------------------

[2026-09-03 11:27:35] user_id=1 urządzenia=android:1,ios:0
Tytuł: Nowy skarb w Twojej okolicy
Treść: TEST skarb okolica
Dane: {"url":"http:\/\/localhost\/ridemore\/odkrycia"}
------------------------------------------------------------

[2026-09-03 11:27:35] user_id=1 urządzenia=android:1,ios:0
Tytuł: Nowy skarb w Twojej okolicy
Treść: Coś ciekawego czeka w Twojej okolicy — sprawdź mapę.
Dane: {"url":"http:\/\/localhost\/ridemore\/odkrycia"}
------------------------------------------------------------

[2026-09-03 11:32:25] user_id=1 urządzenia=android:1,ios:0
Tytuł: TEST tytuł
Treść: TEST treść
Dane: []
------------------------------------------------------------

[2026-09-03 11:32:25] user_id=1 urządzenia=android:1,ios:0
Tytuł: Ktoś dołączył do Twojego wyjazdu
Treść: TEST wyjazd push
Dane: {"url":"http:\/\/localhost\/ridemore\/admin"}
------------------------------------------------------------

[2026-09-03 11:32:25] user_id=2 urządzenia=android:1,ios:0
Tytuł: Nowa wiadomość
Treść: Masz nową wiadomość na Ridemore.
Dane: {"url":"http:\/\/localhost\/ridemore\/wiadomosci\/132"}
------------------------------------------------------------

[2026-09-03 11:32:25] user_id=1 urządzenia=android:1,ios:0
Tytuł: Ktoś dołączył do Twojego wyjazdu
Treść: TEST grupa push
Dane: {"url":"http:\/\/localhost\/ridemore\/admin"}
------------------------------------------------------------

[2026-09-03 11:32:25] user_id=1 urządzenia=android:1,ios:0
Tytuł: Nowa wiadomość — TEST grupa push
Treść: Sprawdź kanał grupowy wyjazdu.
Dane: {"url":"http:\/\/localhost\/ridemore\/wiadomosci\/grupa\/482"}
------------------------------------------------------------

[2026-09-03 11:32:25] user_id=1 urządzenia=android:1,ios:0
Tytuł: Nowy skarb w Twojej okolicy
Treść: TEST skarb okolica
Dane: {"url":"http:\/\/localhost\/ridemore\/odkrycia"}
------------------------------------------------------------

[2026-09-03 11:32:25] user_id=1 urządzenia=android:1,ios:0
Tytuł: Nowy skarb w Twojej okolicy
Treść: Coś ciekawego czeka w Twojej okolicy — sprawdź mapę.
Dane: {"url":"http:\/\/localhost\/ridemore\/odkrycia"}
------------------------------------------------------------

[2026-09-03 14:14:31] user_id=1 urządzenia=android:1,ios:0
Tytuł: TEST tytuł
Treść: TEST treść
Dane: []
------------------------------------------------------------

[2026-09-03 14:14:31] user_id=1 urządzenia=android:1,ios:0
Tytuł: Ktoś dołączył do Twojego wyjazdu
Treść: TEST wyjazd push
Dane: {"url":"http:\/\/localhost\/ridemore\/admin"}
------------------------------------------------------------

[2026-09-03 14:14:31] user_id=2 urządzenia=android:1,ios:0
Tytuł: Nowa wiadomość
Treść: Masz nową wiadomość na Ridemore.
Dane: {"url":"http:\/\/localhost\/ridemore\/wiadomosci\/133"}
------------------------------------------------------------

[2026-09-03 14:14:31] user_id=1 urządzenia=android:1,ios:0
Tytuł: Ktoś dołączył do Twojego wyjazdu
Treść: TEST grupa push
Dane: {"url":"http:\/\/localhost\/ridemore\/admin"}
------------------------------------------------------------

[2026-09-03 14:14:31] user_id=1 urządzenia=android:1,ios:0
Tytuł: Nowa wiadomość — TEST grupa push
Treść: Sprawdź kanał grupowy wyjazdu.
Dane: {"url":"http:\/\/localhost\/ridemore\/wiadomosci\/grupa\/485"}
------------------------------------------------------------

[2026-09-03 14:14:31] user_id=1 urządzenia=android:1,ios:0
Tytuł: Nowy skarb w Twojej okolicy
Treść: TEST skarb okolica
Dane: {"url":"http:\/\/localhost\/ridemore\/odkrycia"}
------------------------------------------------------------

[2026-09-03 14:14:31] user_id=1 urządzenia=android:1,ios:0
Tytuł: Nowy skarb w Twojej okolicy
Treść: Coś ciekawego czeka w Twojej okolicy — sprawdź mapę.
Dane: {"url":"http:\/\/localhost\/ridemore\/odkrycia"}
------------------------------------------------------------

[2026-09-03 18:31:04] user_id=1 urządzenia=android:1,ios:0
Tytuł: TEST tytuł
Treść: TEST treść
Dane: []
------------------------------------------------------------

[2026-09-03 18:31:04] user_id=1 urządzenia=android:1,ios:0
Tytuł: Ktoś dołączył do Twojego wyjazdu
Treść: TEST wyjazd push
Dane: {"url":"http:\/\/localhost\/ridemore\/admin"}
------------------------------------------------------------

[2026-09-03 18:31:04] user_id=2 urządzenia=android:1,ios:0
Tytuł: Nowa wiadomość
Treść: Masz nową wiadomość na Ridemore.
Dane: {"url":"http:\/\/localhost\/ridemore\/wiadomosci\/134"}
------------------------------------------------------------

[2026-09-03 18:31:04] user_id=1 urządzenia=android:1,ios:0
Tytuł: Ktoś dołączył do Twojego wyjazdu
Treść: TEST grupa push
Dane: {"url":"http:\/\/localhost\/ridemore\/admin"}
------------------------------------------------------------

[2026-09-03 18:31:04] user_id=1 urządzenia=android:1,ios:0
Tytuł: Nowa wiadomość — TEST grupa push
Treść: Sprawdź kanał grupowy wyjazdu.
Dane: {"url":"http:\/\/localhost\/ridemore\/wiadomosci\/grupa\/488"}
------------------------------------------------------------

[2026-09-03 18:31:04] user_id=1 urządzenia=android:1,ios:0
Tytuł: Nowy skarb w Twojej okolicy
Treść: TEST skarb okolica
Dane: {"url":"http:\/\/localhost\/ridemore\/odkrycia"}
------------------------------------------------------------

[2026-09-03 18:31:04] user_id=1 urządzenia=android:1,ios:0
Tytuł: Nowy skarb w Twojej okolicy
Treść: Coś ciekawego czeka w Twojej okolicy — sprawdź mapę.
Dane: {"url":"http:\/\/localhost\/ridemore\/odkrycia"}
------------------------------------------------------------

[2026-09-03 18:33:16] user_id=1 urządzenia=android:1,ios:0
Tytuł: TEST tytuł
Treść: TEST treść
Dane: []
------------------------------------------------------------

[2026-09-03 18:33:16] user_id=1 urządzenia=android:1,ios:0
Tytuł: Ktoś dołączył do Twojego wyjazdu
Treść: TEST wyjazd push
Dane: {"url":"http:\/\/localhost\/ridemore\/admin"}
------------------------------------------------------------

[2026-09-03 18:33:16] user_id=2 urządzenia=android:1,ios:0
Tytuł: Nowa wiadomość
Treść: Masz nową wiadomość na Ridemore.
Dane: {"url":"http:\/\/localhost\/ridemore\/wiadomosci\/135"}
------------------------------------------------------------

[2026-09-03 18:33:16] user_id=1 urządzenia=android:1,ios:0
Tytuł: Ktoś dołączył do Twojego wyjazdu
Treść: TEST grupa push
Dane: {"url":"http:\/\/localhost\/ridemore\/admin"}
------------------------------------------------------------

[2026-09-03 18:33:16] user_id=1 urządzenia=android:1,ios:0
Tytuł: Nowa wiadomość — TEST grupa push
Treść: Sprawdź kanał grupowy wyjazdu.
Dane: {"url":"http:\/\/localhost\/ridemore\/wiadomosci\/grupa\/491"}
------------------------------------------------------------

[2026-09-03 18:33:16] user_id=1 urządzenia=android:1,ios:0
Tytuł: Nowy skarb w Twojej okolicy
Treść: TEST skarb okolica
Dane: {"url":"http:\/\/localhost\/ridemore\/odkrycia"}
------------------------------------------------------------

[2026-09-03 18:33:16] user_id=1 urządzenia=android:1,ios:0
Tytuł: Nowy skarb w Twojej okolicy
Treść: Coś ciekawego czeka w Twojej okolicy — sprawdź mapę.
Dane: {"url":"http:\/\/localhost\/ridemore\/odkrycia"}
------------------------------------------------------------

[2026-09-03 18:38:59] user_id=1 urządzenia=android:1,ios:0
Tytuł: TEST tytuł
Treść: TEST treść
Dane: []
------------------------------------------------------------

[2026-09-03 18:38:59] user_id=1 urządzenia=android:1,ios:0
Tytuł: Ktoś dołączył do Twojego wyjazdu
Treść: TEST wyjazd push
Dane: {"url":"http:\/\/localhost\/ridemore\/admin"}
------------------------------------------------------------

[2026-09-03 18:38:59] user_id=2 urządzenia=android:1,ios:0
Tytuł: Nowa wiadomość
Treść: Masz nową wiadomość na Ridemore.
Dane: {"url":"http:\/\/localhost\/ridemore\/wiadomosci\/136"}
------------------------------------------------------------

[2026-09-03 18:38:59] user_id=1 urządzenia=android:1,ios:0
Tytuł: Ktoś dołączył do Twojego wyjazdu
Treść: TEST grupa push
Dane: {"url":"http:\/\/localhost\/ridemore\/admin"}
------------------------------------------------------------

[2026-09-03 18:38:59] user_id=1 urządzenia=android:1,ios:0
Tytuł: Nowa wiadomość — TEST grupa push
Treść: Sprawdź kanał grupowy wyjazdu.
Dane: {"url":"http:\/\/localhost\/ridemore\/wiadomosci\/grupa\/494"}
------------------------------------------------------------

[2026-09-03 18:38:59] user_id=1 urządzenia=android:1,ios:0
Tytuł: Nowy skarb w Twojej okolicy
Treść: TEST skarb okolica
Dane: {"url":"http:\/\/localhost\/ridemore\/odkrycia"}
------------------------------------------------------------

[2026-09-03 18:38:59] user_id=1 urządzenia=android:1,ios:0
Tytuł: Nowy skarb w Twojej okolicy
Treść: Coś ciekawego czeka w Twojej okolicy — sprawdź mapę.
Dane: {"url":"http:\/\/localhost\/ridemore\/odkrycia"}
------------------------------------------------------------

[2026-09-03 19:19:55] user_id=1 urządzenia=android:1,ios:0
Tytuł: TEST tytuł
Treść: TEST treść
Dane: []
------------------------------------------------------------

[2026-09-03 19:19:55] user_id=1 urządzenia=android:1,ios:0
Tytuł: Ktoś dołączył do Twojego wyjazdu
Treść: TEST wyjazd push
Dane: {"url":"http:\/\/localhost\/ridemore\/admin"}
------------------------------------------------------------

[2026-09-03 19:19:55] user_id=2 urządzenia=android:1,ios:0
Tytuł: Nowa wiadomość
Treść: Masz nową wiadomość na Ridemore.
Dane: {"url":"http:\/\/localhost\/ridemore\/wiadomosci\/137"}
------------------------------------------------------------

[2026-09-03 19:19:55] user_id=1 urządzenia=android:1,ios:0
Tytuł: Ktoś dołączył do Twojego wyjazdu
Treść: TEST grupa push
Dane: {"url":"http:\/\/localhost\/ridemore\/admin"}
------------------------------------------------------------

[2026-09-03 19:19:55] user_id=1 urządzenia=android:1,ios:0
Tytuł: Nowa wiadomość — TEST grupa push
Treść: Sprawdź kanał grupowy wyjazdu.
Dane: {"url":"http:\/\/localhost\/ridemore\/wiadomosci\/grupa\/497"}
------------------------------------------------------------

[2026-09-03 19:19:55] user_id=1 urządzenia=android:1,ios:0
Tytuł: Nowy skarb w Twojej okolicy
Treść: TEST skarb okolica
Dane: {"url":"http:\/\/localhost\/ridemore\/odkrycia"}
------------------------------------------------------------

[2026-09-03 19:19:55] user_id=1 urządzenia=android:1,ios:0
Tytuł: Nowy skarb w Twojej okolicy
Treść: Coś ciekawego czeka w Twojej okolicy — sprawdź mapę.
Dane: {"url":"http:\/\/localhost\/ridemore\/odkrycia"}
------------------------------------------------------------

[2026-09-03 19:20:41] user_id=1 urządzenia=android:1,ios:0
Tytuł: TEST tytuł
Treść: TEST treść
Dane: []
------------------------------------------------------------

[2026-09-03 19:20:41] user_id=1 urządzenia=android:1,ios:0
Tytuł: Ktoś dołączył do Twojego wyjazdu
Treść: TEST wyjazd push
Dane: {"url":"http:\/\/localhost\/ridemore\/admin"}
------------------------------------------------------------

[2026-09-03 19:20:41] user_id=2 urządzenia=android:1,ios:0
Tytuł: Nowa wiadomość
Treść: Masz nową wiadomość na Ridemore.
Dane: {"url":"http:\/\/localhost\/ridemore\/wiadomosci\/138"}
------------------------------------------------------------

[2026-09-03 19:20:41] user_id=1 urządzenia=android:1,ios:0
Tytuł: Ktoś dołączył do Twojego wyjazdu
Treść: TEST grupa push
Dane: {"url":"http:\/\/localhost\/ridemore\/admin"}
------------------------------------------------------------

[2026-09-03 19:20:41] user_id=1 urządzenia=android:1,ios:0
Tytuł: Nowa wiadomość — TEST grupa push
Treść: Sprawdź kanał grupowy wyjazdu.
Dane: {"url":"http:\/\/localhost\/ridemore\/wiadomosci\/grupa\/500"}
------------------------------------------------------------

[2026-09-03 19:20:41] user_id=1 urządzenia=android:1,ios:0
Tytuł: Nowy skarb w Twojej okolicy
Treść: TEST skarb okolica
Dane: {"url":"http:\/\/localhost\/ridemore\/odkrycia"}
------------------------------------------------------------

[2026-09-03 19:20:41] user_id=1 urządzenia=android:1,ios:0
Tytuł: Nowy skarb w Twojej okolicy
Treść: Coś ciekawego czeka w Twojej okolicy — sprawdź mapę.
Dane: {"url":"http:\/\/localhost\/ridemore\/odkrycia"}
------------------------------------------------------------

[2026-09-03 19:22:43] user_id=1 urządzenia=android:1,ios:0
Tytuł: TEST tytuł
Treść: TEST treść
Dane: []
------------------------------------------------------------

[2026-09-03 19:22:43] user_id=1 urządzenia=android:1,ios:0
Tytuł: Ktoś dołączył do Twojego wyjazdu
Treść: TEST wyjazd push
Dane: {"url":"http:\/\/localhost\/ridemore\/admin"}
------------------------------------------------------------

[2026-09-03 19:22:43] user_id=2 urządzenia=android:1,ios:0
Tytuł: Nowa wiadomość
Treść: Masz nową wiadomość na Ridemore.
Dane: {"url":"http:\/\/localhost\/ridemore\/wiadomosci\/139"}
------------------------------------------------------------

[2026-09-03 19:22:43] user_id=1 urządzenia=android:1,ios:0
Tytuł: Ktoś dołączył do Twojego wyjazdu
Treść: TEST grupa push
Dane: {"url":"http:\/\/localhost\/ridemore\/admin"}
------------------------------------------------------------

[2026-09-03 19:22:43] user_id=1 urządzenia=android:1,ios:0
Tytuł: Nowa wiadomość — TEST grupa push
Treść: Sprawdź kanał grupowy wyjazdu.
Dane: {"url":"http:\/\/localhost\/ridemore\/wiadomosci\/grupa\/503"}
------------------------------------------------------------

[2026-09-03 19:22:43] user_id=1 urządzenia=android:1,ios:0
Tytuł: Nowy skarb w Twojej okolicy
Treść: TEST skarb okolica
Dane: {"url":"http:\/\/localhost\/ridemore\/odkrycia"}
------------------------------------------------------------

[2026-09-03 19:22:43] user_id=1 urządzenia=android:1,ios:0
Tytuł: Nowy skarb w Twojej okolicy
Treść: Coś ciekawego czeka w Twojej okolicy — sprawdź mapę.
Dane: {"url":"http:\/\/localhost\/ridemore\/odkrycia"}
------------------------------------------------------------

[2026-09-03 19:29:56] user_id=1 urządzenia=android:1,ios:0
Tytuł: TEST tytuł
Treść: TEST treść
Dane: []
------------------------------------------------------------

[2026-09-03 19:29:56] user_id=1 urządzenia=android:1,ios:0
Tytuł: Ktoś dołączył do Twojego wyjazdu
Treść: TEST wyjazd push
Dane: {"url":"http:\/\/localhost\/ridemore\/admin"}
------------------------------------------------------------

[2026-09-03 19:29:56] user_id=2 urządzenia=android:1,ios:0
Tytuł: Nowa wiadomość
Treść: Masz nową wiadomość na Ridemore.
Dane: {"url":"http:\/\/localhost\/ridemore\/wiadomosci\/140"}
------------------------------------------------------------

[2026-09-03 19:29:56] user_id=1 urządzenia=android:1,ios:0
Tytuł: Ktoś dołączył do Twojego wyjazdu
Treść: TEST grupa push
Dane: {"url":"http:\/\/localhost\/ridemore\/admin"}
------------------------------------------------------------

[2026-09-03 19:29:56] user_id=1 urządzenia=android:1,ios:0
Tytuł: Nowa wiadomość — TEST grupa push
Treść: Sprawdź kanał grupowy wyjazdu.
Dane: {"url":"http:\/\/localhost\/ridemore\/wiadomosci\/grupa\/506"}
------------------------------------------------------------

[2026-09-03 19:29:56] user_id=1 urządzenia=android:1,ios:0
Tytuł: Nowy skarb w Twojej okolicy
Treść: TEST skarb okolica
Dane: {"url":"http:\/\/localhost\/ridemore\/odkrycia"}
------------------------------------------------------------

[2026-09-03 19:29:56] user_id=1 urządzenia=android:1,ios:0
Tytuł: Nowy skarb w Twojej okolicy
Treść: Coś ciekawego czeka w Twojej okolicy — sprawdź mapę.
Dane: {"url":"http:\/\/localhost\/ridemore\/odkrycia"}
------------------------------------------------------------

[2026-09-03 20:01:55] user_id=1 urządzenia=android:1,ios:0
Tytuł: TEST tytuł
Treść: TEST treść
Dane: []
------------------------------------------------------------

[2026-09-03 20:01:55] user_id=1 urządzenia=android:1,ios:0
Tytuł: Ktoś dołączył do Twojego wyjazdu
Treść: TEST wyjazd push
Dane: {"url":"http:\/\/localhost\/ridemore\/admin"}
------------------------------------------------------------

[2026-09-03 20:01:55] user_id=2 urządzenia=android:1,ios:0
Tytuł: Nowa wiadomość
Treść: Masz nową wiadomość na Ridemore.
Dane: {"url":"http:\/\/localhost\/ridemore\/wiadomosci\/141"}
------------------------------------------------------------

[2026-09-03 20:01:55] user_id=1 urządzenia=android:1,ios:0
Tytuł: Ktoś dołączył do Twojego wyjazdu
Treść: TEST grupa push
Dane: {"url":"http:\/\/localhost\/ridemore\/admin"}
------------------------------------------------------------

[2026-09-03 20:01:55] user_id=1 urządzenia=android:1,ios:0
Tytuł: Nowa wiadomość — TEST grupa push
Treść: Sprawdź kanał grupowy wyjazdu.
Dane: {"url":"http:\/\/localhost\/ridemore\/wiadomosci\/grupa\/509"}
------------------------------------------------------------

[2026-09-03 20:01:55] user_id=1 urządzenia=android:1,ios:0
Tytuł: Nowy skarb w Twojej okolicy
Treść: TEST skarb okolica
Dane: {"url":"http:\/\/localhost\/ridemore\/odkrycia"}
------------------------------------------------------------

[2026-09-03 20:01:55] user_id=1 urządzenia=android:1,ios:0
Tytuł: Nowy skarb w Twojej okolicy
Treść: Coś ciekawego czeka w Twojej okolicy — sprawdź mapę.
Dane: {"url":"http:\/\/localhost\/ridemore\/odkrycia"}
------------------------------------------------------------

[2026-09-03 20:02:40] user_id=1 urządzenia=android:1,ios:0
Tytuł: TEST tytuł
Treść: TEST treść
Dane: []
------------------------------------------------------------

[2026-09-03 20:02:40] user_id=1 urządzenia=android:1,ios:0
Tytuł: Ktoś dołączył do Twojego wyjazdu
Treść: TEST wyjazd push
Dane: {"url":"http:\/\/localhost\/ridemore\/admin"}
------------------------------------------------------------

[2026-09-03 20:02:40] user_id=2 urządzenia=android:1,ios:0
Tytuł: Nowa wiadomość
Treść: Masz nową wiadomość na Ridemore.
Dane: {"url":"http:\/\/localhost\/ridemore\/wiadomosci\/142"}
------------------------------------------------------------

[2026-09-03 20:02:40] user_id=1 urządzenia=android:1,ios:0
Tytuł: Ktoś dołączył do Twojego wyjazdu
Treść: TEST grupa push
Dane: {"url":"http:\/\/localhost\/ridemore\/admin"}
------------------------------------------------------------

[2026-09-03 20:02:40] user_id=1 urządzenia=android:1,ios:0
Tytuł: Nowa wiadomość — TEST grupa push
Treść: Sprawdź kanał grupowy wyjazdu.
Dane: {"url":"http:\/\/localhost\/ridemore\/wiadomosci\/grupa\/512"}
------------------------------------------------------------

[2026-09-03 20:02:40] user_id=1 urządzenia=android:1,ios:0
Tytuł: Nowy skarb w Twojej okolicy
Treść: TEST skarb okolica
Dane: {"url":"http:\/\/localhost\/ridemore\/odkrycia"}
------------------------------------------------------------

[2026-09-03 20:02:40] user_id=1 urządzenia=android:1,ios:0
Tytuł: Nowy skarb w Twojej okolicy
Treść: Coś ciekawego czeka w Twojej okolicy — sprawdź mapę.
Dane: {"url":"http:\/\/localhost\/ridemore\/odkrycia"}
------------------------------------------------------------

[2026-09-03 20:06:52] user_id=1 urządzenia=android:1,ios:0
Tytuł: TEST tytuł
Treść: TEST treść
Dane: []
------------------------------------------------------------

[2026-09-03 20:06:52] user_id=1 urządzenia=android:1,ios:0
Tytuł: Ktoś dołączył do Twojego wyjazdu
Treść: TEST wyjazd push
Dane: {"url":"http:\/\/localhost\/ridemore\/admin"}
------------------------------------------------------------

[2026-09-03 20:06:52] user_id=2 urządzenia=android:1,ios:0
Tytuł: Nowa wiadomość
Treść: Masz nową wiadomość na Ridemore.
Dane: {"url":"http:\/\/localhost\/ridemore\/wiadomosci\/143"}
------------------------------------------------------------

[2026-09-03 20:06:52] user_id=1 urządzenia=android:1,ios:0
Tytuł: Ktoś dołączył do Twojego wyjazdu
Treść: TEST grupa push
Dane: {"url":"http:\/\/localhost\/ridemore\/admin"}
------------------------------------------------------------

[2026-09-03 20:06:52] user_id=1 urządzenia=android:1,ios:0
Tytuł: Nowa wiadomość — TEST grupa push
Treść: Sprawdź kanał grupowy wyjazdu.
Dane: {"url":"http:\/\/localhost\/ridemore\/wiadomosci\/grupa\/515"}
------------------------------------------------------------

[2026-09-03 20:06:52] user_id=1 urządzenia=android:1,ios:0
Tytuł: Nowy skarb w Twojej okolicy
Treść: TEST skarb okolica
Dane: {"url":"http:\/\/localhost\/ridemore\/odkrycia"}
------------------------------------------------------------

[2026-09-03 20:06:52] user_id=1 urządzenia=android:1,ios:0
Tytuł: Nowy skarb w Twojej okolicy
Treść: Coś ciekawego czeka w Twojej okolicy — sprawdź mapę.
Dane: {"url":"http:\/\/localhost\/ridemore\/odkrycia"}
------------------------------------------------------------

[2026-09-03 21:09:42] user_id=1 urządzenia=android:1,ios:0
Tytuł: TEST tytuł
Treść: TEST treść
Dane: []
------------------------------------------------------------

[2026-09-03 21:09:42] user_id=1 urządzenia=android:1,ios:0
Tytuł: Ktoś dołączył do Twojego wyjazdu
Treść: TEST wyjazd push
Dane: {"url":"http:\/\/localhost\/ridemore\/admin"}
------------------------------------------------------------

[2026-09-03 21:09:42] user_id=2 urządzenia=android:1,ios:0
Tytuł: Nowa wiadomość
Treść: Masz nową wiadomość na Ridemore.
Dane: {"url":"http:\/\/localhost\/ridemore\/wiadomosci\/144"}
------------------------------------------------------------

[2026-09-03 21:09:42] user_id=1 urządzenia=android:1,ios:0
Tytuł: Ktoś dołączył do Twojego wyjazdu
Treść: TEST grupa push
Dane: {"url":"http:\/\/localhost\/ridemore\/admin"}
------------------------------------------------------------

[2026-09-03 21:09:42] user_id=1 urządzenia=android:1,ios:0
Tytuł: Nowa wiadomość — TEST grupa push
Treść: Sprawdź kanał grupowy wyjazdu.
Dane: {"url":"http:\/\/localhost\/ridemore\/wiadomosci\/grupa\/518"}
------------------------------------------------------------

[2026-09-03 21:09:42] user_id=1 urządzenia=android:1,ios:0
Tytuł: Nowy skarb w Twojej okolicy
Treść: TEST skarb okolica
Dane: {"url":"http:\/\/localhost\/ridemore\/odkrycia"}
------------------------------------------------------------

[2026-09-03 21:09:42] user_id=1 urządzenia=android:1,ios:0
Tytuł: Nowy skarb w Twojej okolicy
Treść: Coś ciekawego czeka w Twojej okolicy — sprawdź mapę.
Dane: {"url":"http:\/\/localhost\/ridemore\/odkrycia"}
------------------------------------------------------------

[2026-09-03 21:12:25] user_id=1 urządzenia=android:1,ios:0
Tytuł: TEST tytuł
Treść: TEST treść
Dane: []
------------------------------------------------------------

[2026-09-03 21:12:25] user_id=1 urządzenia=android:1,ios:0
Tytuł: Ktoś dołączył do Twojego wyjazdu
Treść: TEST wyjazd push
Dane: {"url":"http:\/\/localhost\/ridemore\/admin"}
------------------------------------------------------------

[2026-09-03 21:12:25] user_id=2 urządzenia=android:1,ios:0
Tytuł: Nowa wiadomość
Treść: Masz nową wiadomość na Ridemore.
Dane: {"url":"http:\/\/localhost\/ridemore\/wiadomosci\/145"}
------------------------------------------------------------

[2026-09-03 21:12:25] user_id=1 urządzenia=android:1,ios:0
Tytuł: Ktoś dołączył do Twojego wyjazdu
Treść: TEST grupa push
Dane: {"url":"http:\/\/localhost\/ridemore\/admin"}
------------------------------------------------------------

[2026-09-03 21:12:25] user_id=1 urządzenia=android:1,ios:0
Tytuł: Nowa wiadomość — TEST grupa push
Treść: Sprawdź kanał grupowy wyjazdu.
Dane: {"url":"http:\/\/localhost\/ridemore\/wiadomosci\/grupa\/521"}
------------------------------------------------------------

[2026-09-03 21:12:25] user_id=1 urządzenia=android:1,ios:0
Tytuł: Nowy skarb w Twojej okolicy
Treść: TEST skarb okolica
Dane: {"url":"http:\/\/localhost\/ridemore\/odkrycia"}
------------------------------------------------------------

[2026-09-03 21:12:25] user_id=1 urządzenia=android:1,ios:0
Tytuł: Nowy skarb w Twojej okolicy
Treść: Coś ciekawego czeka w Twojej okolicy — sprawdź mapę.
Dane: {"url":"http:\/\/localhost\/ridemore\/odkrycia"}
------------------------------------------------------------

[2026-09-04 10:20:47] user_id=1 urządzenia=android:1,ios:0
Tytuł: TEST tytuł
Treść: TEST treść
Dane: []
------------------------------------------------------------

[2026-09-04 10:20:48] user_id=1 urządzenia=android:1,ios:0
Tytuł: Ktoś dołączył do Twojego wyjazdu
Treść: TEST wyjazd push
Dane: {"url":"http:\/\/localhost\/ridemore\/admin"}
------------------------------------------------------------

[2026-09-04 10:20:48] user_id=2 urządzenia=android:1,ios:0
Tytuł: Nowa wiadomość
Treść: Masz nową wiadomość na Ridemore.
Dane: {"url":"http:\/\/localhost\/ridemore\/wiadomosci\/146"}
------------------------------------------------------------

[2026-09-04 10:20:48] user_id=1 urządzenia=android:1,ios:0
Tytuł: Ktoś dołączył do Twojego wyjazdu
Treść: TEST grupa push
Dane: {"url":"http:\/\/localhost\/ridemore\/admin"}
------------------------------------------------------------

[2026-09-04 10:20:48] user_id=1 urządzenia=android:1,ios:0
Tytuł: Nowa wiadomość — TEST grupa push
Treść: Sprawdź kanał grupowy wyjazdu.
Dane: {"url":"http:\/\/localhost\/ridemore\/wiadomosci\/grupa\/524"}
------------------------------------------------------------

[2026-09-04 10:20:48] user_id=1 urządzenia=android:1,ios:0
Tytuł: Nowy skarb w Twojej okolicy
Treść: TEST skarb okolica
Dane: {"url":"http:\/\/localhost\/ridemore\/odkrycia"}
------------------------------------------------------------

[2026-09-04 10:20:48] user_id=1 urządzenia=android:1,ios:0
Tytuł: Nowy skarb w Twojej okolicy
Treść: Coś ciekawego czeka w Twojej okolicy — sprawdź mapę.
Dane: {"url":"http:\/\/localhost\/ridemore\/odkrycia"}
------------------------------------------------------------

[2026-09-04 10:21:43] user_id=1 urządzenia=android:1,ios:0
Tytuł: TEST tytuł
Treść: TEST treść
Dane: []
------------------------------------------------------------

[2026-09-04 10:21:43] user_id=1 urządzenia=android:1,ios:0
Tytuł: Ktoś dołączył do Twojego wyjazdu
Treść: TEST wyjazd push
Dane: {"url":"http:\/\/localhost\/ridemore\/admin"}
------------------------------------------------------------

[2026-09-04 10:21:43] user_id=2 urządzenia=android:1,ios:0
Tytuł: Nowa wiadomość
Treść: Masz nową wiadomość na Ridemore.
Dane: {"url":"http:\/\/localhost\/ridemore\/wiadomosci\/147"}
------------------------------------------------------------

[2026-09-04 10:21:43] user_id=1 urządzenia=android:1,ios:0
Tytuł: Ktoś dołączył do Twojego wyjazdu
Treść: TEST grupa push
Dane: {"url":"http:\/\/localhost\/ridemore\/admin"}
------------------------------------------------------------

[2026-09-04 10:21:43] user_id=1 urządzenia=android:1,ios:0
Tytuł: Nowa wiadomość — TEST grupa push
Treść: Sprawdź kanał grupowy wyjazdu.
Dane: {"url":"http:\/\/localhost\/ridemore\/wiadomosci\/grupa\/527"}
------------------------------------------------------------

[2026-09-04 10:21:43] user_id=1 urządzenia=android:1,ios:0
Tytuł: Nowy skarb w Twojej okolicy
Treść: TEST skarb okolica
Dane: {"url":"http:\/\/localhost\/ridemore\/odkrycia"}
------------------------------------------------------------

[2026-09-04 10:21:43] user_id=1 urządzenia=android:1,ios:0
Tytuł: Nowy skarb w Twojej okolicy
Treść: Coś ciekawego czeka w Twojej okolicy — sprawdź mapę.
Dane: {"url":"http:\/\/localhost\/ridemore\/odkrycia"}
------------------------------------------------------------

[2026-09-04 20:31:38] user_id=1 urządzenia=android:1,ios:0
Tytuł: TEST tytuł
Treść: TEST treść
Dane: []
------------------------------------------------------------

[2026-09-04 20:31:38] user_id=1 urządzenia=android:1,ios:0
Tytuł: Ktoś dołączył do Twojego wyjazdu
Treść: TEST wyjazd push
Dane: {"url":"http:\/\/localhost\/ridemore\/admin"}
------------------------------------------------------------

[2026-09-04 20:31:38] user_id=2 urządzenia=android:1,ios:0
Tytuł: Nowa wiadomość
Treść: Masz nową wiadomość na Ridemore.
Dane: {"url":"http:\/\/localhost\/ridemore\/wiadomosci\/148"}
------------------------------------------------------------

[2026-09-04 20:31:38] user_id=1 urządzenia=android:1,ios:0
Tytuł: Ktoś dołączył do Twojego wyjazdu
Treść: TEST grupa push
Dane: {"url":"http:\/\/localhost\/ridemore\/admin"}
------------------------------------------------------------

[2026-09-04 20:31:38] user_id=1 urządzenia=android:1,ios:0
Tytuł: Nowa wiadomość — TEST grupa push
Treść: Sprawdź kanał grupowy wyjazdu.
Dane: {"url":"http:\/\/localhost\/ridemore\/wiadomosci\/grupa\/530"}
------------------------------------------------------------

[2026-09-04 20:31:38] user_id=1 urządzenia=android:1,ios:0
Tytuł: Nowy skarb w Twojej okolicy
Treść: TEST skarb okolica
Dane: {"url":"http:\/\/localhost\/ridemore\/odkrycia"}
------------------------------------------------------------

[2026-09-04 20:31:38] user_id=1 urządzenia=android:1,ios:0
Tytuł: Nowy skarb w Twojej okolicy
Treść: Coś ciekawego czeka w Twojej okolicy — sprawdź mapę.
Dane: {"url":"http:\/\/localhost\/ridemore\/odkrycia"}
------------------------------------------------------------

[2026-09-04 20:32:40] user_id=1 urządzenia=android:1,ios:0
Tytuł: TEST tytuł
Treść: TEST treść
Dane: []
------------------------------------------------------------

[2026-09-04 20:32:40] user_id=1 urządzenia=android:1,ios:0
Tytuł: Ktoś dołączył do Twojego wyjazdu
Treść: TEST wyjazd push
Dane: {"url":"http:\/\/localhost\/ridemore\/admin"}
------------------------------------------------------------

[2026-09-04 20:32:40] user_id=2 urządzenia=android:1,ios:0
Tytuł: Nowa wiadomość
Treść: Masz nową wiadomość na Ridemore.
Dane: {"url":"http:\/\/localhost\/ridemore\/wiadomosci\/149"}
------------------------------------------------------------

[2026-09-04 20:32:40] user_id=1 urządzenia=android:1,ios:0
Tytuł: Ktoś dołączył do Twojego wyjazdu
Treść: TEST grupa push
Dane: {"url":"http:\/\/localhost\/ridemore\/admin"}
------------------------------------------------------------

[2026-09-04 20:32:40] user_id=1 urządzenia=android:1,ios:0
Tytuł: Nowa wiadomość — TEST grupa push
Treść: Sprawdź kanał grupowy wyjazdu.
Dane: {"url":"http:\/\/localhost\/ridemore\/wiadomosci\/grupa\/533"}
------------------------------------------------------------

[2026-09-04 20:32:40] user_id=1 urządzenia=android:1,ios:0
Tytuł: Nowy skarb w Twojej okolicy
Treść: TEST skarb okolica
Dane: {"url":"http:\/\/localhost\/ridemore\/odkrycia"}
------------------------------------------------------------

[2026-09-04 20:32:40] user_id=1 urządzenia=android:1,ios:0
Tytuł: Nowy skarb w Twojej okolicy
Treść: Coś ciekawego czeka w Twojej okolicy — sprawdź mapę.
Dane: {"url":"http:\/\/localhost\/ridemore\/odkrycia"}
------------------------------------------------------------

[2026-09-04 20:33:39] user_id=1 urządzenia=android:1,ios:0
Tytuł: TEST tytuł
Treść: TEST treść
Dane: []
------------------------------------------------------------

[2026-09-04 20:33:39] user_id=1 urządzenia=android:1,ios:0
Tytuł: Ktoś dołączył do Twojego wyjazdu
Treść: TEST wyjazd push
Dane: {"url":"http:\/\/localhost\/ridemore\/admin"}
------------------------------------------------------------

[2026-09-04 20:33:39] user_id=2 urządzenia=android:1,ios:0
Tytuł: Nowa wiadomość
Treść: Masz nową wiadomość na Ridemore.
Dane: {"url":"http:\/\/localhost\/ridemore\/wiadomosci\/150"}
------------------------------------------------------------

[2026-09-04 20:33:40] user_id=1 urządzenia=android:1,ios:0
Tytuł: Ktoś dołączył do Twojego wyjazdu
Treść: TEST grupa push
Dane: {"url":"http:\/\/localhost\/ridemore\/admin"}
------------------------------------------------------------

[2026-09-04 20:33:40] user_id=1 urządzenia=android:1,ios:0
Tytuł: Nowa wiadomość — TEST grupa push
Treść: Sprawdź kanał grupowy wyjazdu.
Dane: {"url":"http:\/\/localhost\/ridemore\/wiadomosci\/grupa\/536"}
------------------------------------------------------------

[2026-09-04 20:33:40] user_id=1 urządzenia=android:1,ios:0
Tytuł: Nowy skarb w Twojej okolicy
Treść: TEST skarb okolica
Dane: {"url":"http:\/\/localhost\/ridemore\/odkrycia"}
------------------------------------------------------------

[2026-09-04 20:33:40] user_id=1 urządzenia=android:1,ios:0
Tytuł: Nowy skarb w Twojej okolicy
Treść: Coś ciekawego czeka w Twojej okolicy — sprawdź mapę.
Dane: {"url":"http:\/\/localhost\/ridemore\/odkrycia"}
------------------------------------------------------------

[2026-09-05 10:33:07] user_id=1 urządzenia=android:1,ios:0
Tytuł: TEST tytuł
Treść: TEST treść
Dane: []
------------------------------------------------------------

[2026-09-05 10:33:07] user_id=1 urządzenia=android:1,ios:0
Tytuł: Ktoś dołączył do Twojego wyjazdu
Treść: TEST wyjazd push
Dane: {"url":"http:\/\/localhost\/ridemore\/admin"}
------------------------------------------------------------

[2026-09-05 10:33:07] user_id=2 urządzenia=android:1,ios:0
Tytuł: Nowa wiadomość
Treść: Masz nową wiadomość na Ridemore.
Dane: {"url":"http:\/\/localhost\/ridemore\/wiadomosci\/151"}
------------------------------------------------------------

[2026-09-05 10:33:07] user_id=1 urządzenia=android:1,ios:0
Tytuł: Ktoś dołączył do Twojego wyjazdu
Treść: TEST grupa push
Dane: {"url":"http:\/\/localhost\/ridemore\/admin"}
------------------------------------------------------------

[2026-09-05 10:33:07] user_id=1 urządzenia=android:1,ios:0
Tytuł: Nowa wiadomość — TEST grupa push
Treść: Sprawdź kanał grupowy wyjazdu.
Dane: {"url":"http:\/\/localhost\/ridemore\/wiadomosci\/grupa\/539"}
------------------------------------------------------------

[2026-09-05 10:33:07] user_id=1 urządzenia=android:1,ios:0
Tytuł: Nowy skarb w Twojej okolicy
Treść: TEST skarb okolica
Dane: {"url":"http:\/\/localhost\/ridemore\/odkrycia"}
------------------------------------------------------------

[2026-09-05 10:33:07] user_id=1 urządzenia=android:1,ios:0
Tytuł: Nowy skarb w Twojej okolicy
Treść: Coś ciekawego czeka w Twojej okolicy — sprawdź mapę.
Dane: {"url":"http:\/\/localhost\/ridemore\/odkrycia"}
------------------------------------------------------------

[2026-09-05 10:34:00] user_id=1 urządzenia=android:1,ios:0
Tytuł: TEST tytuł
Treść: TEST treść
Dane: []
------------------------------------------------------------

[2026-09-05 10:34:00] user_id=1 urządzenia=android:1,ios:0
Tytuł: Ktoś dołączył do Twojego wyjazdu
Treść: TEST wyjazd push
Dane: {"url":"http:\/\/localhost\/ridemore\/admin"}
------------------------------------------------------------

[2026-09-05 10:34:00] user_id=2 urządzenia=android:1,ios:0
Tytuł: Nowa wiadomość
Treść: Masz nową wiadomość na Ridemore.
Dane: {"url":"http:\/\/localhost\/ridemore\/wiadomosci\/152"}
------------------------------------------------------------

[2026-09-05 10:34:00] user_id=1 urządzenia=android:1,ios:0
Tytuł: Ktoś dołączył do Twojego wyjazdu
Treść: TEST grupa push
Dane: {"url":"http:\/\/localhost\/ridemore\/admin"}
------------------------------------------------------------

[2026-09-05 10:34:00] user_id=1 urządzenia=android:1,ios:0
Tytuł: Nowa wiadomość — TEST grupa push
Treść: Sprawdź kanał grupowy wyjazdu.
Dane: {"url":"http:\/\/localhost\/ridemore\/wiadomosci\/grupa\/542"}
------------------------------------------------------------

[2026-09-05 10:34:00] user_id=1 urządzenia=android:1,ios:0
Tytuł: Nowy skarb w Twojej okolicy
Treść: TEST skarb okolica
Dane: {"url":"http:\/\/localhost\/ridemore\/odkrycia"}
------------------------------------------------------------

[2026-09-05 10:34:00] user_id=1 urządzenia=android:1,ios:0
Tytuł: Nowy skarb w Twojej okolicy
Treść: Coś ciekawego czeka w Twojej okolicy — sprawdź mapę.
Dane: {"url":"http:\/\/localhost\/ridemore\/odkrycia"}
------------------------------------------------------------

[2026-09-05 10:41:53] user_id=1 urządzenia=android:1,ios:0
Tytuł: TEST tytuł
Treść: TEST treść
Dane: []
------------------------------------------------------------

[2026-09-05 10:41:53] user_id=1 urządzenia=android:1,ios:0
Tytuł: Ktoś dołączył do Twojego wyjazdu
Treść: TEST wyjazd push
Dane: {"url":"http:\/\/localhost\/ridemore\/admin"}
------------------------------------------------------------

[2026-09-05 10:41:53] user_id=2 urządzenia=android:1,ios:0
Tytuł: Nowa wiadomość
Treść: Masz nową wiadomość na Ridemore.
Dane: {"url":"http:\/\/localhost\/ridemore\/wiadomosci\/153"}
------------------------------------------------------------

[2026-09-05 10:41:53] user_id=1 urządzenia=android:1,ios:0
Tytuł: Ktoś dołączył do Twojego wyjazdu
Treść: TEST grupa push
Dane: {"url":"http:\/\/localhost\/ridemore\/admin"}
------------------------------------------------------------

[2026-09-05 10:41:53] user_id=1 urządzenia=android:1,ios:0
Tytuł: Nowa wiadomość — TEST grupa push
Treść: Sprawdź kanał grupowy wyjazdu.
Dane: {"url":"http:\/\/localhost\/ridemore\/wiadomosci\/grupa\/545"}
------------------------------------------------------------

[2026-09-05 10:41:53] user_id=1 urządzenia=android:1,ios:0
Tytuł: Nowy skarb w Twojej okolicy
Treść: TEST skarb okolica
Dane: {"url":"http:\/\/localhost\/ridemore\/odkrycia"}
------------------------------------------------------------

[2026-09-05 10:41:53] user_id=1 urządzenia=android:1,ios:0
Tytuł: Nowy skarb w Twojej okolicy
Treść: Coś ciekawego czeka w Twojej okolicy — sprawdź mapę.
Dane: {"url":"http:\/\/localhost\/ridemore\/odkrycia"}
------------------------------------------------------------

[2026-09-05 10:48:20] user_id=1 urządzenia=android:1,ios:0
Tytuł: TEST tytuł
Treść: TEST treść
Dane: []
------------------------------------------------------------

[2026-09-05 10:48:20] user_id=1 urządzenia=android:1,ios:0
Tytuł: Ktoś dołączył do Twojego wyjazdu
Treść: TEST wyjazd push
Dane: {"url":"http:\/\/localhost\/ridemore\/admin"}
------------------------------------------------------------

[2026-09-05 10:48:20] user_id=2 urządzenia=android:1,ios:0
Tytuł: Nowa wiadomość
Treść: Masz nową wiadomość na Ridemore.
Dane: {"url":"http:\/\/localhost\/ridemore\/wiadomosci\/154"}
------------------------------------------------------------

[2026-09-05 10:48:20] user_id=1 urządzenia=android:1,ios:0
Tytuł: Ktoś dołączył do Twojego wyjazdu
Treść: TEST grupa push
Dane: {"url":"http:\/\/localhost\/ridemore\/admin"}
------------------------------------------------------------

[2026-09-05 10:48:20] user_id=1 urządzenia=android:1,ios:0
Tytuł: Nowa wiadomość — TEST grupa push
Treść: Sprawdź kanał grupowy wyjazdu.
Dane: {"url":"http:\/\/localhost\/ridemore\/wiadomosci\/grupa\/548"}
------------------------------------------------------------

[2026-09-05 10:48:20] user_id=1 urządzenia=android:1,ios:0
Tytuł: Nowy skarb w Twojej okolicy
Treść: TEST skarb okolica
Dane: {"url":"http:\/\/localhost\/ridemore\/odkrycia"}
------------------------------------------------------------

[2026-09-05 10:48:20] user_id=1 urządzenia=android:1,ios:0
Tytuł: Nowy skarb w Twojej okolicy
Treść: Coś ciekawego czeka w Twojej okolicy — sprawdź mapę.
Dane: {"url":"http:\/\/localhost\/ridemore\/odkrycia"}
------------------------------------------------------------

[2026-09-05 11:04:59] user_id=1 urządzenia=android:1,ios:0
Tytuł: TEST tytuł
Treść: TEST treść
Dane: []
------------------------------------------------------------

[2026-09-05 11:04:59] user_id=1 urządzenia=android:1,ios:0
Tytuł: Ktoś dołączył do Twojego wyjazdu
Treść: TEST wyjazd push
Dane: {"url":"http:\/\/localhost\/ridemore\/admin"}
------------------------------------------------------------

[2026-09-05 11:04:59] user_id=2 urządzenia=android:1,ios:0
Tytuł: Nowa wiadomość
Treść: Masz nową wiadomość na Ridemore.
Dane: {"url":"http:\/\/localhost\/ridemore\/wiadomosci\/155"}
------------------------------------------------------------

[2026-09-05 11:04:59] user_id=1 urządzenia=android:1,ios:0
Tytuł: Ktoś dołączył do Twojego wyjazdu
Treść: TEST grupa push
Dane: {"url":"http:\/\/localhost\/ridemore\/admin"}
------------------------------------------------------------

[2026-09-05 11:04:59] user_id=1 urządzenia=android:1,ios:0
Tytuł: Nowa wiadomość — TEST grupa push
Treść: Sprawdź kanał grupowy wyjazdu.
Dane: {"url":"http:\/\/localhost\/ridemore\/wiadomosci\/grupa\/551"}
------------------------------------------------------------

[2026-09-05 11:04:59] user_id=1 urządzenia=android:1,ios:0
Tytuł: Nowy skarb w Twojej okolicy
Treść: TEST skarb okolica
Dane: {"url":"http:\/\/localhost\/ridemore\/odkrycia"}
------------------------------------------------------------

[2026-09-05 11:04:59] user_id=1 urządzenia=android:1,ios:0
Tytuł: Nowy skarb w Twojej okolicy
Treść: Coś ciekawego czeka w Twojej okolicy — sprawdź mapę.
Dane: {"url":"http:\/\/localhost\/ridemore\/odkrycia"}
------------------------------------------------------------

[2026-09-05 13:04:28] user_id=1 urządzenia=android:1,ios:0
Tytuł: TEST tytuł
Treść: TEST treść
Dane: []
------------------------------------------------------------

[2026-09-05 13:04:28] user_id=1 urządzenia=android:1,ios:0
Tytuł: Ktoś dołączył do Twojego wyjazdu
Treść: TEST wyjazd push
Dane: {"url":"http:\/\/localhost\/ridemore\/admin"}
------------------------------------------------------------

[2026-09-05 13:04:28] user_id=2 urządzenia=android:1,ios:0
Tytuł: Nowa wiadomość
Treść: Masz nową wiadomość na Ridemore.
Dane: {"url":"http:\/\/localhost\/ridemore\/wiadomosci\/156"}
------------------------------------------------------------

[2026-09-05 13:04:28] user_id=1 urządzenia=android:1,ios:0
Tytuł: Ktoś dołączył do Twojego wyjazdu
Treść: TEST grupa push
Dane: {"url":"http:\/\/localhost\/ridemore\/admin"}
------------------------------------------------------------

[2026-09-05 13:04:28] user_id=1 urządzenia=android:1,ios:0
Tytuł: Nowa wiadomość — TEST grupa push
Treść: Sprawdź kanał grupowy wyjazdu.
Dane: {"url":"http:\/\/localhost\/ridemore\/wiadomosci\/grupa\/554"}
------------------------------------------------------------

[2026-09-05 13:04:29] user_id=1 urządzenia=android:1,ios:0
Tytuł: Nowy skarb w Twojej okolicy
Treść: TEST skarb okolica
Dane: {"url":"http:\/\/localhost\/ridemore\/odkrycia"}
------------------------------------------------------------

[2026-09-05 13:04:29] user_id=1 urządzenia=android:1,ios:0
Tytuł: Nowy skarb w Twojej okolicy
Treść: Coś ciekawego czeka w Twojej okolicy — sprawdź mapę.
Dane: {"url":"http:\/\/localhost\/ridemore\/odkrycia"}
------------------------------------------------------------

[2026-09-05 13:05:19] user_id=1 urządzenia=android:1,ios:0
Tytuł: TEST tytuł
Treść: TEST treść
Dane: []
------------------------------------------------------------

[2026-09-05 13:05:19] user_id=1 urządzenia=android:1,ios:0
Tytuł: Ktoś dołączył do Twojego wyjazdu
Treść: TEST wyjazd push
Dane: {"url":"http:\/\/localhost\/ridemore\/admin"}
------------------------------------------------------------

[2026-09-05 13:05:19] user_id=2 urządzenia=android:1,ios:0
Tytuł: Nowa wiadomość
Treść: Masz nową wiadomość na Ridemore.
Dane: {"url":"http:\/\/localhost\/ridemore\/wiadomosci\/157"}
------------------------------------------------------------

[2026-09-05 13:05:19] user_id=1 urządzenia=android:1,ios:0
Tytuł: Ktoś dołączył do Twojego wyjazdu
Treść: TEST grupa push
Dane: {"url":"http:\/\/localhost\/ridemore\/admin"}
------------------------------------------------------------

[2026-09-05 13:05:19] user_id=1 urządzenia=android:1,ios:0
Tytuł: Nowa wiadomość — TEST grupa push
Treść: Sprawdź kanał grupowy wyjazdu.
Dane: {"url":"http:\/\/localhost\/ridemore\/wiadomosci\/grupa\/557"}
------------------------------------------------------------

[2026-09-05 13:05:19] user_id=1 urządzenia=android:1,ios:0
Tytuł: Nowy skarb w Twojej okolicy
Treść: TEST skarb okolica
Dane: {"url":"http:\/\/localhost\/ridemore\/odkrycia"}
------------------------------------------------------------

[2026-09-05 13:05:19] user_id=1 urządzenia=android:1,ios:0
Tytuł: Nowy skarb w Twojej okolicy
Treść: Coś ciekawego czeka w Twojej okolicy — sprawdź mapę.
Dane: {"url":"http:\/\/localhost\/ridemore\/odkrycia"}
------------------------------------------------------------

[2026-09-05 14:14:47] user_id=1 urządzenia=android:1,ios:0
Tytuł: TEST tytuł
Treść: TEST treść
Dane: []
------------------------------------------------------------

[2026-09-05 14:14:47] user_id=1 urządzenia=android:1,ios:0
Tytuł: Ktoś dołączył do Twojego wyjazdu
Treść: TEST wyjazd push
Dane: {"url":"http:\/\/localhost\/ridemore\/admin"}
------------------------------------------------------------

[2026-09-05 14:14:47] user_id=2 urządzenia=android:1,ios:0
Tytuł: Nowa wiadomość
Treść: Masz nową wiadomość na Ridemore.
Dane: {"url":"http:\/\/localhost\/ridemore\/wiadomosci\/158"}
------------------------------------------------------------

[2026-09-05 14:14:47] user_id=1 urządzenia=android:1,ios:0
Tytuł: Ktoś dołączył do Twojego wyjazdu
Treść: TEST grupa push
Dane: {"url":"http:\/\/localhost\/ridemore\/admin"}
------------------------------------------------------------

[2026-09-05 14:14:47] user_id=1 urządzenia=android:1,ios:0
Tytuł: Nowa wiadomość — TEST grupa push
Treść: Sprawdź kanał grupowy wyjazdu.
Dane: {"url":"http:\/\/localhost\/ridemore\/wiadomosci\/grupa\/560"}
------------------------------------------------------------

[2026-09-05 14:14:47] user_id=1 urządzenia=android:1,ios:0
Tytuł: Nowy skarb w Twojej okolicy
Treść: TEST skarb okolica
Dane: {"url":"http:\/\/localhost\/ridemore\/odkrycia"}
------------------------------------------------------------

[2026-09-05 14:14:47] user_id=1 urządzenia=android:1,ios:0
Tytuł: Nowy skarb w Twojej okolicy
Treść: Coś ciekawego czeka w Twojej okolicy — sprawdź mapę.
Dane: {"url":"http:\/\/localhost\/ridemore\/odkrycia"}
------------------------------------------------------------

[2026-09-05 14:32:14] user_id=1 urządzenia=android:1,ios:0
Tytuł: TEST tytuł
Treść: TEST treść
Dane: []
------------------------------------------------------------

[2026-09-05 14:32:14] user_id=1 urządzenia=android:1,ios:0
Tytuł: Ktoś dołączył do Twojego wyjazdu
Treść: TEST wyjazd push
Dane: {"url":"http:\/\/localhost\/ridemore\/admin"}
------------------------------------------------------------

[2026-09-05 14:32:14] user_id=2 urządzenia=android:1,ios:0
Tytuł: Nowa wiadomość
Treść: Masz nową wiadomość na Ridemore.
Dane: {"url":"http:\/\/localhost\/ridemore\/wiadomosci\/159"}
------------------------------------------------------------

[2026-09-05 14:32:14] user_id=1 urządzenia=android:1,ios:0
Tytuł: Ktoś dołączył do Twojego wyjazdu
Treść: TEST grupa push
Dane: {"url":"http:\/\/localhost\/ridemore\/admin"}
------------------------------------------------------------

[2026-09-05 14:32:14] user_id=1 urządzenia=android:1,ios:0
Tytuł: Nowa wiadomość — TEST grupa push
Treść: Sprawdź kanał grupowy wyjazdu.
Dane: {"url":"http:\/\/localhost\/ridemore\/wiadomosci\/grupa\/563"}
------------------------------------------------------------

[2026-09-05 14:32:14] user_id=1 urządzenia=android:1,ios:0
Tytuł: Nowy skarb w Twojej okolicy
Treść: TEST skarb okolica
Dane: {"url":"http:\/\/localhost\/ridemore\/odkrycia"}
------------------------------------------------------------

[2026-09-05 14:32:14] user_id=1 urządzenia=android:1,ios:0
Tytuł: Nowy skarb w Twojej okolicy
Treść: Coś ciekawego czeka w Twojej okolicy — sprawdź mapę.
Dane: {"url":"http:\/\/localhost\/ridemore\/odkrycia"}
------------------------------------------------------------

[2026-09-05 14:35:13] user_id=1 urządzenia=android:1,ios:0
Tytuł: TEST tytuł
Treść: TEST treść
Dane: []
------------------------------------------------------------

[2026-09-05 14:35:13] user_id=1 urządzenia=android:1,ios:0
Tytuł: Ktoś dołączył do Twojego wyjazdu
Treść: TEST wyjazd push
Dane: {"url":"http:\/\/localhost\/ridemore\/admin"}
------------------------------------------------------------

[2026-09-05 14:35:13] user_id=2 urządzenia=android:1,ios:0
Tytuł: Nowa wiadomość
Treść: Masz nową wiadomość na Ridemore.
Dane: {"url":"http:\/\/localhost\/ridemore\/wiadomosci\/160"}
------------------------------------------------------------

[2026-09-05 14:35:13] user_id=1 urządzenia=android:1,ios:0
Tytuł: Ktoś dołączył do Twojego wyjazdu
Treść: TEST grupa push
Dane: {"url":"http:\/\/localhost\/ridemore\/admin"}
------------------------------------------------------------

[2026-09-05 14:35:13] user_id=1 urządzenia=android:1,ios:0
Tytuł: Nowa wiadomość — TEST grupa push
Treść: Sprawdź kanał grupowy wyjazdu.
Dane: {"url":"http:\/\/localhost\/ridemore\/wiadomosci\/grupa\/566"}
------------------------------------------------------------

[2026-09-05 14:35:14] user_id=1 urządzenia=android:1,ios:0
Tytuł: Nowy skarb w Twojej okolicy
Treść: TEST skarb okolica
Dane: {"url":"http:\/\/localhost\/ridemore\/odkrycia"}
------------------------------------------------------------

[2026-09-05 14:35:14] user_id=1 urządzenia=android:1,ios:0
Tytuł: Nowy skarb w Twojej okolicy
Treść: Coś ciekawego czeka w Twojej okolicy — sprawdź mapę.
Dane: {"url":"http:\/\/localhost\/ridemore\/odkrycia"}
------------------------------------------------------------

[2026-09-05 14:39:13] user_id=1 urządzenia=android:1,ios:0
Tytuł: TEST tytuł
Treść: TEST treść
Dane: []
------------------------------------------------------------

[2026-09-05 14:39:13] user_id=1 urządzenia=android:1,ios:0
Tytuł: Ktoś dołączył do Twojego wyjazdu
Treść: TEST wyjazd push
Dane: {"url":"http:\/\/localhost\/ridemore\/admin"}
------------------------------------------------------------

[2026-09-05 14:39:13] user_id=2 urządzenia=android:1,ios:0
Tytuł: Nowa wiadomość
Treść: Masz nową wiadomość na Ridemore.
Dane: {"url":"http:\/\/localhost\/ridemore\/wiadomosci\/161"}
------------------------------------------------------------

[2026-09-05 14:39:13] user_id=1 urządzenia=android:1,ios:0
Tytuł: Ktoś dołączył do Twojego wyjazdu
Treść: TEST grupa push
Dane: {"url":"http:\/\/localhost\/ridemore\/admin"}
------------------------------------------------------------

[2026-09-05 14:39:13] user_id=1 urządzenia=android:1,ios:0
Tytuł: Nowa wiadomość — TEST grupa push
Treść: Sprawdź kanał grupowy wyjazdu.
Dane: {"url":"http:\/\/localhost\/ridemore\/wiadomosci\/grupa\/569"}
------------------------------------------------------------

[2026-09-05 14:39:13] user_id=1 urządzenia=android:1,ios:0
Tytuł: Nowy skarb w Twojej okolicy
Treść: TEST skarb okolica
Dane: {"url":"http:\/\/localhost\/ridemore\/odkrycia"}
------------------------------------------------------------

[2026-09-05 14:39:13] user_id=1 urządzenia=android:1,ios:0
Tytuł: Nowy skarb w Twojej okolicy
Treść: Coś ciekawego czeka w Twojej okolicy — sprawdź mapę.
Dane: {"url":"http:\/\/localhost\/ridemore\/odkrycia"}
------------------------------------------------------------

[2026-09-05 14:42:53] user_id=1 urządzenia=android:1,ios:0
Tytuł: TEST tytuł
Treść: TEST treść
Dane: []
------------------------------------------------------------

[2026-09-05 14:42:53] user_id=1 urządzenia=android:1,ios:0
Tytuł: Ktoś dołączył do Twojego wyjazdu
Treść: TEST wyjazd push
Dane: {"url":"http:\/\/localhost\/ridemore\/admin"}
------------------------------------------------------------

[2026-09-05 14:42:53] user_id=2 urządzenia=android:1,ios:0
Tytuł: Nowa wiadomość
Treść: Masz nową wiadomość na Ridemore.
Dane: {"url":"http:\/\/localhost\/ridemore\/wiadomosci\/162"}
------------------------------------------------------------

[2026-09-05 14:42:53] user_id=1 urządzenia=android:1,ios:0
Tytuł: Ktoś dołączył do Twojego wyjazdu
Treść: TEST grupa push
Dane: {"url":"http:\/\/localhost\/ridemore\/admin"}
------------------------------------------------------------

[2026-09-05 14:42:53] user_id=1 urządzenia=android:1,ios:0
Tytuł: Nowa wiadomość — TEST grupa push
Treść: Sprawdź kanał grupowy wyjazdu.
Dane: {"url":"http:\/\/localhost\/ridemore\/wiadomosci\/grupa\/572"}
------------------------------------------------------------

[2026-09-05 14:42:53] user_id=1 urządzenia=android:1,ios:0
Tytuł: Nowy skarb w Twojej okolicy
Treść: TEST skarb okolica
Dane: {"url":"http:\/\/localhost\/ridemore\/odkrycia"}
------------------------------------------------------------

[2026-09-05 14:42:53] user_id=1 urządzenia=android:1,ios:0
Tytuł: Nowy skarb w Twojej okolicy
Treść: Coś ciekawego czeka w Twojej okolicy — sprawdź mapę.
Dane: {"url":"http:\/\/localhost\/ridemore\/odkrycia"}
------------------------------------------------------------

[2026-09-05 14:44:45] user_id=1 urządzenia=android:1,ios:0
Tytuł: TEST tytuł
Treść: TEST treść
Dane: []
------------------------------------------------------------

[2026-09-05 14:44:45] user_id=1 urządzenia=android:1,ios:0
Tytuł: Ktoś dołączył do Twojego wyjazdu
Treść: TEST wyjazd push
Dane: {"url":"http:\/\/localhost\/ridemore\/admin"}
------------------------------------------------------------

[2026-09-05 14:44:45] user_id=2 urządzenia=android:1,ios:0
Tytuł: Nowa wiadomość
Treść: Masz nową wiadomość na Ridemore.
Dane: {"url":"http:\/\/localhost\/ridemore\/wiadomosci\/163"}
------------------------------------------------------------

[2026-09-05 14:44:45] user_id=1 urządzenia=android:1,ios:0
Tytuł: Ktoś dołączył do Twojego wyjazdu
Treść: TEST grupa push
Dane: {"url":"http:\/\/localhost\/ridemore\/admin"}
------------------------------------------------------------

[2026-09-05 14:44:45] user_id=1 urządzenia=android:1,ios:0
Tytuł: Nowa wiadomość — TEST grupa push
Treść: Sprawdź kanał grupowy wyjazdu.
Dane: {"url":"http:\/\/localhost\/ridemore\/wiadomosci\/grupa\/575"}
------------------------------------------------------------

[2026-09-05 14:44:45] user_id=1 urządzenia=android:1,ios:0
Tytuł: Nowy skarb w Twojej okolicy
Treść: TEST skarb okolica
Dane: {"url":"http:\/\/localhost\/ridemore\/odkrycia"}
------------------------------------------------------------

[2026-09-05 14:44:45] user_id=1 urządzenia=android:1,ios:0
Tytuł: Nowy skarb w Twojej okolicy
Treść: Coś ciekawego czeka w Twojej okolicy — sprawdź mapę.
Dane: {"url":"http:\/\/localhost\/ridemore\/odkrycia"}
------------------------------------------------------------

[2026-09-05 17:39:34] user_id=1 urządzenia=android:1,ios:0
Tytuł: TEST tytuł
Treść: TEST treść
Dane: []
------------------------------------------------------------

[2026-09-05 17:39:34] user_id=1 urządzenia=android:1,ios:0
Tytuł: Ktoś dołączył do Twojego wyjazdu
Treść: TEST wyjazd push
Dane: {"url":"http:\/\/localhost\/ridemore\/admin"}
------------------------------------------------------------

[2026-09-05 17:39:34] user_id=2 urządzenia=android:1,ios:0
Tytuł: Nowa wiadomość
Treść: Masz nową wiadomość na Ridemore.
Dane: {"url":"http:\/\/localhost\/ridemore\/wiadomosci\/164"}
------------------------------------------------------------

[2026-09-05 17:39:34] user_id=1 urządzenia=android:1,ios:0
Tytuł: Ktoś dołączył do Twojego wyjazdu
Treść: TEST grupa push
Dane: {"url":"http:\/\/localhost\/ridemore\/admin"}
------------------------------------------------------------

[2026-09-05 17:39:34] user_id=1 urządzenia=android:1,ios:0
Tytuł: Nowa wiadomość — TEST grupa push
Treść: Sprawdź kanał grupowy wyjazdu.
Dane: {"url":"http:\/\/localhost\/ridemore\/wiadomosci\/grupa\/578"}
------------------------------------------------------------

[2026-09-05 17:39:34] user_id=1 urządzenia=android:1,ios:0
Tytuł: Nowy skarb w Twojej okolicy
Treść: TEST skarb okolica
Dane: {"url":"http:\/\/localhost\/ridemore\/odkrycia"}
------------------------------------------------------------

[2026-09-05 17:39:34] user_id=1 urządzenia=android:1,ios:0
Tytuł: Nowy skarb w Twojej okolicy
Treść: Coś ciekawego czeka w Twojej okolicy — sprawdź mapę.
Dane: {"url":"http:\/\/localhost\/ridemore\/odkrycia"}
------------------------------------------------------------

[2026-09-05 17:53:23] user_id=1 urządzenia=android:1,ios:0
Tytuł: TEST tytuł
Treść: TEST treść
Dane: []
------------------------------------------------------------

[2026-09-05 17:53:23] user_id=1 urządzenia=android:1,ios:0
Tytuł: Ktoś dołączył do Twojego wyjazdu
Treść: TEST wyjazd push
Dane: {"url":"http:\/\/localhost\/ridemore\/admin"}
------------------------------------------------------------

[2026-09-05 17:53:23] user_id=2 urządzenia=android:1,ios:0
Tytuł: Nowa wiadomość
Treść: Masz nową wiadomość na Ridemore.
Dane: {"url":"http:\/\/localhost\/ridemore\/wiadomosci\/165"}
------------------------------------------------------------

[2026-09-05 17:53:23] user_id=1 urządzenia=android:1,ios:0
Tytuł: Ktoś dołączył do Twojego wyjazdu
Treść: TEST grupa push
Dane: {"url":"http:\/\/localhost\/ridemore\/admin"}
------------------------------------------------------------

[2026-09-05 17:53:23] user_id=1 urządzenia=android:1,ios:0
Tytuł: Nowa wiadomość — TEST grupa push
Treść: Sprawdź kanał grupowy wyjazdu.
Dane: {"url":"http:\/\/localhost\/ridemore\/wiadomosci\/grupa\/581"}
------------------------------------------------------------

[2026-09-05 17:53:23] user_id=1 urządzenia=android:1,ios:0
Tytuł: Nowy skarb w Twojej okolicy
Treść: TEST skarb okolica
Dane: {"url":"http:\/\/localhost\/ridemore\/odkrycia"}
------------------------------------------------------------

[2026-09-05 17:53:23] user_id=1 urządzenia=android:1,ios:0
Tytuł: Nowy skarb w Twojej okolicy
Treść: Coś ciekawego czeka w Twojej okolicy — sprawdź mapę.
Dane: {"url":"http:\/\/localhost\/ridemore\/odkrycia"}
------------------------------------------------------------

[2026-09-05 17:56:30] user_id=1 urządzenia=android:1,ios:0
Tytuł: TEST tytuł
Treść: TEST treść
Dane: []
------------------------------------------------------------

[2026-09-05 17:56:30] user_id=1 urządzenia=android:1,ios:0
Tytuł: Ktoś dołączył do Twojego wyjazdu
Treść: TEST wyjazd push
Dane: {"url":"http:\/\/localhost\/ridemore\/admin"}
------------------------------------------------------------

[2026-09-05 17:56:30] user_id=2 urządzenia=android:1,ios:0
Tytuł: Nowa wiadomość
Treść: Masz nową wiadomość na Ridemore.
Dane: {"url":"http:\/\/localhost\/ridemore\/wiadomosci\/166"}
------------------------------------------------------------

[2026-09-05 17:56:30] user_id=1 urządzenia=android:1,ios:0
Tytuł: Ktoś dołączył do Twojego wyjazdu
Treść: TEST grupa push
Dane: {"url":"http:\/\/localhost\/ridemore\/admin"}
------------------------------------------------------------

[2026-09-05 17:56:30] user_id=1 urządzenia=android:1,ios:0
Tytuł: Nowa wiadomość — TEST grupa push
Treść: Sprawdź kanał grupowy wyjazdu.
Dane: {"url":"http:\/\/localhost\/ridemore\/wiadomosci\/grupa\/584"}
------------------------------------------------------------

[2026-09-05 17:56:30] user_id=1 urządzenia=android:1,ios:0
Tytuł: Nowy skarb w Twojej okolicy
Treść: TEST skarb okolica
Dane: {"url":"http:\/\/localhost\/ridemore\/odkrycia"}
------------------------------------------------------------

[2026-09-05 17:56:30] user_id=1 urządzenia=android:1,ios:0
Tytuł: Nowy skarb w Twojej okolicy
Treść: Coś ciekawego czeka w Twojej okolicy — sprawdź mapę.
Dane: {"url":"http:\/\/localhost\/ridemore\/odkrycia"}
------------------------------------------------------------

[2026-09-05 18:26:54] user_id=1 urządzenia=android:1,ios:0
Tytuł: TEST tytuł
Treść: TEST treść
Dane: []
------------------------------------------------------------

[2026-09-05 18:26:54] user_id=1 urządzenia=android:1,ios:0
Tytuł: Ktoś dołączył do Twojego wyjazdu
Treść: TEST wyjazd push
Dane: {"url":"http:\/\/localhost\/ridemore\/admin"}
------------------------------------------------------------

[2026-09-05 18:26:54] user_id=2 urządzenia=android:1,ios:0
Tytuł: Nowa wiadomość
Treść: Masz nową wiadomość na Ridemore.
Dane: {"url":"http:\/\/localhost\/ridemore\/wiadomosci\/167"}
------------------------------------------------------------

[2026-09-05 18:26:54] user_id=1 urządzenia=android:1,ios:0
Tytuł: Ktoś dołączył do Twojego wyjazdu
Treść: TEST grupa push
Dane: {"url":"http:\/\/localhost\/ridemore\/admin"}
------------------------------------------------------------

[2026-09-05 18:26:54] user_id=1 urządzenia=android:1,ios:0
Tytuł: Nowa wiadomość — TEST grupa push
Treść: Sprawdź kanał grupowy wyjazdu.
Dane: {"url":"http:\/\/localhost\/ridemore\/wiadomosci\/grupa\/587"}
------------------------------------------------------------

[2026-09-05 18:26:54] user_id=1 urządzenia=android:1,ios:0
Tytuł: Nowy skarb w Twojej okolicy
Treść: TEST skarb okolica
Dane: {"url":"http:\/\/localhost\/ridemore\/odkrycia"}
------------------------------------------------------------

[2026-09-05 18:26:54] user_id=1 urządzenia=android:1,ios:0
Tytuł: Nowy skarb w Twojej okolicy
Treść: Coś ciekawego czeka w Twojej okolicy — sprawdź mapę.
Dane: {"url":"http:\/\/localhost\/ridemore\/odkrycia"}
------------------------------------------------------------

[2026-09-05 18:28:47] user_id=1 urządzenia=android:1,ios:0
Tytuł: TEST tytuł
Treść: TEST treść
Dane: []
------------------------------------------------------------

[2026-09-05 18:28:47] user_id=1 urządzenia=android:1,ios:0
Tytuł: Ktoś dołączył do Twojego wyjazdu
Treść: TEST wyjazd push
Dane: {"url":"http:\/\/localhost\/ridemore\/admin"}
------------------------------------------------------------

[2026-09-05 18:28:47] user_id=2 urządzenia=android:1,ios:0
Tytuł: Nowa wiadomość
Treść: Masz nową wiadomość na Ridemore.
Dane: {"url":"http:\/\/localhost\/ridemore\/wiadomosci\/168"}
------------------------------------------------------------

[2026-09-05 18:28:47] user_id=1 urządzenia=android:1,ios:0
Tytuł: Ktoś dołączył do Twojego wyjazdu
Treść: TEST grupa push
Dane: {"url":"http:\/\/localhost\/ridemore\/admin"}
------------------------------------------------------------

[2026-09-05 18:28:47] user_id=1 urządzenia=android:1,ios:0
Tytuł: Nowa wiadomość — TEST grupa push
Treść: Sprawdź kanał grupowy wyjazdu.
Dane: {"url":"http:\/\/localhost\/ridemore\/wiadomosci\/grupa\/592"}
------------------------------------------------------------

[2026-09-05 18:28:47] user_id=1 urządzenia=android:1,ios:0
Tytuł: Nowy skarb w Twojej okolicy
Treść: TEST skarb okolica
Dane: {"url":"http:\/\/localhost\/ridemore\/odkrycia"}
------------------------------------------------------------

[2026-09-05 18:28:47] user_id=1 urządzenia=android:1,ios:0
Tytuł: Nowy skarb w Twojej okolicy
Treść: Coś ciekawego czeka w Twojej okolicy — sprawdź mapę.
Dane: {"url":"http:\/\/localhost\/ridemore\/odkrycia"}
------------------------------------------------------------

[2026-09-05 18:29:39] user_id=1 urządzenia=android:1,ios:0
Tytuł: TEST tytuł
Treść: TEST treść
Dane: []
------------------------------------------------------------

[2026-09-05 18:29:39] user_id=1 urządzenia=android:1,ios:0
Tytuł: Ktoś dołączył do Twojego wyjazdu
Treść: TEST wyjazd push
Dane: {"url":"http:\/\/localhost\/ridemore\/admin"}
------------------------------------------------------------

[2026-09-05 18:29:39] user_id=2 urządzenia=android:1,ios:0
Tytuł: Nowa wiadomość
Treść: Masz nową wiadomość na Ridemore.
Dane: {"url":"http:\/\/localhost\/ridemore\/wiadomosci\/169"}
------------------------------------------------------------

[2026-09-05 18:29:39] user_id=1 urządzenia=android:1,ios:0
Tytuł: Ktoś dołączył do Twojego wyjazdu
Treść: TEST grupa push
Dane: {"url":"http:\/\/localhost\/ridemore\/admin"}
------------------------------------------------------------

[2026-09-05 18:29:39] user_id=1 urządzenia=android:1,ios:0
Tytuł: Nowa wiadomość — TEST grupa push
Treść: Sprawdź kanał grupowy wyjazdu.
Dane: {"url":"http:\/\/localhost\/ridemore\/wiadomosci\/grupa\/596"}
------------------------------------------------------------

[2026-09-05 18:29:40] user_id=1 urządzenia=android:1,ios:0
Tytuł: Nowy skarb w Twojej okolicy
Treść: TEST skarb okolica
Dane: {"url":"http:\/\/localhost\/ridemore\/odkrycia"}
------------------------------------------------------------

[2026-09-05 18:29:40] user_id=1 urządzenia=android:1,ios:0
Tytuł: Nowy skarb w Twojej okolicy
Treść: Coś ciekawego czeka w Twojej okolicy — sprawdź mapę.
Dane: {"url":"http:\/\/localhost\/ridemore\/odkrycia"}
------------------------------------------------------------

[2026-09-05 18:35:45] user_id=1 urządzenia=android:1,ios:0
Tytuł: TEST tytuł
Treść: TEST treść
Dane: []
------------------------------------------------------------

[2026-09-05 18:35:45] user_id=1 urządzenia=android:1,ios:0
Tytuł: Ktoś dołączył do Twojego wyjazdu
Treść: TEST wyjazd push
Dane: {"url":"http:\/\/localhost\/ridemore\/admin"}
------------------------------------------------------------

[2026-09-05 18:35:45] user_id=2 urządzenia=android:1,ios:0
Tytuł: Nowa wiadomość
Treść: Masz nową wiadomość na Ridemore.
Dane: {"url":"http:\/\/localhost\/ridemore\/wiadomosci\/170"}
------------------------------------------------------------

[2026-09-05 18:35:45] user_id=1 urządzenia=android:1,ios:0
Tytuł: Ktoś dołączył do Twojego wyjazdu
Treść: TEST grupa push
Dane: {"url":"http:\/\/localhost\/ridemore\/admin"}
------------------------------------------------------------

[2026-09-05 18:35:45] user_id=1 urządzenia=android:1,ios:0
Tytuł: Nowa wiadomość — TEST grupa push
Treść: Sprawdź kanał grupowy wyjazdu.
Dane: {"url":"http:\/\/localhost\/ridemore\/wiadomosci\/grupa\/600"}
------------------------------------------------------------

[2026-09-05 18:35:46] user_id=1 urządzenia=android:1,ios:0
Tytuł: Nowy skarb w Twojej okolicy
Treść: TEST skarb okolica
Dane: {"url":"http:\/\/localhost\/ridemore\/odkrycia"}
------------------------------------------------------------

[2026-09-05 18:35:46] user_id=1 urządzenia=android:1,ios:0
Tytuł: Nowy skarb w Twojej okolicy
Treść: Coś ciekawego czeka w Twojej okolicy — sprawdź mapę.
Dane: {"url":"http:\/\/localhost\/ridemore\/odkrycia"}
------------------------------------------------------------

[2026-09-05 18:39:03] user_id=1 urządzenia=android:1,ios:0
Tytuł: TEST tytuł
Treść: TEST treść
Dane: []
------------------------------------------------------------

[2026-09-05 18:39:03] user_id=1 urządzenia=android:1,ios:0
Tytuł: Ktoś dołączył do Twojego wyjazdu
Treść: TEST wyjazd push
Dane: {"url":"http:\/\/localhost\/ridemore\/admin"}
------------------------------------------------------------

[2026-09-05 18:39:03] user_id=2 urządzenia=android:1,ios:0
Tytuł: Nowa wiadomość
Treść: Masz nową wiadomość na Ridemore.
Dane: {"url":"http:\/\/localhost\/ridemore\/wiadomosci\/171"}
------------------------------------------------------------

[2026-09-05 18:39:03] user_id=1 urządzenia=android:1,ios:0
Tytuł: Ktoś dołączył do Twojego wyjazdu
Treść: TEST grupa push
Dane: {"url":"http:\/\/localhost\/ridemore\/admin"}
------------------------------------------------------------

[2026-09-05 18:39:03] user_id=1 urządzenia=android:1,ios:0
Tytuł: Nowa wiadomość — TEST grupa push
Treść: Sprawdź kanał grupowy wyjazdu.
Dane: {"url":"http:\/\/localhost\/ridemore\/wiadomosci\/grupa\/604"}
------------------------------------------------------------

[2026-09-05 18:39:03] user_id=1 urządzenia=android:1,ios:0
Tytuł: Nowy skarb w Twojej okolicy
Treść: TEST skarb okolica
Dane: {"url":"http:\/\/localhost\/ridemore\/odkrycia"}
------------------------------------------------------------

[2026-09-05 18:39:03] user_id=1 urządzenia=android:1,ios:0
Tytuł: Nowy skarb w Twojej okolicy
Treść: Coś ciekawego czeka w Twojej okolicy — sprawdź mapę.
Dane: {"url":"http:\/\/localhost\/ridemore\/odkrycia"}
------------------------------------------------------------

[2026-09-05 18:49:27] user_id=1 urządzenia=android:1,ios:0
Tytuł: TEST tytuł
Treść: TEST treść
Dane: []
------------------------------------------------------------

[2026-09-05 18:49:27] user_id=1 urządzenia=android:1,ios:0
Tytuł: Ktoś dołączył do Twojego wyjazdu
Treść: TEST wyjazd push
Dane: {"url":"http:\/\/localhost\/ridemore\/admin"}
------------------------------------------------------------

[2026-09-05 18:49:27] user_id=2 urządzenia=android:1,ios:0
Tytuł: Nowa wiadomość
Treść: Masz nową wiadomość na Ridemore.
Dane: {"url":"http:\/\/localhost\/ridemore\/wiadomosci\/172"}
------------------------------------------------------------

[2026-09-05 18:49:27] user_id=1 urządzenia=android:1,ios:0
Tytuł: Ktoś dołączył do Twojego wyjazdu
Treść: TEST grupa push
Dane: {"url":"http:\/\/localhost\/ridemore\/admin"}
------------------------------------------------------------

[2026-09-05 18:49:27] user_id=1 urządzenia=android:1,ios:0
Tytuł: Nowa wiadomość — TEST grupa push
Treść: Sprawdź kanał grupowy wyjazdu.
Dane: {"url":"http:\/\/localhost\/ridemore\/wiadomosci\/grupa\/608"}
------------------------------------------------------------

[2026-09-05 18:49:27] user_id=1 urządzenia=android:1,ios:0
Tytuł: Nowy skarb w Twojej okolicy
Treść: TEST skarb okolica
Dane: {"url":"http:\/\/localhost\/ridemore\/odkrycia"}
------------------------------------------------------------

[2026-09-05 18:49:27] user_id=1 urządzenia=android:1,ios:0
Tytuł: Nowy skarb w Twojej okolicy
Treść: Coś ciekawego czeka w Twojej okolicy — sprawdź mapę.
Dane: {"url":"http:\/\/localhost\/ridemore\/odkrycia"}
------------------------------------------------------------

[2026-09-05 18:53:04] user_id=1 urządzenia=android:1,ios:0
Tytuł: TEST tytuł
Treść: TEST treść
Dane: []
------------------------------------------------------------

[2026-09-05 18:53:04] user_id=1 urządzenia=android:1,ios:0
Tytuł: Ktoś dołączył do Twojego wyjazdu
Treść: TEST wyjazd push
Dane: {"url":"http:\/\/localhost\/ridemore\/admin"}
------------------------------------------------------------

[2026-09-05 18:53:04] user_id=2 urządzenia=android:1,ios:0
Tytuł: Nowa wiadomość
Treść: Masz nową wiadomość na Ridemore.
Dane: {"url":"http:\/\/localhost\/ridemore\/wiadomosci\/173"}
------------------------------------------------------------

[2026-09-05 18:53:04] user_id=1 urządzenia=android:1,ios:0
Tytuł: Ktoś dołączył do Twojego wyjazdu
Treść: TEST grupa push
Dane: {"url":"http:\/\/localhost\/ridemore\/admin"}
------------------------------------------------------------

[2026-09-05 18:53:05] user_id=1 urządzenia=android:1,ios:0
Tytuł: Nowa wiadomość — TEST grupa push
Treść: Sprawdź kanał grupowy wyjazdu.
Dane: {"url":"http:\/\/localhost\/ridemore\/wiadomosci\/grupa\/612"}
------------------------------------------------------------

[2026-09-05 18:53:05] user_id=1 urządzenia=android:1,ios:0
Tytuł: Nowy skarb w Twojej okolicy
Treść: TEST skarb okolica
Dane: {"url":"http:\/\/localhost\/ridemore\/odkrycia"}
------------------------------------------------------------

[2026-09-05 18:53:05] user_id=1 urządzenia=android:1,ios:0
Tytuł: Nowy skarb w Twojej okolicy
Treść: Coś ciekawego czeka w Twojej okolicy — sprawdź mapę.
Dane: {"url":"http:\/\/localhost\/ridemore\/odkrycia"}
------------------------------------------------------------

[2026-09-05 18:58:59] user_id=1 urządzenia=android:1,ios:0
Tytuł: TEST tytuł
Treść: TEST treść
Dane: []
------------------------------------------------------------

[2026-09-05 18:58:59] user_id=1 urządzenia=android:1,ios:0
Tytuł: Ktoś dołączył do Twojego wyjazdu
Treść: TEST wyjazd push
Dane: {"url":"http:\/\/localhost\/ridemore\/admin"}
------------------------------------------------------------

[2026-09-05 18:58:59] user_id=2 urządzenia=android:1,ios:0
Tytuł: Nowa wiadomość
Treść: Masz nową wiadomość na Ridemore.
Dane: {"url":"http:\/\/localhost\/ridemore\/wiadomosci\/174"}
------------------------------------------------------------

[2026-09-05 18:58:59] user_id=1 urządzenia=android:1,ios:0
Tytuł: Ktoś dołączył do Twojego wyjazdu
Treść: TEST grupa push
Dane: {"url":"http:\/\/localhost\/ridemore\/admin"}
------------------------------------------------------------

[2026-09-05 18:58:59] user_id=1 urządzenia=android:1,ios:0
Tytuł: Nowa wiadomość — TEST grupa push
Treść: Sprawdź kanał grupowy wyjazdu.
Dane: {"url":"http:\/\/localhost\/ridemore\/wiadomosci\/grupa\/616"}
------------------------------------------------------------

[2026-09-05 18:58:59] user_id=1 urządzenia=android:1,ios:0
Tytuł: Nowy skarb w Twojej okolicy
Treść: TEST skarb okolica
Dane: {"url":"http:\/\/localhost\/ridemore\/odkrycia"}
------------------------------------------------------------

[2026-09-05 18:58:59] user_id=1 urządzenia=android:1,ios:0
Tytuł: Nowy skarb w Twojej okolicy
Treść: Coś ciekawego czeka w Twojej okolicy — sprawdź mapę.
Dane: {"url":"http:\/\/localhost\/ridemore\/odkrycia"}
------------------------------------------------------------

[2026-09-05 19:02:10] user_id=1 urządzenia=android:1,ios:0
Tytuł: TEST tytuł
Treść: TEST treść
Dane: []
------------------------------------------------------------

[2026-09-05 19:02:10] user_id=1 urządzenia=android:1,ios:0
Tytuł: Ktoś dołączył do Twojego wyjazdu
Treść: TEST wyjazd push
Dane: {"url":"http:\/\/localhost\/ridemore\/admin"}
------------------------------------------------------------

[2026-09-05 19:02:10] user_id=2 urządzenia=android:1,ios:0
Tytuł: Nowa wiadomość
Treść: Masz nową wiadomość na Ridemore.
Dane: {"url":"http:\/\/localhost\/ridemore\/wiadomosci\/175"}
------------------------------------------------------------

[2026-09-05 19:02:10] user_id=1 urządzenia=android:1,ios:0
Tytuł: Ktoś dołączył do Twojego wyjazdu
Treść: TEST grupa push
Dane: {"url":"http:\/\/localhost\/ridemore\/admin"}
------------------------------------------------------------

[2026-09-05 19:02:10] user_id=1 urządzenia=android:1,ios:0
Tytuł: Nowa wiadomość — TEST grupa push
Treść: Sprawdź kanał grupowy wyjazdu.
Dane: {"url":"http:\/\/localhost\/ridemore\/wiadomosci\/grupa\/620"}
------------------------------------------------------------

[2026-09-05 19:02:10] user_id=1 urządzenia=android:1,ios:0
Tytuł: Nowy skarb w Twojej okolicy
Treść: TEST skarb okolica
Dane: {"url":"http:\/\/localhost\/ridemore\/odkrycia"}
------------------------------------------------------------

[2026-09-05 19:02:10] user_id=1 urządzenia=android:1,ios:0
Tytuł: Nowy skarb w Twojej okolicy
Treść: Coś ciekawego czeka w Twojej okolicy — sprawdź mapę.
Dane: {"url":"http:\/\/localhost\/ridemore\/odkrycia"}
------------------------------------------------------------

[2026-09-05 19:16:39] user_id=1 urządzenia=android:1,ios:0
Tytuł: TEST tytuł
Treść: TEST treść
Dane: []
------------------------------------------------------------

[2026-09-05 19:16:39] user_id=1 urządzenia=android:1,ios:0
Tytuł: Ktoś dołączył do Twojego wyjazdu
Treść: TEST wyjazd push
Dane: {"url":"http:\/\/localhost\/ridemore\/admin"}
------------------------------------------------------------

[2026-09-05 19:16:39] user_id=2 urządzenia=android:1,ios:0
Tytuł: Nowa wiadomość
Treść: Masz nową wiadomość na Ridemore.
Dane: {"url":"http:\/\/localhost\/ridemore\/wiadomosci\/176"}
------------------------------------------------------------

[2026-09-05 19:16:39] user_id=1 urządzenia=android:1,ios:0
Tytuł: Ktoś dołączył do Twojego wyjazdu
Treść: TEST grupa push
Dane: {"url":"http:\/\/localhost\/ridemore\/admin"}
------------------------------------------------------------

[2026-09-05 19:16:39] user_id=1 urządzenia=android:1,ios:0
Tytuł: Nowa wiadomość — TEST grupa push
Treść: Sprawdź kanał grupowy wyjazdu.
Dane: {"url":"http:\/\/localhost\/ridemore\/wiadomosci\/grupa\/624"}
------------------------------------------------------------

[2026-09-05 19:16:39] user_id=1 urządzenia=android:1,ios:0
Tytuł: Nowy skarb w Twojej okolicy
Treść: TEST skarb okolica
Dane: {"url":"http:\/\/localhost\/ridemore\/odkrycia"}
------------------------------------------------------------

[2026-09-05 19:16:39] user_id=1 urządzenia=android:1,ios:0
Tytuł: Nowy skarb w Twojej okolicy
Treść: Coś ciekawego czeka w Twojej okolicy — sprawdź mapę.
Dane: {"url":"http:\/\/localhost\/ridemore\/odkrycia"}
------------------------------------------------------------

[2026-09-05 20:10:51] user_id=1 urządzenia=android:1,ios:0
Tytuł: TEST tytuł
Treść: TEST treść
Dane: []
------------------------------------------------------------

[2026-09-05 20:10:51] user_id=1 urządzenia=android:1,ios:0
Tytuł: Ktoś dołączył do Twojego wyjazdu
Treść: TEST wyjazd push
Dane: {"url":"http:\/\/localhost\/ridemore\/admin"}
------------------------------------------------------------

[2026-09-05 20:10:51] user_id=2 urządzenia=android:1,ios:0
Tytuł: Nowa wiadomość
Treść: Masz nową wiadomość na Ridemore.
Dane: {"url":"http:\/\/localhost\/ridemore\/wiadomosci\/177"}
------------------------------------------------------------

[2026-09-05 20:10:51] user_id=1 urządzenia=android:1,ios:0
Tytuł: Ktoś dołączył do Twojego wyjazdu
Treść: TEST grupa push
Dane: {"url":"http:\/\/localhost\/ridemore\/admin"}
------------------------------------------------------------

[2026-09-05 20:10:51] user_id=1 urządzenia=android:1,ios:0
Tytuł: Nowa wiadomość — TEST grupa push
Treść: Sprawdź kanał grupowy wyjazdu.
Dane: {"url":"http:\/\/localhost\/ridemore\/wiadomosci\/grupa\/628"}
------------------------------------------------------------

[2026-09-05 20:10:51] user_id=1 urządzenia=android:1,ios:0
Tytuł: Nowy skarb w Twojej okolicy
Treść: TEST skarb okolica
Dane: {"url":"http:\/\/localhost\/ridemore\/odkrycia"}
------------------------------------------------------------

[2026-09-05 20:10:52] user_id=1 urządzenia=android:1,ios:0
Tytuł: Nowy skarb w Twojej okolicy
Treść: Coś ciekawego czeka w Twojej okolicy — sprawdź mapę.
Dane: {"url":"http:\/\/localhost\/ridemore\/odkrycia"}
------------------------------------------------------------

[2026-09-05 20:16:03] user_id=1 urządzenia=android:1,ios:0
Tytuł: TEST tytuł
Treść: TEST treść
Dane: []
------------------------------------------------------------

[2026-09-05 20:16:04] user_id=1 urządzenia=android:1,ios:0
Tytuł: Ktoś dołączył do Twojego wyjazdu
Treść: TEST wyjazd push
Dane: {"url":"http:\/\/localhost\/ridemore\/admin"}
------------------------------------------------------------

[2026-09-05 20:16:04] user_id=2 urządzenia=android:1,ios:0
Tytuł: Nowa wiadomość
Treść: Masz nową wiadomość na Ridemore.
Dane: {"url":"http:\/\/localhost\/ridemore\/wiadomosci\/178"}
------------------------------------------------------------

[2026-09-05 20:16:04] user_id=1 urządzenia=android:1,ios:0
Tytuł: Ktoś dołączył do Twojego wyjazdu
Treść: TEST grupa push
Dane: {"url":"http:\/\/localhost\/ridemore\/admin"}
------------------------------------------------------------

[2026-09-05 20:16:04] user_id=1 urządzenia=android:1,ios:0
Tytuł: Nowa wiadomość — TEST grupa push
Treść: Sprawdź kanał grupowy wyjazdu.
Dane: {"url":"http:\/\/localhost\/ridemore\/wiadomosci\/grupa\/632"}
------------------------------------------------------------

[2026-09-05 20:16:04] user_id=1 urządzenia=android:1,ios:0
Tytuł: Nowy skarb w Twojej okolicy
Treść: TEST skarb okolica
Dane: {"url":"http:\/\/localhost\/ridemore\/odkrycia"}
------------------------------------------------------------

[2026-09-05 20:16:04] user_id=1 urządzenia=android:1,ios:0
Tytuł: Nowy skarb w Twojej okolicy
Treść: Coś ciekawego czeka w Twojej okolicy — sprawdź mapę.
Dane: {"url":"http:\/\/localhost\/ridemore\/odkrycia"}
------------------------------------------------------------

[2026-09-05 20:23:38] user_id=1 urządzenia=android:1,ios:0
Tytuł: TEST tytuł
Treść: TEST treść
Dane: []
------------------------------------------------------------

[2026-09-05 20:23:38] user_id=1 urządzenia=android:1,ios:0
Tytuł: Ktoś dołączył do Twojego wyjazdu
Treść: TEST wyjazd push
Dane: {"url":"http:\/\/localhost\/ridemore\/admin"}
------------------------------------------------------------

[2026-09-05 20:23:38] user_id=2 urządzenia=android:1,ios:0
Tytuł: Nowa wiadomość
Treść: Masz nową wiadomość na Ridemore.
Dane: {"url":"http:\/\/localhost\/ridemore\/wiadomosci\/179"}
------------------------------------------------------------

[2026-09-05 20:23:38] user_id=1 urządzenia=android:1,ios:0
Tytuł: Ktoś dołączył do Twojego wyjazdu
Treść: TEST grupa push
Dane: {"url":"http:\/\/localhost\/ridemore\/admin"}
------------------------------------------------------------

[2026-09-05 20:23:38] user_id=1 urządzenia=android:1,ios:0
Tytuł: Nowa wiadomość — TEST grupa push
Treść: Sprawdź kanał grupowy wyjazdu.
Dane: {"url":"http:\/\/localhost\/ridemore\/wiadomosci\/grupa\/636"}
------------------------------------------------------------

[2026-09-05 20:23:38] user_id=1 urządzenia=android:1,ios:0
Tytuł: Nowy skarb w Twojej okolicy
Treść: TEST skarb okolica
Dane: {"url":"http:\/\/localhost\/ridemore\/odkrycia"}
------------------------------------------------------------

[2026-09-05 20:23:39] user_id=1 urządzenia=android:1,ios:0
Tytuł: Nowy skarb w Twojej okolicy
Treść: Coś ciekawego czeka w Twojej okolicy — sprawdź mapę.
Dane: {"url":"http:\/\/localhost\/ridemore\/odkrycia"}
------------------------------------------------------------

[2026-09-05 21:24:13] user_id=1 urządzenia=android:1,ios:0
Tytuł: TEST tytuł
Treść: TEST treść
Dane: []
------------------------------------------------------------

[2026-09-05 21:24:13] user_id=1 urządzenia=android:1,ios:0
Tytuł: Ktoś dołączył do Twojego wyjazdu
Treść: TEST wyjazd push
Dane: {"url":"http:\/\/localhost\/ridemore\/admin"}
------------------------------------------------------------

[2026-09-05 21:24:13] user_id=2 urządzenia=android:1,ios:0
Tytuł: Nowa wiadomość
Treść: Masz nową wiadomość na Ridemore.
Dane: {"url":"http:\/\/localhost\/ridemore\/wiadomosci\/180"}
------------------------------------------------------------

[2026-09-05 21:24:13] user_id=1 urządzenia=android:1,ios:0
Tytuł: Ktoś dołączył do Twojego wyjazdu
Treść: TEST grupa push
Dane: {"url":"http:\/\/localhost\/ridemore\/admin"}
------------------------------------------------------------

[2026-09-05 21:24:13] user_id=1 urządzenia=android:1,ios:0
Tytuł: Nowa wiadomość — TEST grupa push
Treść: Sprawdź kanał grupowy wyjazdu.
Dane: {"url":"http:\/\/localhost\/ridemore\/wiadomosci\/grupa\/640"}
------------------------------------------------------------

[2026-09-05 21:24:14] user_id=1 urządzenia=android:1,ios:0
Tytuł: Nowy skarb w Twojej okolicy
Treść: TEST skarb okolica
Dane: {"url":"http:\/\/localhost\/ridemore\/odkrycia"}
------------------------------------------------------------

[2026-09-05 21:24:14] user_id=1 urządzenia=android:1,ios:0
Tytuł: Nowy skarb w Twojej okolicy
Treść: Coś ciekawego czeka w Twojej okolicy — sprawdź mapę.
Dane: {"url":"http:\/\/localhost\/ridemore\/odkrycia"}
------------------------------------------------------------

[2026-09-05 22:46:55] user_id=1 urządzenia=android:1,ios:0
Tytuł: TEST tytuł
Treść: TEST treść
Dane: []
------------------------------------------------------------

[2026-09-05 22:46:55] user_id=1 urządzenia=android:1,ios:0
Tytuł: Ktoś dołączył do Twojego wyjazdu
Treść: TEST wyjazd push
Dane: {"url":"http:\/\/localhost\/ridemore\/admin"}
------------------------------------------------------------

[2026-09-05 22:46:55] user_id=2 urządzenia=android:1,ios:0
Tytuł: Nowa wiadomość
Treść: Masz nową wiadomość na Ridemore.
Dane: {"url":"http:\/\/localhost\/ridemore\/wiadomosci\/181"}
------------------------------------------------------------

[2026-09-05 22:46:55] user_id=1 urządzenia=android:1,ios:0
Tytuł: Ktoś dołączył do Twojego wyjazdu
Treść: TEST grupa push
Dane: {"url":"http:\/\/localhost\/ridemore\/admin"}
------------------------------------------------------------

[2026-09-05 22:46:55] user_id=1 urządzenia=android:1,ios:0
Tytuł: Nowa wiadomość — TEST grupa push
Treść: Sprawdź kanał grupowy wyjazdu.
Dane: {"url":"http:\/\/localhost\/ridemore\/wiadomosci\/grupa\/644"}
------------------------------------------------------------

[2026-09-05 22:46:55] user_id=1 urządzenia=android:1,ios:0
Tytuł: Nowy skarb w Twojej okolicy
Treść: TEST skarb okolica
Dane: {"url":"http:\/\/localhost\/ridemore\/odkrycia"}
------------------------------------------------------------

[2026-09-05 22:46:55] user_id=1 urządzenia=android:1,ios:0
Tytuł: Nowy skarb w Twojej okolicy
Treść: Coś ciekawego czeka w Twojej okolicy — sprawdź mapę.
Dane: {"url":"http:\/\/localhost\/ridemore\/odkrycia"}
------------------------------------------------------------

[2026-09-05 22:47:47] user_id=1 urządzenia=android:1,ios:0
Tytuł: TEST tytuł
Treść: TEST treść
Dane: []
------------------------------------------------------------

[2026-09-05 22:47:47] user_id=1 urządzenia=android:1,ios:0
Tytuł: Ktoś dołączył do Twojego wyjazdu
Treść: TEST wyjazd push
Dane: {"url":"http:\/\/localhost\/ridemore\/admin"}
------------------------------------------------------------

[2026-09-05 22:47:47] user_id=2 urządzenia=android:1,ios:0
Tytuł: Nowa wiadomość
Treść: Masz nową wiadomość na Ridemore.
Dane: {"url":"http:\/\/localhost\/ridemore\/wiadomosci\/182"}
------------------------------------------------------------

[2026-09-05 22:47:47] user_id=1 urządzenia=android:1,ios:0
Tytuł: Ktoś dołączył do Twojego wyjazdu
Treść: TEST grupa push
Dane: {"url":"http:\/\/localhost\/ridemore\/admin"}
------------------------------------------------------------

[2026-09-05 22:47:47] user_id=1 urządzenia=android:1,ios:0
Tytuł: Nowa wiadomość — TEST grupa push
Treść: Sprawdź kanał grupowy wyjazdu.
Dane: {"url":"http:\/\/localhost\/ridemore\/wiadomosci\/grupa\/648"}
------------------------------------------------------------

[2026-09-05 22:47:48] user_id=1 urządzenia=android:1,ios:0
Tytuł: Nowy skarb w Twojej okolicy
Treść: TEST skarb okolica
Dane: {"url":"http:\/\/localhost\/ridemore\/odkrycia"}
------------------------------------------------------------

[2026-09-05 22:47:48] user_id=1 urządzenia=android:1,ios:0
Tytuł: Nowy skarb w Twojej okolicy
Treść: Coś ciekawego czeka w Twojej okolicy — sprawdź mapę.
Dane: {"url":"http:\/\/localhost\/ridemore\/odkrycia"}
------------------------------------------------------------

[2026-09-05 23:01:18] user_id=1 urządzenia=android:1,ios:0
Tytuł: TEST tytuł
Treść: TEST treść
Dane: []
------------------------------------------------------------

[2026-09-05 23:01:18] user_id=1 urządzenia=android:1,ios:0
Tytuł: Ktoś dołączył do Twojego wyjazdu
Treść: TEST wyjazd push
Dane: {"url":"http:\/\/localhost\/ridemore\/admin"}
------------------------------------------------------------

[2026-09-05 23:01:18] user_id=2 urządzenia=android:1,ios:0
Tytuł: Nowa wiadomość
Treść: Masz nową wiadomość na Ridemore.
Dane: {"url":"http:\/\/localhost\/ridemore\/wiadomosci\/183"}
------------------------------------------------------------

[2026-09-05 23:01:19] user_id=1 urządzenia=android:1,ios:0
Tytuł: Ktoś dołączył do Twojego wyjazdu
Treść: TEST grupa push
Dane: {"url":"http:\/\/localhost\/ridemore\/admin"}
------------------------------------------------------------

[2026-09-05 23:01:19] user_id=1 urządzenia=android:1,ios:0
Tytuł: Nowa wiadomość — TEST grupa push
Treść: Sprawdź kanał grupowy wyjazdu.
Dane: {"url":"http:\/\/localhost\/ridemore\/wiadomosci\/grupa\/652"}
------------------------------------------------------------

[2026-09-05 23:01:19] user_id=1 urządzenia=android:1,ios:0
Tytuł: Nowy skarb w Twojej okolicy
Treść: TEST skarb okolica
Dane: {"url":"http:\/\/localhost\/ridemore\/odkrycia"}
------------------------------------------------------------

[2026-09-05 23:01:19] user_id=1 urządzenia=android:1,ios:0
Tytuł: Nowy skarb w Twojej okolicy
Treść: Coś ciekawego czeka w Twojej okolicy — sprawdź mapę.
Dane: {"url":"http:\/\/localhost\/ridemore\/odkrycia"}
------------------------------------------------------------

[2026-09-05 23:14:01] user_id=1 urządzenia=android:1,ios:0
Tytuł: TEST tytuł
Treść: TEST treść
Dane: []
------------------------------------------------------------

[2026-09-05 23:14:01] user_id=1 urządzenia=android:1,ios:0
Tytuł: Ktoś dołączył do Twojego wyjazdu
Treść: TEST wyjazd push
Dane: {"url":"http:\/\/localhost\/ridemore\/admin"}
------------------------------------------------------------

[2026-09-05 23:14:01] user_id=2 urządzenia=android:1,ios:0
Tytuł: Nowa wiadomość
Treść: Masz nową wiadomość na Ridemore.
Dane: {"url":"http:\/\/localhost\/ridemore\/wiadomosci\/184"}
------------------------------------------------------------

[2026-09-05 23:14:01] user_id=1 urządzenia=android:1,ios:0
Tytuł: Ktoś dołączył do Twojego wyjazdu
Treść: TEST grupa push
Dane: {"url":"http:\/\/localhost\/ridemore\/admin"}
------------------------------------------------------------

[2026-09-05 23:14:01] user_id=1 urządzenia=android:1,ios:0
Tytuł: Nowa wiadomość — TEST grupa push
Treść: Sprawdź kanał grupowy wyjazdu.
Dane: {"url":"http:\/\/localhost\/ridemore\/wiadomosci\/grupa\/656"}
------------------------------------------------------------

[2026-09-05 23:14:02] user_id=1 urządzenia=android:1,ios:0
Tytuł: Nowy skarb w Twojej okolicy
Treść: TEST skarb okolica
Dane: {"url":"http:\/\/localhost\/ridemore\/odkrycia"}
------------------------------------------------------------

[2026-09-05 23:14:02] user_id=1 urządzenia=android:1,ios:0
Tytuł: Nowy skarb w Twojej okolicy
Treść: Coś ciekawego czeka w Twojej okolicy — sprawdź mapę.
Dane: {"url":"http:\/\/localhost\/ridemore\/odkrycia"}
------------------------------------------------------------

[2026-09-05 23:16:57] user_id=1 urządzenia=android:1,ios:0
Tytuł: TEST tytuł
Treść: TEST treść
Dane: []
------------------------------------------------------------

[2026-09-05 23:16:57] user_id=1 urządzenia=android:1,ios:0
Tytuł: Ktoś dołączył do Twojego wyjazdu
Treść: TEST wyjazd push
Dane: {"url":"http:\/\/localhost\/ridemore\/admin"}
------------------------------------------------------------

[2026-09-05 23:16:57] user_id=2 urządzenia=android:1,ios:0
Tytuł: Nowa wiadomość
Treść: Masz nową wiadomość na Ridemore.
Dane: {"url":"http:\/\/localhost\/ridemore\/wiadomosci\/185"}
------------------------------------------------------------

[2026-09-05 23:16:57] user_id=1 urządzenia=android:1,ios:0
Tytuł: Ktoś dołączył do Twojego wyjazdu
Treść: TEST grupa push
Dane: {"url":"http:\/\/localhost\/ridemore\/admin"}
------------------------------------------------------------

[2026-09-05 23:16:57] user_id=1 urządzenia=android:1,ios:0
Tytuł: Nowa wiadomość — TEST grupa push
Treść: Sprawdź kanał grupowy wyjazdu.
Dane: {"url":"http:\/\/localhost\/ridemore\/wiadomosci\/grupa\/660"}
------------------------------------------------------------

[2026-09-05 23:16:57] user_id=1 urządzenia=android:1,ios:0
Tytuł: Nowy skarb w Twojej okolicy
Treść: TEST skarb okolica
Dane: {"url":"http:\/\/localhost\/ridemore\/odkrycia"}
------------------------------------------------------------

[2026-09-05 23:16:57] user_id=1 urządzenia=android:1,ios:0
Tytuł: Nowy skarb w Twojej okolicy
Treść: Coś ciekawego czeka w Twojej okolicy — sprawdź mapę.
Dane: {"url":"http:\/\/localhost\/ridemore\/odkrycia"}
------------------------------------------------------------

[2026-09-07 17:55:03] user_id=1 urządzenia=android:1,ios:0
Tytuł: TEST tytuł
Treść: TEST treść
Dane: []
------------------------------------------------------------

[2026-09-07 17:55:03] user_id=1 urządzenia=android:1,ios:0
Tytuł: Ktoś dołączył do Twojego wyjazdu
Treść: TEST wyjazd push
Dane: {"url":"http:\/\/localhost\/ridemore\/admin"}
------------------------------------------------------------

[2026-09-07 17:55:03] user_id=2 urządzenia=android:1,ios:0
Tytuł: Nowa wiadomość
Treść: Masz nową wiadomość na Ridemore.
Dane: {"url":"http:\/\/localhost\/ridemore\/wiadomosci\/186"}
------------------------------------------------------------

[2026-09-07 17:55:03] user_id=1 urządzenia=android:1,ios:0
Tytuł: Ktoś dołączył do Twojego wyjazdu
Treść: TEST grupa push
Dane: {"url":"http:\/\/localhost\/ridemore\/admin"}
------------------------------------------------------------

[2026-09-07 17:55:03] user_id=1 urządzenia=android:1,ios:0
Tytuł: Nowa wiadomość — TEST grupa push
Treść: Sprawdź kanał grupowy wyjazdu.
Dane: {"url":"http:\/\/localhost\/ridemore\/wiadomosci\/grupa\/664"}
------------------------------------------------------------

[2026-09-07 17:55:04] user_id=1 urządzenia=android:1,ios:0
Tytuł: Nowy skarb w Twojej okolicy
Treść: TEST skarb okolica
Dane: {"url":"http:\/\/localhost\/ridemore\/odkrycia"}
------------------------------------------------------------

[2026-09-07 17:55:04] user_id=1 urządzenia=android:1,ios:0
Tytuł: Nowy skarb w Twojej okolicy
Treść: Coś ciekawego czeka w Twojej okolicy — sprawdź mapę.
Dane: {"url":"http:\/\/localhost\/ridemore\/odkrycia"}
------------------------------------------------------------

[2026-09-07 17:55:54] user_id=1 urządzenia=android:1,ios:0
Tytuł: TEST tytuł
Treść: TEST treść
Dane: []
------------------------------------------------------------

[2026-09-07 17:55:54] user_id=1 urządzenia=android:1,ios:0
Tytuł: Ktoś dołączył do Twojego wyjazdu
Treść: TEST wyjazd push
Dane: {"url":"http:\/\/localhost\/ridemore\/admin"}
------------------------------------------------------------

[2026-09-07 17:55:54] user_id=2 urządzenia=android:1,ios:0
Tytuł: Nowa wiadomość
Treść: Masz nową wiadomość na Ridemore.
Dane: {"url":"http:\/\/localhost\/ridemore\/wiadomosci\/187"}
------------------------------------------------------------

[2026-09-07 17:55:54] user_id=1 urządzenia=android:1,ios:0
Tytuł: Ktoś dołączył do Twojego wyjazdu
Treść: TEST grupa push
Dane: {"url":"http:\/\/localhost\/ridemore\/admin"}
------------------------------------------------------------

[2026-09-07 17:55:54] user_id=1 urządzenia=android:1,ios:0
Tytuł: Nowa wiadomość — TEST grupa push
Treść: Sprawdź kanał grupowy wyjazdu.
Dane: {"url":"http:\/\/localhost\/ridemore\/wiadomosci\/grupa\/668"}
------------------------------------------------------------

[2026-09-07 17:55:54] user_id=1 urządzenia=android:1,ios:0
Tytuł: Nowy skarb w Twojej okolicy
Treść: TEST skarb okolica
Dane: {"url":"http:\/\/localhost\/ridemore\/odkrycia"}
------------------------------------------------------------

[2026-09-07 17:55:54] user_id=1 urządzenia=android:1,ios:0
Tytuł: Nowy skarb w Twojej okolicy
Treść: Coś ciekawego czeka w Twojej okolicy — sprawdź mapę.
Dane: {"url":"http:\/\/localhost\/ridemore\/odkrycia"}
------------------------------------------------------------

[2026-09-07 18:12:54] user_id=1 urządzenia=android:1,ios:0
Tytuł: TEST tytuł
Treść: TEST treść
Dane: []
------------------------------------------------------------

[2026-09-07 18:12:54] user_id=1 urządzenia=android:1,ios:0
Tytuł: Ktoś dołączył do Twojego wyjazdu
Treść: TEST wyjazd push
Dane: {"url":"http:\/\/localhost\/ridemore\/admin"}
------------------------------------------------------------

[2026-09-07 18:12:54] user_id=2 urządzenia=android:1,ios:0
Tytuł: Nowa wiadomość
Treść: Masz nową wiadomość na Ridemore.
Dane: {"url":"http:\/\/localhost\/ridemore\/wiadomosci\/188"}
------------------------------------------------------------

[2026-09-07 18:12:54] user_id=1 urządzenia=android:1,ios:0
Tytuł: Ktoś dołączył do Twojego wyjazdu
Treść: TEST grupa push
Dane: {"url":"http:\/\/localhost\/ridemore\/admin"}
------------------------------------------------------------

[2026-09-07 18:12:54] user_id=1 urządzenia=android:1,ios:0
Tytuł: Nowa wiadomość — TEST grupa push
Treść: Sprawdź kanał grupowy wyjazdu.
Dane: {"url":"http:\/\/localhost\/ridemore\/wiadomosci\/grupa\/672"}
------------------------------------------------------------

[2026-09-07 18:12:54] user_id=1 urządzenia=android:1,ios:0
Tytuł: Nowy skarb w Twojej okolicy
Treść: TEST skarb okolica
Dane: {"url":"http:\/\/localhost\/ridemore\/odkrycia"}
------------------------------------------------------------

[2026-09-07 18:12:54] user_id=1 urządzenia=android:1,ios:0
Tytuł: Nowy skarb w Twojej okolicy
Treść: Coś ciekawego czeka w Twojej okolicy — sprawdź mapę.
Dane: {"url":"http:\/\/localhost\/ridemore\/odkrycia"}
------------------------------------------------------------

[2026-09-07 18:13:50] user_id=1 urządzenia=android:1,ios:0
Tytuł: TEST tytuł
Treść: TEST treść
Dane: []
------------------------------------------------------------

[2026-09-07 18:13:50] user_id=1 urządzenia=android:1,ios:0
Tytuł: Ktoś dołączył do Twojego wyjazdu
Treść: TEST wyjazd push
Dane: {"url":"http:\/\/localhost\/ridemore\/admin"}
------------------------------------------------------------

[2026-09-07 18:13:50] user_id=2 urządzenia=android:1,ios:0
Tytuł: Nowa wiadomość
Treść: Masz nową wiadomość na Ridemore.
Dane: {"url":"http:\/\/localhost\/ridemore\/wiadomosci\/189"}
------------------------------------------------------------

[2026-09-07 18:13:50] user_id=1 urządzenia=android:1,ios:0
Tytuł: Ktoś dołączył do Twojego wyjazdu
Treść: TEST grupa push
Dane: {"url":"http:\/\/localhost\/ridemore\/admin"}
------------------------------------------------------------

[2026-09-07 18:13:50] user_id=1 urządzenia=android:1,ios:0
Tytuł: Nowa wiadomość — TEST grupa push
Treść: Sprawdź kanał grupowy wyjazdu.
Dane: {"url":"http:\/\/localhost\/ridemore\/wiadomosci\/grupa\/676"}
------------------------------------------------------------

[2026-09-07 18:13:50] user_id=1 urządzenia=android:1,ios:0
Tytuł: Nowy skarb w Twojej okolicy
Treść: TEST skarb okolica
Dane: {"url":"http:\/\/localhost\/ridemore\/odkrycia"}
------------------------------------------------------------

[2026-09-07 18:13:50] user_id=1 urządzenia=android:1,ios:0
Tytuł: Nowy skarb w Twojej okolicy
Treść: Coś ciekawego czeka w Twojej okolicy — sprawdź mapę.
Dane: {"url":"http:\/\/localhost\/ridemore\/odkrycia"}
------------------------------------------------------------

[2026-09-07 18:14:49] user_id=1 urządzenia=android:1,ios:0
Tytuł: TEST tytuł
Treść: TEST treść
Dane: []
------------------------------------------------------------

[2026-09-07 18:14:49] user_id=1 urządzenia=android:1,ios:0
Tytuł: Ktoś dołączył do Twojego wyjazdu
Treść: TEST wyjazd push
Dane: {"url":"http:\/\/localhost\/ridemore\/admin"}
------------------------------------------------------------

[2026-09-07 18:14:49] user_id=2 urządzenia=android:1,ios:0
Tytuł: Nowa wiadomość
Treść: Masz nową wiadomość na Ridemore.
Dane: {"url":"http:\/\/localhost\/ridemore\/wiadomosci\/190"}
------------------------------------------------------------

[2026-09-07 18:14:49] user_id=1 urządzenia=android:1,ios:0
Tytuł: Ktoś dołączył do Twojego wyjazdu
Treść: TEST grupa push
Dane: {"url":"http:\/\/localhost\/ridemore\/admin"}
------------------------------------------------------------

[2026-09-07 18:14:49] user_id=1 urządzenia=android:1,ios:0
Tytuł: Nowa wiadomość — TEST grupa push
Treść: Sprawdź kanał grupowy wyjazdu.
Dane: {"url":"http:\/\/localhost\/ridemore\/wiadomosci\/grupa\/680"}
------------------------------------------------------------

[2026-09-07 18:14:49] user_id=1 urządzenia=android:1,ios:0
Tytuł: Nowy skarb w Twojej okolicy
Treść: TEST skarb okolica
Dane: {"url":"http:\/\/localhost\/ridemore\/odkrycia"}
------------------------------------------------------------

[2026-09-07 18:14:49] user_id=1 urządzenia=android:1,ios:0
Tytuł: Nowy skarb w Twojej okolicy
Treść: Coś ciekawego czeka w Twojej okolicy — sprawdź mapę.
Dane: {"url":"http:\/\/localhost\/ridemore\/odkrycia"}
------------------------------------------------------------

[2026-09-07 18:20:16] user_id=1 urządzenia=android:1,ios:0
Tytuł: TEST tytuł
Treść: TEST treść
Dane: []
------------------------------------------------------------

[2026-09-07 18:20:16] user_id=1 urządzenia=android:1,ios:0
Tytuł: Ktoś dołączył do Twojego wyjazdu
Treść: TEST wyjazd push
Dane: {"url":"http:\/\/localhost\/ridemore\/admin"}
------------------------------------------------------------

[2026-09-07 18:20:16] user_id=2 urządzenia=android:1,ios:0
Tytuł: Nowa wiadomość
Treść: Masz nową wiadomość na Ridemore.
Dane: {"url":"http:\/\/localhost\/ridemore\/wiadomosci\/191"}
------------------------------------------------------------

[2026-09-07 18:20:16] user_id=1 urządzenia=android:1,ios:0
Tytuł: Ktoś dołączył do Twojego wyjazdu
Treść: TEST grupa push
Dane: {"url":"http:\/\/localhost\/ridemore\/admin"}
------------------------------------------------------------

[2026-09-07 18:20:16] user_id=1 urządzenia=android:1,ios:0
Tytuł: Nowa wiadomość — TEST grupa push
Treść: Sprawdź kanał grupowy wyjazdu.
Dane: {"url":"http:\/\/localhost\/ridemore\/wiadomosci\/grupa\/684"}
------------------------------------------------------------

[2026-09-07 18:20:16] user_id=1 urządzenia=android:1,ios:0
Tytuł: Nowy skarb w Twojej okolicy
Treść: TEST skarb okolica
Dane: {"url":"http:\/\/localhost\/ridemore\/odkrycia"}
------------------------------------------------------------

[2026-09-07 18:20:16] user_id=1 urządzenia=android:1,ios:0
Tytuł: Nowy skarb w Twojej okolicy
Treść: Coś ciekawego czeka w Twojej okolicy — sprawdź mapę.
Dane: {"url":"http:\/\/localhost\/ridemore\/odkrycia"}
------------------------------------------------------------

[2026-09-07 18:23:57] user_id=1 urządzenia=android:1,ios:0
Tytuł: TEST tytuł
Treść: TEST treść
Dane: []
------------------------------------------------------------

[2026-09-07 18:23:58] user_id=1 urządzenia=android:1,ios:0
Tytuł: Ktoś dołączył do Twojego wyjazdu
Treść: TEST wyjazd push
Dane: {"url":"http:\/\/localhost\/ridemore\/admin"}
------------------------------------------------------------

[2026-09-07 18:23:58] user_id=2 urządzenia=android:1,ios:0
Tytuł: Nowa wiadomość
Treść: Masz nową wiadomość na Ridemore.
Dane: {"url":"http:\/\/localhost\/ridemore\/wiadomosci\/192"}
------------------------------------------------------------

[2026-09-07 18:23:58] user_id=1 urządzenia=android:1,ios:0
Tytuł: Ktoś dołączył do Twojego wyjazdu
Treść: TEST grupa push
Dane: {"url":"http:\/\/localhost\/ridemore\/admin"}
------------------------------------------------------------

[2026-09-07 18:23:58] user_id=1 urządzenia=android:1,ios:0
Tytuł: Nowa wiadomość — TEST grupa push
Treść: Sprawdź kanał grupowy wyjazdu.
Dane: {"url":"http:\/\/localhost\/ridemore\/wiadomosci\/grupa\/688"}
------------------------------------------------------------

[2026-09-07 18:23:58] user_id=1 urządzenia=android:1,ios:0
Tytuł: Nowy skarb w Twojej okolicy
Treść: TEST skarb okolica
Dane: {"url":"http:\/\/localhost\/ridemore\/odkrycia"}
------------------------------------------------------------

[2026-09-07 18:23:58] user_id=1 urządzenia=android:1,ios:0
Tytuł: Nowy skarb w Twojej okolicy
Treść: Coś ciekawego czeka w Twojej okolicy — sprawdź mapę.
Dane: {"url":"http:\/\/localhost\/ridemore\/odkrycia"}
------------------------------------------------------------

[2026-09-07 19:25:25] user_id=1 urządzenia=android:1,ios:0
Tytuł: TEST tytuł
Treść: TEST treść
Dane: []
------------------------------------------------------------

[2026-09-07 19:25:25] user_id=1 urządzenia=android:1,ios:0
Tytuł: Ktoś dołączył do Twojego wyjazdu
Treść: TEST wyjazd push
Dane: {"url":"http:\/\/localhost\/ridemore\/admin"}
------------------------------------------------------------

[2026-09-07 19:25:25] user_id=2 urządzenia=android:1,ios:0
Tytuł: Nowa wiadomość
Treść: Masz nową wiadomość na Ridemore.
Dane: {"url":"http:\/\/localhost\/ridemore\/wiadomosci\/193"}
------------------------------------------------------------

[2026-09-07 19:25:25] user_id=1 urządzenia=android:1,ios:0
Tytuł: Ktoś dołączył do Twojego wyjazdu
Treść: TEST grupa push
Dane: {"url":"http:\/\/localhost\/ridemore\/admin"}
------------------------------------------------------------

[2026-09-07 19:25:25] user_id=1 urządzenia=android:1,ios:0
Tytuł: Nowa wiadomość — TEST grupa push
Treść: Sprawdź kanał grupowy wyjazdu.
Dane: {"url":"http:\/\/localhost\/ridemore\/wiadomosci\/grupa\/692"}
------------------------------------------------------------

[2026-09-07 19:25:25] user_id=1 urządzenia=android:1,ios:0
Tytuł: Nowy skarb w Twojej okolicy
Treść: TEST skarb okolica
Dane: {"url":"http:\/\/localhost\/ridemore\/odkrycia"}
------------------------------------------------------------

[2026-09-07 19:25:25] user_id=1 urządzenia=android:1,ios:0
Tytuł: Nowy skarb w Twojej okolicy
Treść: Coś ciekawego czeka w Twojej okolicy — sprawdź mapę.
Dane: {"url":"http:\/\/localhost\/ridemore\/odkrycia"}
------------------------------------------------------------

[2026-09-07 19:26:22] user_id=1 urządzenia=android:1,ios:0
Tytuł: TEST tytuł
Treść: TEST treść
Dane: []
------------------------------------------------------------

[2026-09-07 19:26:22] user_id=1 urządzenia=android:1,ios:0
Tytuł: Ktoś dołączył do Twojego wyjazdu
Treść: TEST wyjazd push
Dane: {"url":"http:\/\/localhost\/ridemore\/admin"}
------------------------------------------------------------

[2026-09-07 19:26:22] user_id=2 urządzenia=android:1,ios:0
Tytuł: Nowa wiadomość
Treść: Masz nową wiadomość na Ridemore.
Dane: {"url":"http:\/\/localhost\/ridemore\/wiadomosci\/194"}
------------------------------------------------------------

[2026-09-07 19:26:22] user_id=1 urządzenia=android:1,ios:0
Tytuł: Ktoś dołączył do Twojego wyjazdu
Treść: TEST grupa push
Dane: {"url":"http:\/\/localhost\/ridemore\/admin"}
------------------------------------------------------------

[2026-09-07 19:26:22] user_id=1 urządzenia=android:1,ios:0
Tytuł: Nowa wiadomość — TEST grupa push
Treść: Sprawdź kanał grupowy wyjazdu.
Dane: {"url":"http:\/\/localhost\/ridemore\/wiadomosci\/grupa\/696"}
------------------------------------------------------------

[2026-09-07 19:26:22] user_id=1 urządzenia=android:1,ios:0
Tytuł: Nowy skarb w Twojej okolicy
Treść: TEST skarb okolica
Dane: {"url":"http:\/\/localhost\/ridemore\/odkrycia"}
------------------------------------------------------------

[2026-09-07 19:26:22] user_id=1 urządzenia=android:1,ios:0
Tytuł: Nowy skarb w Twojej okolicy
Treść: Coś ciekawego czeka w Twojej okolicy — sprawdź mapę.
Dane: {"url":"http:\/\/localhost\/ridemore\/odkrycia"}
------------------------------------------------------------

[2026-09-07 19:28:22] user_id=1 urządzenia=android:1,ios:0
Tytuł: TEST tytuł
Treść: TEST treść
Dane: []
------------------------------------------------------------

[2026-09-07 19:28:22] user_id=1 urządzenia=android:1,ios:0
Tytuł: Ktoś dołączył do Twojego wyjazdu
Treść: TEST wyjazd push
Dane: {"url":"http:\/\/localhost\/ridemore\/admin"}
------------------------------------------------------------

[2026-09-07 19:28:22] user_id=2 urządzenia=android:1,ios:0
Tytuł: Nowa wiadomość
Treść: Masz nową wiadomość na Ridemore.
Dane: {"url":"http:\/\/localhost\/ridemore\/wiadomosci\/195"}
------------------------------------------------------------

[2026-09-07 19:28:22] user_id=1 urządzenia=android:1,ios:0
Tytuł: Ktoś dołączył do Twojego wyjazdu
Treść: TEST grupa push
Dane: {"url":"http:\/\/localhost\/ridemore\/admin"}
------------------------------------------------------------

[2026-09-07 19:28:22] user_id=1 urządzenia=android:1,ios:0
Tytuł: Nowa wiadomość — TEST grupa push
Treść: Sprawdź kanał grupowy wyjazdu.
Dane: {"url":"http:\/\/localhost\/ridemore\/wiadomosci\/grupa\/700"}
------------------------------------------------------------

[2026-09-07 19:28:22] user_id=1 urządzenia=android:1,ios:0
Tytuł: Nowy skarb w Twojej okolicy
Treść: TEST skarb okolica
Dane: {"url":"http:\/\/localhost\/ridemore\/odkrycia"}
------------------------------------------------------------

[2026-09-07 19:28:22] user_id=1 urządzenia=android:1,ios:0
Tytuł: Nowy skarb w Twojej okolicy
Treść: Coś ciekawego czeka w Twojej okolicy — sprawdź mapę.
Dane: {"url":"http:\/\/localhost\/ridemore\/odkrycia"}
------------------------------------------------------------

[2026-09-07 21:31:38] user_id=1 urządzenia=android:1,ios:0
Tytuł: TEST tytuł
Treść: TEST treść
Dane: []
------------------------------------------------------------

[2026-09-07 21:31:38] user_id=1 urządzenia=android:1,ios:0
Tytuł: Ktoś dołączył do Twojego wyjazdu
Treść: TEST wyjazd push
Dane: {"url":"http:\/\/localhost\/ridemore\/admin"}
------------------------------------------------------------

[2026-09-07 21:31:38] user_id=2 urządzenia=android:1,ios:0
Tytuł: Nowa wiadomość
Treść: Masz nową wiadomość na Ridemore.
Dane: {"url":"http:\/\/localhost\/ridemore\/wiadomosci\/196"}
------------------------------------------------------------

[2026-09-07 21:31:38] user_id=1 urządzenia=android:1,ios:0
Tytuł: Ktoś dołączył do Twojego wyjazdu
Treść: TEST grupa push
Dane: {"url":"http:\/\/localhost\/ridemore\/admin"}
------------------------------------------------------------

[2026-09-07 21:31:38] user_id=1 urządzenia=android:1,ios:0
Tytuł: Nowa wiadomość — TEST grupa push
Treść: Sprawdź kanał grupowy wyjazdu.
Dane: {"url":"http:\/\/localhost\/ridemore\/wiadomosci\/grupa\/704"}
------------------------------------------------------------

[2026-09-07 21:31:38] user_id=1 urządzenia=android:1,ios:0
Tytuł: Nowy skarb w Twojej okolicy
Treść: TEST skarb okolica
Dane: {"url":"http:\/\/localhost\/ridemore\/odkrycia"}
------------------------------------------------------------

[2026-09-07 21:31:38] user_id=1 urządzenia=android:1,ios:0
Tytuł: Nowy skarb w Twojej okolicy
Treść: Coś ciekawego czeka w Twojej okolicy — sprawdź mapę.
Dane: {"url":"http:\/\/localhost\/ridemore\/odkrycia"}
------------------------------------------------------------

[2026-09-07 21:32:32] user_id=1 urządzenia=android:1,ios:0
Tytuł: TEST tytuł
Treść: TEST treść
Dane: []
------------------------------------------------------------

[2026-09-07 21:32:32] user_id=1 urządzenia=android:1,ios:0
Tytuł: Ktoś dołączył do Twojego wyjazdu
Treść: TEST wyjazd push
Dane: {"url":"http:\/\/localhost\/ridemore\/admin"}
------------------------------------------------------------

[2026-09-07 21:32:32] user_id=2 urządzenia=android:1,ios:0
Tytuł: Nowa wiadomość
Treść: Masz nową wiadomość na Ridemore.
Dane: {"url":"http:\/\/localhost\/ridemore\/wiadomosci\/197"}
------------------------------------------------------------

[2026-09-07 21:32:32] user_id=1 urządzenia=android:1,ios:0
Tytuł: Ktoś dołączył do Twojego wyjazdu
Treść: TEST grupa push
Dane: {"url":"http:\/\/localhost\/ridemore\/admin"}
------------------------------------------------------------

[2026-09-07 21:32:32] user_id=1 urządzenia=android:1,ios:0
Tytuł: Nowa wiadomość — TEST grupa push
Treść: Sprawdź kanał grupowy wyjazdu.
Dane: {"url":"http:\/\/localhost\/ridemore\/wiadomosci\/grupa\/708"}
------------------------------------------------------------

[2026-09-07 21:32:32] user_id=1 urządzenia=android:1,ios:0
Tytuł: Nowy skarb w Twojej okolicy
Treść: TEST skarb okolica
Dane: {"url":"http:\/\/localhost\/ridemore\/odkrycia"}
------------------------------------------------------------

[2026-09-07 21:32:32] user_id=1 urządzenia=android:1,ios:0
Tytuł: Nowy skarb w Twojej okolicy
Treść: Coś ciekawego czeka w Twojej okolicy — sprawdź mapę.
Dane: {"url":"http:\/\/localhost\/ridemore\/odkrycia"}
------------------------------------------------------------

[2026-09-07 21:33:29] user_id=1 urządzenia=android:1,ios:0
Tytuł: TEST tytuł
Treść: TEST treść
Dane: []
------------------------------------------------------------

[2026-09-07 21:33:29] user_id=1 urządzenia=android:1,ios:0
Tytuł: Ktoś dołączył do Twojego wyjazdu
Treść: TEST wyjazd push
Dane: {"url":"http:\/\/localhost\/ridemore\/admin"}
------------------------------------------------------------

[2026-09-07 21:33:29] user_id=2 urządzenia=android:1,ios:0
Tytuł: Nowa wiadomość
Treść: Masz nową wiadomość na Ridemore.
Dane: {"url":"http:\/\/localhost\/ridemore\/wiadomosci\/198"}
------------------------------------------------------------

[2026-09-07 21:33:29] user_id=1 urządzenia=android:1,ios:0
Tytuł: Ktoś dołączył do Twojego wyjazdu
Treść: TEST grupa push
Dane: {"url":"http:\/\/localhost\/ridemore\/admin"}
------------------------------------------------------------

[2026-09-07 21:33:29] user_id=1 urządzenia=android:1,ios:0
Tytuł: Nowa wiadomość — TEST grupa push
Treść: Sprawdź kanał grupowy wyjazdu.
Dane: {"url":"http:\/\/localhost\/ridemore\/wiadomosci\/grupa\/712"}
------------------------------------------------------------

[2026-09-07 21:33:30] user_id=1 urządzenia=android:1,ios:0
Tytuł: Nowy skarb w Twojej okolicy
Treść: TEST skarb okolica
Dane: {"url":"http:\/\/localhost\/ridemore\/odkrycia"}
------------------------------------------------------------

[2026-09-07 21:33:30] user_id=1 urządzenia=android:1,ios:0
Tytuł: Nowy skarb w Twojej okolicy
Treść: Coś ciekawego czeka w Twojej okolicy — sprawdź mapę.
Dane: {"url":"http:\/\/localhost\/ridemore\/odkrycia"}
------------------------------------------------------------

[2026-09-10 10:33:34] user_id=1 urządzenia=android:1,ios:0
Tytuł: TEST tytuł
Treść: TEST treść
Dane: []
------------------------------------------------------------

[2026-09-10 10:33:34] user_id=1 urządzenia=android:1,ios:0
Tytuł: Ktoś dołączył do Twojego wyjazdu
Treść: TEST wyjazd push
Dane: {"url":"http:\/\/localhost\/ridemore\/admin"}
------------------------------------------------------------

[2026-09-10 10:33:34] user_id=2 urządzenia=android:1,ios:0
Tytuł: Nowa wiadomość
Treść: Masz nową wiadomość na Ridemore.
Dane: {"url":"http:\/\/localhost\/ridemore\/wiadomosci\/199"}
------------------------------------------------------------

[2026-09-10 10:33:34] user_id=1 urządzenia=android:1,ios:0
Tytuł: Ktoś dołączył do Twojego wyjazdu
Treść: TEST grupa push
Dane: {"url":"http:\/\/localhost\/ridemore\/admin"}
------------------------------------------------------------

[2026-09-10 10:33:34] user_id=1 urządzenia=android:1,ios:0
Tytuł: Nowa wiadomość — TEST grupa push
Treść: Sprawdź kanał grupowy wyjazdu.
Dane: {"url":"http:\/\/localhost\/ridemore\/wiadomosci\/grupa\/715"}
------------------------------------------------------------

[2026-09-10 10:33:34] user_id=1 urządzenia=android:1,ios:0
Tytuł: Nowy skarb w Twojej okolicy
Treść: TEST skarb okolica
Dane: {"url":"http:\/\/localhost\/ridemore\/odkrycia"}
------------------------------------------------------------

[2026-09-10 10:33:34] user_id=1 urządzenia=android:1,ios:0
Tytuł: Nowy skarb w Twojej okolicy
Treść: Coś ciekawego czeka w Twojej okolicy — sprawdź mapę.
Dane: {"url":"http:\/\/localhost\/ridemore\/odkrycia"}
------------------------------------------------------------

[2026-09-10 10:34:29] user_id=1 urządzenia=android:1,ios:0
Tytuł: TEST tytuł
Treść: TEST treść
Dane: []
------------------------------------------------------------

[2026-09-10 10:34:29] user_id=1 urządzenia=android:1,ios:0
Tytuł: Ktoś dołączył do Twojego wyjazdu
Treść: TEST wyjazd push
Dane: {"url":"http:\/\/localhost\/ridemore\/admin"}
------------------------------------------------------------

[2026-09-10 10:34:29] user_id=2 urządzenia=android:1,ios:0
Tytuł: Nowa wiadomość
Treść: Masz nową wiadomość na Ridemore.
Dane: {"url":"http:\/\/localhost\/ridemore\/wiadomosci\/200"}
------------------------------------------------------------

[2026-09-10 10:34:29] user_id=1 urządzenia=android:1,ios:0
Tytuł: Ktoś dołączył do Twojego wyjazdu
Treść: TEST grupa push
Dane: {"url":"http:\/\/localhost\/ridemore\/admin"}
------------------------------------------------------------

[2026-09-10 10:34:29] user_id=1 urządzenia=android:1,ios:0
Tytuł: Nowa wiadomość — TEST grupa push
Treść: Sprawdź kanał grupowy wyjazdu.
Dane: {"url":"http:\/\/localhost\/ridemore\/wiadomosci\/grupa\/719"}
------------------------------------------------------------

[2026-09-10 10:34:29] user_id=1 urządzenia=android:1,ios:0
Tytuł: Nowy skarb w Twojej okolicy
Treść: TEST skarb okolica
Dane: {"url":"http:\/\/localhost\/ridemore\/odkrycia"}
------------------------------------------------------------

[2026-09-10 10:34:29] user_id=1 urządzenia=android:1,ios:0
Tytuł: Nowy skarb w Twojej okolicy
Treść: Coś ciekawego czeka w Twojej okolicy — sprawdź mapę.
Dane: {"url":"http:\/\/localhost\/ridemore\/odkrycia"}
------------------------------------------------------------

[2026-09-10 11:31:34] user_id=1 urządzenia=android:1,ios:0
Tytuł: TEST tytuł
Treść: TEST treść
Dane: []
------------------------------------------------------------

[2026-09-10 11:31:34] user_id=1 urządzenia=android:1,ios:0
Tytuł: Ktoś dołączył do Twojego wyjazdu
Treść: TEST wyjazd push
Dane: {"url":"http:\/\/localhost\/ridemore\/admin"}
------------------------------------------------------------

[2026-09-10 11:31:34] user_id=2 urządzenia=android:1,ios:0
Tytuł: Nowa wiadomość
Treść: Masz nową wiadomość na Ridemore.
Dane: {"url":"http:\/\/localhost\/ridemore\/wiadomosci\/201"}
------------------------------------------------------------

[2026-09-10 11:31:34] user_id=1 urządzenia=android:1,ios:0
Tytuł: Ktoś dołączył do Twojego wyjazdu
Treść: TEST grupa push
Dane: {"url":"http:\/\/localhost\/ridemore\/admin"}
------------------------------------------------------------

[2026-09-10 11:31:34] user_id=1 urządzenia=android:1,ios:0
Tytuł: Nowa wiadomość — TEST grupa push
Treść: Sprawdź kanał grupowy wyjazdu.
Dane: {"url":"http:\/\/localhost\/ridemore\/wiadomosci\/grupa\/723"}
------------------------------------------------------------

[2026-09-10 11:31:34] user_id=1 urządzenia=android:1,ios:0
Tytuł: Nowy skarb w Twojej okolicy
Treść: TEST skarb okolica
Dane: {"url":"http:\/\/localhost\/ridemore\/odkrycia"}
------------------------------------------------------------

[2026-09-10 11:31:34] user_id=1 urządzenia=android:1,ios:0
Tytuł: Nowy skarb w Twojej okolicy
Treść: Coś ciekawego czeka w Twojej okolicy — sprawdź mapę.
Dane: {"url":"http:\/\/localhost\/ridemore\/odkrycia"}
------------------------------------------------------------

[2026-09-10 11:35:56] user_id=1 urządzenia=android:1,ios:0
Tytuł: TEST tytuł
Treść: TEST treść
Dane: []
------------------------------------------------------------

[2026-09-10 11:35:56] user_id=1 urządzenia=android:1,ios:0
Tytuł: Ktoś dołączył do Twojego wyjazdu
Treść: TEST wyjazd push
Dane: {"url":"http:\/\/localhost\/ridemore\/admin"}
------------------------------------------------------------

[2026-09-10 11:35:56] user_id=2 urządzenia=android:1,ios:0
Tytuł: Nowa wiadomość
Treść: Masz nową wiadomość na Ridemore.
Dane: {"url":"http:\/\/localhost\/ridemore\/wiadomosci\/202"}
------------------------------------------------------------

[2026-09-10 11:35:56] user_id=1 urządzenia=android:1,ios:0
Tytuł: Ktoś dołączył do Twojego wyjazdu
Treść: TEST grupa push
Dane: {"url":"http:\/\/localhost\/ridemore\/admin"}
------------------------------------------------------------

[2026-09-10 11:35:56] user_id=1 urządzenia=android:1,ios:0
Tytuł: Nowa wiadomość — TEST grupa push
Treść: Sprawdź kanał grupowy wyjazdu.
Dane: {"url":"http:\/\/localhost\/ridemore\/wiadomosci\/grupa\/727"}
------------------------------------------------------------

[2026-09-10 11:35:57] user_id=1 urządzenia=android:1,ios:0
Tytuł: Nowy skarb w Twojej okolicy
Treść: TEST skarb okolica
Dane: {"url":"http:\/\/localhost\/ridemore\/odkrycia"}
------------------------------------------------------------

[2026-09-10 11:35:57] user_id=1 urządzenia=android:1,ios:0
Tytuł: Nowy skarb w Twojej okolicy
Treść: Coś ciekawego czeka w Twojej okolicy — sprawdź mapę.
Dane: {"url":"http:\/\/localhost\/ridemore\/odkrycia"}
------------------------------------------------------------

[2026-09-10 12:14:01] user_id=1 urządzenia=android:1,ios:0
Tytuł: TEST tytuł
Treść: TEST treść
Dane: []
------------------------------------------------------------

[2026-09-10 12:14:01] user_id=1 urządzenia=android:1,ios:0
Tytuł: Ktoś dołączył do Twojego wyjazdu
Treść: TEST wyjazd push
Dane: {"url":"http:\/\/localhost\/ridemore\/admin"}
------------------------------------------------------------

[2026-09-10 12:14:01] user_id=2 urządzenia=android:1,ios:0
Tytuł: Nowa wiadomość
Treść: Masz nową wiadomość na Ridemore.
Dane: {"url":"http:\/\/localhost\/ridemore\/wiadomosci\/203"}
------------------------------------------------------------

[2026-09-10 12:14:01] user_id=1 urządzenia=android:1,ios:0
Tytuł: Ktoś dołączył do Twojego wyjazdu
Treść: TEST grupa push
Dane: {"url":"http:\/\/localhost\/ridemore\/admin"}
------------------------------------------------------------

[2026-09-10 12:14:01] user_id=1 urządzenia=android:1,ios:0
Tytuł: Nowa wiadomość — TEST grupa push
Treść: Sprawdź kanał grupowy wyjazdu.
Dane: {"url":"http:\/\/localhost\/ridemore\/wiadomosci\/grupa\/731"}
------------------------------------------------------------

[2026-09-10 12:14:01] user_id=1 urządzenia=android:1,ios:0
Tytuł: Nowy skarb w Twojej okolicy
Treść: TEST skarb okolica
Dane: {"url":"http:\/\/localhost\/ridemore\/odkrycia"}
------------------------------------------------------------

[2026-09-10 12:14:01] user_id=1 urządzenia=android:1,ios:0
Tytuł: Nowy skarb w Twojej okolicy
Treść: Coś ciekawego czeka w Twojej okolicy — sprawdź mapę.
Dane: {"url":"http:\/\/localhost\/ridemore\/odkrycia"}
------------------------------------------------------------

[2026-09-10 12:18:43] user_id=1 urządzenia=android:1,ios:0
Tytuł: TEST tytuł
Treść: TEST treść
Dane: []
------------------------------------------------------------

[2026-09-10 12:18:43] user_id=1 urządzenia=android:1,ios:0
Tytuł: Ktoś dołączył do Twojego wyjazdu
Treść: TEST wyjazd push
Dane: {"url":"http:\/\/localhost\/ridemore\/admin"}
------------------------------------------------------------

[2026-09-10 12:18:43] user_id=2 urządzenia=android:1,ios:0
Tytuł: Nowa wiadomość
Treść: Masz nową wiadomość na Ridemore.
Dane: {"url":"http:\/\/localhost\/ridemore\/wiadomosci\/204"}
------------------------------------------------------------

[2026-09-10 12:18:43] user_id=1 urządzenia=android:1,ios:0
Tytuł: Ktoś dołączył do Twojego wyjazdu
Treść: TEST grupa push
Dane: {"url":"http:\/\/localhost\/ridemore\/admin"}
------------------------------------------------------------

[2026-09-10 12:18:43] user_id=1 urządzenia=android:1,ios:0
Tytuł: Nowa wiadomość — TEST grupa push
Treść: Sprawdź kanał grupowy wyjazdu.
Dane: {"url":"http:\/\/localhost\/ridemore\/wiadomosci\/grupa\/735"}
------------------------------------------------------------

[2026-09-10 12:18:43] user_id=1 urządzenia=android:1,ios:0
Tytuł: Nowy skarb w Twojej okolicy
Treść: TEST skarb okolica
Dane: {"url":"http:\/\/localhost\/ridemore\/odkrycia"}
------------------------------------------------------------

[2026-09-10 12:18:43] user_id=1 urządzenia=android:1,ios:0
Tytuł: Nowy skarb w Twojej okolicy
Treść: Coś ciekawego czeka w Twojej okolicy — sprawdź mapę.
Dane: {"url":"http:\/\/localhost\/ridemore\/odkrycia"}
------------------------------------------------------------

[2026-09-10 12:47:23] user_id=1 urządzenia=android:1,ios:0
Tytuł: TEST tytuł
Treść: TEST treść
Dane: []
------------------------------------------------------------

[2026-09-10 12:47:23] user_id=1 urządzenia=android:1,ios:0
Tytuł: Ktoś dołączył do Twojego wyjazdu
Treść: TEST wyjazd push
Dane: {"url":"http:\/\/localhost\/ridemore\/admin"}
------------------------------------------------------------

[2026-09-10 12:47:23] user_id=2 urządzenia=android:1,ios:0
Tytuł: Nowa wiadomość
Treść: Masz nową wiadomość na Ridemore.
Dane: {"url":"http:\/\/localhost\/ridemore\/wiadomosci\/205"}
------------------------------------------------------------

[2026-09-10 12:47:23] user_id=1 urządzenia=android:1,ios:0
Tytuł: Ktoś dołączył do Twojego wyjazdu
Treść: TEST grupa push
Dane: {"url":"http:\/\/localhost\/ridemore\/admin"}
------------------------------------------------------------

[2026-09-10 12:47:23] user_id=1 urządzenia=android:1,ios:0
Tytuł: Nowa wiadomość — TEST grupa push
Treść: Sprawdź kanał grupowy wyjazdu.
Dane: {"url":"http:\/\/localhost\/ridemore\/wiadomosci\/grupa\/739"}
------------------------------------------------------------

[2026-09-10 12:47:23] user_id=1 urządzenia=android:1,ios:0
Tytuł: Nowy skarb w Twojej okolicy
Treść: TEST skarb okolica
Dane: {"url":"http:\/\/localhost\/ridemore\/odkrycia"}
------------------------------------------------------------

[2026-09-10 12:47:23] user_id=1 urządzenia=android:1,ios:0
Tytuł: Nowy skarb w Twojej okolicy
Treść: Coś ciekawego czeka w Twojej okolicy — sprawdź mapę.
Dane: {"url":"http:\/\/localhost\/ridemore\/odkrycia"}
------------------------------------------------------------

[2026-09-10 12:48:23] user_id=1 urządzenia=android:1,ios:0
Tytuł: TEST tytuł
Treść: TEST treść
Dane: []
------------------------------------------------------------

[2026-09-10 12:48:23] user_id=1 urządzenia=android:1,ios:0
Tytuł: Ktoś dołączył do Twojego wyjazdu
Treść: TEST wyjazd push
Dane: {"url":"http:\/\/localhost\/ridemore\/admin"}
------------------------------------------------------------

[2026-09-10 12:48:23] user_id=2 urządzenia=android:1,ios:0
Tytuł: Nowa wiadomość
Treść: Masz nową wiadomość na Ridemore.
Dane: {"url":"http:\/\/localhost\/ridemore\/wiadomosci\/206"}
------------------------------------------------------------

[2026-09-10 12:48:23] user_id=1 urządzenia=android:1,ios:0
Tytuł: Ktoś dołączył do Twojego wyjazdu
Treść: TEST grupa push
Dane: {"url":"http:\/\/localhost\/ridemore\/admin"}
------------------------------------------------------------

[2026-09-10 12:48:23] user_id=1 urządzenia=android:1,ios:0
Tytuł: Nowa wiadomość — TEST grupa push
Treść: Sprawdź kanał grupowy wyjazdu.
Dane: {"url":"http:\/\/localhost\/ridemore\/wiadomosci\/grupa\/743"}
------------------------------------------------------------

[2026-09-10 12:48:23] user_id=1 urządzenia=android:1,ios:0
Tytuł: Nowy skarb w Twojej okolicy
Treść: TEST skarb okolica
Dane: {"url":"http:\/\/localhost\/ridemore\/odkrycia"}
------------------------------------------------------------

[2026-09-10 12:48:23] user_id=1 urządzenia=android:1,ios:0
Tytuł: Nowy skarb w Twojej okolicy
Treść: Coś ciekawego czeka w Twojej okolicy — sprawdź mapę.
Dane: {"url":"http:\/\/localhost\/ridemore\/odkrycia"}
------------------------------------------------------------

[2026-09-10 13:11:39] user_id=1 urządzenia=android:1,ios:0
Tytuł: TEST tytuł
Treść: TEST treść
Dane: []
------------------------------------------------------------

[2026-09-10 13:11:39] user_id=1 urządzenia=android:1,ios:0
Tytuł: Ktoś dołączył do Twojego wyjazdu
Treść: TEST wyjazd push
Dane: {"url":"http:\/\/localhost\/ridemore\/admin"}
------------------------------------------------------------

[2026-09-10 13:11:39] user_id=2 urządzenia=android:1,ios:0
Tytuł: Nowa wiadomość
Treść: Masz nową wiadomość na Ridemore.
Dane: {"url":"http:\/\/localhost\/ridemore\/wiadomosci\/207"}
------------------------------------------------------------

[2026-09-10 13:11:39] user_id=1 urządzenia=android:1,ios:0
Tytuł: Ktoś dołączył do Twojego wyjazdu
Treść: TEST grupa push
Dane: {"url":"http:\/\/localhost\/ridemore\/admin"}
------------------------------------------------------------

[2026-09-10 13:11:39] user_id=1 urządzenia=android:1,ios:0
Tytuł: Nowa wiadomość — TEST grupa push
Treść: Sprawdź kanał grupowy wyjazdu.
Dane: {"url":"http:\/\/localhost\/ridemore\/wiadomosci\/grupa\/747"}
------------------------------------------------------------

[2026-09-10 13:11:39] user_id=1 urządzenia=android:1,ios:0
Tytuł: Nowy skarb w Twojej okolicy
Treść: TEST skarb okolica
Dane: {"url":"http:\/\/localhost\/ridemore\/odkrycia"}
------------------------------------------------------------

[2026-09-10 13:11:39] user_id=1 urządzenia=android:1,ios:0
Tytuł: Nowy skarb w Twojej okolicy
Treść: Coś ciekawego czeka w Twojej okolicy — sprawdź mapę.
Dane: {"url":"http:\/\/localhost\/ridemore\/odkrycia"}
------------------------------------------------------------

[2026-09-10 13:12:38] user_id=1 urządzenia=android:1,ios:0
Tytuł: TEST tytuł
Treść: TEST treść
Dane: []
------------------------------------------------------------

[2026-09-10 13:12:38] user_id=1 urządzenia=android:1,ios:0
Tytuł: Ktoś dołączył do Twojego wyjazdu
Treść: TEST wyjazd push
Dane: {"url":"http:\/\/localhost\/ridemore\/admin"}
------------------------------------------------------------

[2026-09-10 13:12:38] user_id=2 urządzenia=android:1,ios:0
Tytuł: Nowa wiadomość
Treść: Masz nową wiadomość na Ridemore.
Dane: {"url":"http:\/\/localhost\/ridemore\/wiadomosci\/208"}
------------------------------------------------------------

[2026-09-10 13:12:38] user_id=1 urządzenia=android:1,ios:0
Tytuł: Ktoś dołączył do Twojego wyjazdu
Treść: TEST grupa push
Dane: {"url":"http:\/\/localhost\/ridemore\/admin"}
------------------------------------------------------------

[2026-09-10 13:12:38] user_id=1 urządzenia=android:1,ios:0
Tytuł: Nowa wiadomość — TEST grupa push
Treść: Sprawdź kanał grupowy wyjazdu.
Dane: {"url":"http:\/\/localhost\/ridemore\/wiadomosci\/grupa\/751"}
------------------------------------------------------------

[2026-09-10 13:12:38] user_id=1 urządzenia=android:1,ios:0
Tytuł: Nowy skarb w Twojej okolicy
Treść: TEST skarb okolica
Dane: {"url":"http:\/\/localhost\/ridemore\/odkrycia"}
------------------------------------------------------------

[2026-09-10 13:12:38] user_id=1 urządzenia=android:1,ios:0
Tytuł: Nowy skarb w Twojej okolicy
Treść: Coś ciekawego czeka w Twojej okolicy — sprawdź mapę.
Dane: {"url":"http:\/\/localhost\/ridemore\/odkrycia"}
------------------------------------------------------------

[2026-09-10 13:35:39] user_id=1 urządzenia=android:1,ios:0
Tytuł: TEST tytuł
Treść: TEST treść
Dane: []
------------------------------------------------------------

[2026-09-10 13:35:39] user_id=1 urządzenia=android:1,ios:0
Tytuł: Ktoś dołączył do Twojego wyjazdu
Treść: TEST wyjazd push
Dane: {"url":"http:\/\/localhost\/ridemore\/admin"}
------------------------------------------------------------

[2026-09-10 13:35:39] user_id=2 urządzenia=android:1,ios:0
Tytuł: Nowa wiadomość
Treść: Masz nową wiadomość na Ridemore.
Dane: {"url":"http:\/\/localhost\/ridemore\/wiadomosci\/209"}
------------------------------------------------------------

[2026-09-10 13:35:39] user_id=1 urządzenia=android:1,ios:0
Tytuł: Ktoś dołączył do Twojego wyjazdu
Treść: TEST grupa push
Dane: {"url":"http:\/\/localhost\/ridemore\/admin"}
------------------------------------------------------------

[2026-09-10 13:35:39] user_id=1 urządzenia=android:1,ios:0
Tytuł: Nowa wiadomość — TEST grupa push
Treść: Sprawdź kanał grupowy wyjazdu.
Dane: {"url":"http:\/\/localhost\/ridemore\/wiadomosci\/grupa\/755"}
------------------------------------------------------------

[2026-09-10 13:35:40] user_id=1 urządzenia=android:1,ios:0
Tytuł: Nowy skarb w Twojej okolicy
Treść: TEST skarb okolica
Dane: {"url":"http:\/\/localhost\/ridemore\/odkrycia"}
------------------------------------------------------------

[2026-09-10 13:35:40] user_id=1 urządzenia=android:1,ios:0
Tytuł: Nowy skarb w Twojej okolicy
Treść: Coś ciekawego czeka w Twojej okolicy — sprawdź mapę.
Dane: {"url":"http:\/\/localhost\/ridemore\/odkrycia"}
------------------------------------------------------------

[2026-09-10 13:36:38] user_id=1 urządzenia=android:1,ios:0
Tytuł: TEST tytuł
Treść: TEST treść
Dane: []
------------------------------------------------------------

[2026-09-10 13:36:38] user_id=1 urządzenia=android:1,ios:0
Tytuł: Ktoś dołączył do Twojego wyjazdu
Treść: TEST wyjazd push
Dane: {"url":"http:\/\/localhost\/ridemore\/admin"}
------------------------------------------------------------

[2026-09-10 13:36:38] user_id=2 urządzenia=android:1,ios:0
Tytuł: Nowa wiadomość
Treść: Masz nową wiadomość na Ridemore.
Dane: {"url":"http:\/\/localhost\/ridemore\/wiadomosci\/210"}
------------------------------------------------------------

[2026-09-10 13:36:38] user_id=1 urządzenia=android:1,ios:0
Tytuł: Ktoś dołączył do Twojego wyjazdu
Treść: TEST grupa push
Dane: {"url":"http:\/\/localhost\/ridemore\/admin"}
------------------------------------------------------------

[2026-09-10 13:36:38] user_id=1 urządzenia=android:1,ios:0
Tytuł: Nowa wiadomość — TEST grupa push
Treść: Sprawdź kanał grupowy wyjazdu.
Dane: {"url":"http:\/\/localhost\/ridemore\/wiadomosci\/grupa\/759"}
------------------------------------------------------------

[2026-09-10 13:36:38] user_id=1 urządzenia=android:1,ios:0
Tytuł: Nowy skarb w Twojej okolicy
Treść: TEST skarb okolica
Dane: {"url":"http:\/\/localhost\/ridemore\/odkrycia"}
------------------------------------------------------------

[2026-09-10 13:36:38] user_id=1 urządzenia=android:1,ios:0
Tytuł: Nowy skarb w Twojej okolicy
Treść: Coś ciekawego czeka w Twojej okolicy — sprawdź mapę.
Dane: {"url":"http:\/\/localhost\/ridemore\/odkrycia"}
------------------------------------------------------------

[2026-09-10 14:03:35] user_id=1 urządzenia=android:1,ios:0
Tytuł: TEST tytuł
Treść: TEST treść
Dane: []
------------------------------------------------------------

[2026-09-10 14:03:35] user_id=1 urządzenia=android:1,ios:0
Tytuł: Ktoś dołączył do Twojego wyjazdu
Treść: TEST wyjazd push
Dane: {"url":"http:\/\/localhost\/ridemore\/admin"}
------------------------------------------------------------

[2026-09-10 14:03:35] user_id=2 urządzenia=android:1,ios:0
Tytuł: Nowa wiadomość
Treść: Masz nową wiadomość na Ridemore.
Dane: {"url":"http:\/\/localhost\/ridemore\/wiadomosci\/211"}
------------------------------------------------------------

[2026-09-10 14:03:35] user_id=1 urządzenia=android:1,ios:0
Tytuł: Ktoś dołączył do Twojego wyjazdu
Treść: TEST grupa push
Dane: {"url":"http:\/\/localhost\/ridemore\/admin"}
------------------------------------------------------------

[2026-09-10 14:03:35] user_id=1 urządzenia=android:1,ios:0
Tytuł: Nowa wiadomość — TEST grupa push
Treść: Sprawdź kanał grupowy wyjazdu.
Dane: {"url":"http:\/\/localhost\/ridemore\/wiadomosci\/grupa\/763"}
------------------------------------------------------------

[2026-09-10 14:03:35] user_id=1 urządzenia=android:1,ios:0
Tytuł: Nowy skarb w Twojej okolicy
Treść: TEST skarb okolica
Dane: {"url":"http:\/\/localhost\/ridemore\/odkrycia"}
------------------------------------------------------------

[2026-09-10 14:03:35] user_id=1 urządzenia=android:1,ios:0
Tytuł: Nowy skarb w Twojej okolicy
Treść: Coś ciekawego czeka w Twojej okolicy — sprawdź mapę.
Dane: {"url":"http:\/\/localhost\/ridemore\/odkrycia"}
------------------------------------------------------------

[2026-09-10 17:52:25] user_id=1 urządzenia=android:1,ios:0
Tytuł: TEST tytuł
Treść: TEST treść
Dane: []
------------------------------------------------------------

[2026-09-10 17:52:25] user_id=1 urządzenia=android:1,ios:0
Tytuł: Ktoś dołączył do Twojego wyjazdu
Treść: TEST wyjazd push
Dane: {"url":"http:\/\/localhost\/ridemore\/admin"}
------------------------------------------------------------

[2026-09-10 17:52:25] user_id=2 urządzenia=android:1,ios:0
Tytuł: Nowa wiadomość
Treść: Masz nową wiadomość na Ridemore.
Dane: {"url":"http:\/\/localhost\/ridemore\/wiadomosci\/212"}
------------------------------------------------------------

[2026-09-10 17:52:25] user_id=1 urządzenia=android:1,ios:0
Tytuł: Ktoś dołączył do Twojego wyjazdu
Treść: TEST grupa push
Dane: {"url":"http:\/\/localhost\/ridemore\/admin"}
------------------------------------------------------------

[2026-09-10 17:52:25] user_id=1 urządzenia=android:1,ios:0
Tytuł: Nowa wiadomość — TEST grupa push
Treść: Sprawdź kanał grupowy wyjazdu.
Dane: {"url":"http:\/\/localhost\/ridemore\/wiadomosci\/grupa\/767"}
------------------------------------------------------------

[2026-09-10 17:52:26] user_id=1 urządzenia=android:1,ios:0
Tytuł: Nowy skarb w Twojej okolicy
Treść: TEST skarb okolica
Dane: {"url":"http:\/\/localhost\/ridemore\/odkrycia"}
------------------------------------------------------------

[2026-09-10 17:52:26] user_id=1 urządzenia=android:1,ios:0
Tytuł: Nowy skarb w Twojej okolicy
Treść: Coś ciekawego czeka w Twojej okolicy — sprawdź mapę.
Dane: {"url":"http:\/\/localhost\/ridemore\/odkrycia"}
------------------------------------------------------------

[2026-09-10 17:53:29] user_id=1 urządzenia=android:1,ios:0
Tytuł: TEST tytuł
Treść: TEST treść
Dane: []
------------------------------------------------------------

[2026-09-10 17:53:29] user_id=1 urządzenia=android:1,ios:0
Tytuł: Ktoś dołączył do Twojego wyjazdu
Treść: TEST wyjazd push
Dane: {"url":"http:\/\/localhost\/ridemore\/admin"}
------------------------------------------------------------

[2026-09-10 17:53:29] user_id=2 urządzenia=android:1,ios:0
Tytuł: Nowa wiadomość
Treść: Masz nową wiadomość na Ridemore.
Dane: {"url":"http:\/\/localhost\/ridemore\/wiadomosci\/213"}
------------------------------------------------------------

[2026-09-10 17:53:29] user_id=1 urządzenia=android:1,ios:0
Tytuł: Ktoś dołączył do Twojego wyjazdu
Treść: TEST grupa push
Dane: {"url":"http:\/\/localhost\/ridemore\/admin"}
------------------------------------------------------------

[2026-09-10 17:53:29] user_id=1 urządzenia=android:1,ios:0
Tytuł: Nowa wiadomość — TEST grupa push
Treść: Sprawdź kanał grupowy wyjazdu.
Dane: {"url":"http:\/\/localhost\/ridemore\/wiadomosci\/grupa\/771"}
------------------------------------------------------------

[2026-09-10 17:53:29] user_id=1 urządzenia=android:1,ios:0
Tytuł: Nowy skarb w Twojej okolicy
Treść: TEST skarb okolica
Dane: {"url":"http:\/\/localhost\/ridemore\/odkrycia"}
------------------------------------------------------------

[2026-09-10 17:53:29] user_id=1 urządzenia=android:1,ios:0
Tytuł: Nowy skarb w Twojej okolicy
Treść: Coś ciekawego czeka w Twojej okolicy — sprawdź mapę.
Dane: {"url":"http:\/\/localhost\/ridemore\/odkrycia"}
------------------------------------------------------------

[2026-09-10 17:56:18] user_id=1 urządzenia=android:1,ios:0
Tytuł: TEST tytuł
Treść: TEST treść
Dane: []
------------------------------------------------------------

[2026-09-10 17:56:18] user_id=1 urządzenia=android:1,ios:0
Tytuł: Ktoś dołączył do Twojego wyjazdu
Treść: TEST wyjazd push
Dane: {"url":"http:\/\/localhost\/ridemore\/admin"}
------------------------------------------------------------

[2026-09-10 17:56:18] user_id=2 urządzenia=android:1,ios:0
Tytuł: Nowa wiadomość
Treść: Masz nową wiadomość na Ridemore.
Dane: {"url":"http:\/\/localhost\/ridemore\/wiadomosci\/214"}
------------------------------------------------------------

[2026-09-10 17:56:19] user_id=1 urządzenia=android:1,ios:0
Tytuł: Ktoś dołączył do Twojego wyjazdu
Treść: TEST grupa push
Dane: {"url":"http:\/\/localhost\/ridemore\/admin"}
------------------------------------------------------------

[2026-09-10 17:56:19] user_id=1 urządzenia=android:1,ios:0
Tytuł: Nowa wiadomość — TEST grupa push
Treść: Sprawdź kanał grupowy wyjazdu.
Dane: {"url":"http:\/\/localhost\/ridemore\/wiadomosci\/grupa\/775"}
------------------------------------------------------------

[2026-09-10 17:56:19] user_id=1 urządzenia=android:1,ios:0
Tytuł: Nowy skarb w Twojej okolicy
Treść: TEST skarb okolica
Dane: {"url":"http:\/\/localhost\/ridemore\/odkrycia"}
------------------------------------------------------------

[2026-09-10 17:56:19] user_id=1 urządzenia=android:1,ios:0
Tytuł: Nowy skarb w Twojej okolicy
Treść: Coś ciekawego czeka w Twojej okolicy — sprawdź mapę.
Dane: {"url":"http:\/\/localhost\/ridemore\/odkrycia"}
------------------------------------------------------------

[2026-09-10 17:57:19] user_id=1 urządzenia=android:1,ios:0
Tytuł: TEST tytuł
Treść: TEST treść
Dane: []
------------------------------------------------------------

[2026-09-10 17:57:19] user_id=1 urządzenia=android:1,ios:0
Tytuł: Ktoś dołączył do Twojego wyjazdu
Treść: TEST wyjazd push
Dane: {"url":"http:\/\/localhost\/ridemore\/admin"}
------------------------------------------------------------

[2026-09-10 17:57:19] user_id=2 urządzenia=android:1,ios:0
Tytuł: Nowa wiadomość
Treść: Masz nową wiadomość na Ridemore.
Dane: {"url":"http:\/\/localhost\/ridemore\/wiadomosci\/215"}
------------------------------------------------------------

[2026-09-10 17:57:19] user_id=1 urządzenia=android:1,ios:0
Tytuł: Ktoś dołączył do Twojego wyjazdu
Treść: TEST grupa push
Dane: {"url":"http:\/\/localhost\/ridemore\/admin"}
------------------------------------------------------------

[2026-09-10 17:57:19] user_id=1 urządzenia=android:1,ios:0
Tytuł: Nowa wiadomość — TEST grupa push
Treść: Sprawdź kanał grupowy wyjazdu.
Dane: {"url":"http:\/\/localhost\/ridemore\/wiadomosci\/grupa\/779"}
------------------------------------------------------------

[2026-09-10 17:57:19] user_id=1 urządzenia=android:1,ios:0
Tytuł: Nowy skarb w Twojej okolicy
Treść: TEST skarb okolica
Dane: {"url":"http:\/\/localhost\/ridemore\/odkrycia"}
------------------------------------------------------------

[2026-09-10 17:57:19] user_id=1 urządzenia=android:1,ios:0
Tytuł: Nowy skarb w Twojej okolicy
Treść: Coś ciekawego czeka w Twojej okolicy — sprawdź mapę.
Dane: {"url":"http:\/\/localhost\/ridemore\/odkrycia"}
------------------------------------------------------------

[2026-09-10 18:10:59] user_id=1 urządzenia=android:1,ios:0
Tytuł: TEST tytuł
Treść: TEST treść
Dane: []
------------------------------------------------------------

[2026-09-10 18:10:59] user_id=1 urządzenia=android:1,ios:0
Tytuł: Ktoś dołączył do Twojego wyjazdu
Treść: TEST wyjazd push
Dane: {"url":"http:\/\/localhost\/ridemore\/admin"}
------------------------------------------------------------

[2026-09-10 18:10:59] user_id=2 urządzenia=android:1,ios:0
Tytuł: Nowa wiadomość
Treść: Masz nową wiadomość na Ridemore.
Dane: {"url":"http:\/\/localhost\/ridemore\/wiadomosci\/216"}
------------------------------------------------------------

[2026-09-10 18:10:59] user_id=1 urządzenia=android:1,ios:0
Tytuł: Ktoś dołączył do Twojego wyjazdu
Treść: TEST grupa push
Dane: {"url":"http:\/\/localhost\/ridemore\/admin"}
------------------------------------------------------------

[2026-09-10 18:10:59] user_id=1 urządzenia=android:1,ios:0
Tytuł: Nowa wiadomość — TEST grupa push
Treść: Sprawdź kanał grupowy wyjazdu.
Dane: {"url":"http:\/\/localhost\/ridemore\/wiadomosci\/grupa\/783"}
------------------------------------------------------------

[2026-09-10 18:10:59] user_id=1 urządzenia=android:1,ios:0
Tytuł: Nowy skarb w Twojej okolicy
Treść: TEST skarb okolica
Dane: {"url":"http:\/\/localhost\/ridemore\/odkrycia"}
------------------------------------------------------------

[2026-09-10 18:10:59] user_id=1 urządzenia=android:1,ios:0
Tytuł: Nowy skarb w Twojej okolicy
Treść: Coś ciekawego czeka w Twojej okolicy — sprawdź mapę.
Dane: {"url":"http:\/\/localhost\/ridemore\/odkrycia"}
------------------------------------------------------------

[2026-09-10 18:11:55] user_id=1 urządzenia=android:1,ios:0
Tytuł: TEST tytuł
Treść: TEST treść
Dane: []
------------------------------------------------------------

[2026-09-10 18:11:55] user_id=1 urządzenia=android:1,ios:0
Tytuł: Ktoś dołączył do Twojego wyjazdu
Treść: TEST wyjazd push
Dane: {"url":"http:\/\/localhost\/ridemore\/admin"}
------------------------------------------------------------

[2026-09-10 18:11:55] user_id=2 urządzenia=android:1,ios:0
Tytuł: Nowa wiadomość
Treść: Masz nową wiadomość na Ridemore.
Dane: {"url":"http:\/\/localhost\/ridemore\/wiadomosci\/217"}
------------------------------------------------------------

[2026-09-10 18:11:55] user_id=1 urządzenia=android:1,ios:0
Tytuł: Ktoś dołączył do Twojego wyjazdu
Treść: TEST grupa push
Dane: {"url":"http:\/\/localhost\/ridemore\/admin"}
------------------------------------------------------------

[2026-09-10 18:11:55] user_id=1 urządzenia=android:1,ios:0
Tytuł: Nowa wiadomość — TEST grupa push
Treść: Sprawdź kanał grupowy wyjazdu.
Dane: {"url":"http:\/\/localhost\/ridemore\/wiadomosci\/grupa\/787"}
------------------------------------------------------------

[2026-09-10 18:11:55] user_id=1 urządzenia=android:1,ios:0
Tytuł: Nowy skarb w Twojej okolicy
Treść: TEST skarb okolica
Dane: {"url":"http:\/\/localhost\/ridemore\/odkrycia"}
------------------------------------------------------------

[2026-09-10 18:11:55] user_id=1 urządzenia=android:1,ios:0
Tytuł: Nowy skarb w Twojej okolicy
Treść: Coś ciekawego czeka w Twojej okolicy — sprawdź mapę.
Dane: {"url":"http:\/\/localhost\/ridemore\/odkrycia"}
------------------------------------------------------------

[2026-09-10 18:13:37] user_id=1 urządzenia=android:1,ios:0
Tytuł: TEST tytuł
Treść: TEST treść
Dane: []
------------------------------------------------------------

[2026-09-10 18:13:37] user_id=1 urządzenia=android:1,ios:0
Tytuł: Ktoś dołączył do Twojego wyjazdu
Treść: TEST wyjazd push
Dane: {"url":"http:\/\/localhost\/ridemore\/admin"}
------------------------------------------------------------

[2026-09-10 18:13:37] user_id=2 urządzenia=android:1,ios:0
Tytuł: Nowa wiadomość
Treść: Masz nową wiadomość na Ridemore.
Dane: {"url":"http:\/\/localhost\/ridemore\/wiadomosci\/218"}
------------------------------------------------------------

[2026-09-10 18:13:37] user_id=1 urządzenia=android:1,ios:0
Tytuł: Ktoś dołączył do Twojego wyjazdu
Treść: TEST grupa push
Dane: {"url":"http:\/\/localhost\/ridemore\/admin"}
------------------------------------------------------------

[2026-09-10 18:13:37] user_id=1 urządzenia=android:1,ios:0
Tytuł: Nowa wiadomość — TEST grupa push
Treść: Sprawdź kanał grupowy wyjazdu.
Dane: {"url":"http:\/\/localhost\/ridemore\/wiadomosci\/grupa\/791"}
------------------------------------------------------------

[2026-09-10 18:13:37] user_id=1 urządzenia=android:1,ios:0
Tytuł: Nowy skarb w Twojej okolicy
Treść: TEST skarb okolica
Dane: {"url":"http:\/\/localhost\/ridemore\/odkrycia"}
------------------------------------------------------------

[2026-09-10 18:13:37] user_id=1 urządzenia=android:1,ios:0
Tytuł: Nowy skarb w Twojej okolicy
Treść: Coś ciekawego czeka w Twojej okolicy — sprawdź mapę.
Dane: {"url":"http:\/\/localhost\/ridemore\/odkrycia"}
------------------------------------------------------------

[2026-09-10 18:13:41] user_id=1 urządzenia=android:1,ios:0
Tytuł: TEST tytuł
Treść: TEST treść
Dane: []
------------------------------------------------------------

[2026-09-10 18:13:41] user_id=1 urządzenia=android:1,ios:0
Tytuł: Ktoś dołączył do Twojego wyjazdu
Treść: TEST wyjazd push
Dane: {"url":"http:\/\/localhost\/ridemore\/admin"}
------------------------------------------------------------

[2026-09-10 18:13:41] user_id=2 urządzenia=android:1,ios:0
Tytuł: Nowa wiadomość
Treść: Masz nową wiadomość na Ridemore.
Dane: {"url":"http:\/\/localhost\/ridemore\/wiadomosci\/219"}
------------------------------------------------------------

[2026-09-10 18:13:41] user_id=1 urządzenia=android:1,ios:0
Tytuł: Ktoś dołączył do Twojego wyjazdu
Treść: TEST grupa push
Dane: {"url":"http:\/\/localhost\/ridemore\/admin"}
------------------------------------------------------------

[2026-09-10 18:13:41] user_id=1 urządzenia=android:1,ios:0
Tytuł: Nowa wiadomość — TEST grupa push
Treść: Sprawdź kanał grupowy wyjazdu.
Dane: {"url":"http:\/\/localhost\/ridemore\/wiadomosci\/grupa\/794"}
------------------------------------------------------------

[2026-09-10 18:13:41] user_id=1 urządzenia=android:1,ios:0
Tytuł: Nowy skarb w Twojej okolicy
Treść: TEST skarb okolica
Dane: {"url":"http:\/\/localhost\/ridemore\/odkrycia"}
------------------------------------------------------------

[2026-09-10 18:13:41] user_id=1 urządzenia=android:1,ios:0
Tytuł: Nowy skarb w Twojej okolicy
Treść: Coś ciekawego czeka w Twojej okolicy — sprawdź mapę.
Dane: {"url":"http:\/\/localhost\/ridemore\/odkrycia"}
------------------------------------------------------------

[2026-09-10 18:21:50] user_id=1 urządzenia=android:1,ios:0
Tytuł: TEST tytuł
Treść: TEST treść
Dane: []
------------------------------------------------------------

[2026-09-10 18:21:50] user_id=1 urządzenia=android:1,ios:0
Tytuł: Ktoś dołączył do Twojego wyjazdu
Treść: TEST wyjazd push
Dane: {"url":"http:\/\/localhost\/ridemore\/admin"}
------------------------------------------------------------

[2026-09-10 18:21:50] user_id=2 urządzenia=android:1,ios:0
Tytuł: Nowa wiadomość
Treść: Masz nową wiadomość na Ridemore.
Dane: {"url":"http:\/\/localhost\/ridemore\/wiadomosci\/220"}
------------------------------------------------------------

[2026-09-10 18:21:50] user_id=1 urządzenia=android:1,ios:0
Tytuł: Ktoś dołączył do Twojego wyjazdu
Treść: TEST grupa push
Dane: {"url":"http:\/\/localhost\/ridemore\/admin"}
------------------------------------------------------------

[2026-09-10 18:21:50] user_id=1 urządzenia=android:1,ios:0
Tytuł: Nowa wiadomość — TEST grupa push
Treść: Sprawdź kanał grupowy wyjazdu.
Dane: {"url":"http:\/\/localhost\/ridemore\/wiadomosci\/grupa\/799"}
------------------------------------------------------------

[2026-09-10 18:21:50] user_id=1 urządzenia=android:1,ios:0
Tytuł: Nowy skarb w Twojej okolicy
Treść: TEST skarb okolica
Dane: {"url":"http:\/\/localhost\/ridemore\/odkrycia"}
------------------------------------------------------------

[2026-09-10 18:21:50] user_id=1 urządzenia=android:1,ios:0
Tytuł: Nowy skarb w Twojej okolicy
Treść: Coś ciekawego czeka w Twojej okolicy — sprawdź mapę.
Dane: {"url":"http:\/\/localhost\/ridemore\/odkrycia"}
------------------------------------------------------------

[2026-09-10 18:22:39] user_id=1 urządzenia=android:1,ios:0
Tytuł: TEST tytuł
Treść: TEST treść
Dane: []
------------------------------------------------------------

[2026-09-10 18:22:39] user_id=1 urządzenia=android:1,ios:0
Tytuł: Ktoś dołączył do Twojego wyjazdu
Treść: TEST wyjazd push
Dane: {"url":"http:\/\/localhost\/ridemore\/admin"}
------------------------------------------------------------

[2026-09-10 18:22:39] user_id=2 urządzenia=android:1,ios:0
Tytuł: Nowa wiadomość
Treść: Masz nową wiadomość na Ridemore.
Dane: {"url":"http:\/\/localhost\/ridemore\/wiadomosci\/221"}
------------------------------------------------------------

[2026-09-10 18:22:39] user_id=1 urządzenia=android:1,ios:0
Tytuł: Ktoś dołączył do Twojego wyjazdu
Treść: TEST grupa push
Dane: {"url":"http:\/\/localhost\/ridemore\/admin"}
------------------------------------------------------------

[2026-09-10 18:22:39] user_id=1 urządzenia=android:1,ios:0
Tytuł: Nowa wiadomość — TEST grupa push
Treść: Sprawdź kanał grupowy wyjazdu.
Dane: {"url":"http:\/\/localhost\/ridemore\/wiadomosci\/grupa\/803"}
------------------------------------------------------------

[2026-09-10 18:22:40] user_id=1 urządzenia=android:1,ios:0
Tytuł: Nowy skarb w Twojej okolicy
Treść: TEST skarb okolica
Dane: {"url":"http:\/\/localhost\/ridemore\/odkrycia"}
------------------------------------------------------------

[2026-09-10 18:22:40] user_id=1 urządzenia=android:1,ios:0
Tytuł: Nowy skarb w Twojej okolicy
Treść: Coś ciekawego czeka w Twojej okolicy — sprawdź mapę.
Dane: {"url":"http:\/\/localhost\/ridemore\/odkrycia"}
------------------------------------------------------------

[2026-09-10 18:23:37] user_id=1 urządzenia=android:1,ios:0
Tytuł: TEST tytuł
Treść: TEST treść
Dane: []
------------------------------------------------------------

[2026-09-10 18:23:37] user_id=1 urządzenia=android:1,ios:0
Tytuł: Ktoś dołączył do Twojego wyjazdu
Treść: TEST wyjazd push
Dane: {"url":"http:\/\/localhost\/ridemore\/admin"}
------------------------------------------------------------

[2026-09-10 18:23:37] user_id=2 urządzenia=android:1,ios:0
Tytuł: Nowa wiadomość
Treść: Masz nową wiadomość na Ridemore.
Dane: {"url":"http:\/\/localhost\/ridemore\/wiadomosci\/222"}
------------------------------------------------------------

[2026-09-10 18:23:37] user_id=1 urządzenia=android:1,ios:0
Tytuł: Ktoś dołączył do Twojego wyjazdu
Treść: TEST grupa push
Dane: {"url":"http:\/\/localhost\/ridemore\/admin"}
------------------------------------------------------------

[2026-09-10 18:23:37] user_id=1 urządzenia=android:1,ios:0
Tytuł: Nowa wiadomość — TEST grupa push
Treść: Sprawdź kanał grupowy wyjazdu.
Dane: {"url":"http:\/\/localhost\/ridemore\/wiadomosci\/grupa\/807"}
------------------------------------------------------------

[2026-09-10 18:23:37] user_id=1 urządzenia=android:1,ios:0
Tytuł: Nowy skarb w Twojej okolicy
Treść: TEST skarb okolica
Dane: {"url":"http:\/\/localhost\/ridemore\/odkrycia"}
------------------------------------------------------------

[2026-09-10 18:23:37] user_id=1 urządzenia=android:1,ios:0
Tytuł: Nowy skarb w Twojej okolicy
Treść: Coś ciekawego czeka w Twojej okolicy — sprawdź mapę.
Dane: {"url":"http:\/\/localhost\/ridemore\/odkrycia"}
------------------------------------------------------------

[2026-09-10 18:33:34] user_id=1 urządzenia=android:1,ios:0
Tytuł: TEST tytuł
Treść: TEST treść
Dane: []
------------------------------------------------------------

[2026-09-10 18:33:34] user_id=1 urządzenia=android:1,ios:0
Tytuł: Ktoś dołączył do Twojego wyjazdu
Treść: TEST wyjazd push
Dane: {"url":"http:\/\/localhost\/ridemore\/admin"}
------------------------------------------------------------

[2026-09-10 18:33:34] user_id=2 urządzenia=android:1,ios:0
Tytuł: Nowa wiadomość
Treść: Masz nową wiadomość na Ridemore.
Dane: {"url":"http:\/\/localhost\/ridemore\/wiadomosci\/223"}
------------------------------------------------------------

[2026-09-10 18:33:34] user_id=1 urządzenia=android:1,ios:0
Tytuł: Ktoś dołączył do Twojego wyjazdu
Treść: TEST grupa push
Dane: {"url":"http:\/\/localhost\/ridemore\/admin"}
------------------------------------------------------------

[2026-09-10 18:33:34] user_id=1 urządzenia=android:1,ios:0
Tytuł: Nowa wiadomość — TEST grupa push
Treść: Sprawdź kanał grupowy wyjazdu.
Dane: {"url":"http:\/\/localhost\/ridemore\/wiadomosci\/grupa\/811"}
------------------------------------------------------------

[2026-09-10 18:33:34] user_id=1 urządzenia=android:1,ios:0
Tytuł: Nowy skarb w Twojej okolicy
Treść: TEST skarb okolica
Dane: {"url":"http:\/\/localhost\/ridemore\/odkrycia"}
------------------------------------------------------------

[2026-09-10 18:33:34] user_id=1 urządzenia=android:1,ios:0
Tytuł: Nowy skarb w Twojej okolicy
Treść: Coś ciekawego czeka w Twojej okolicy — sprawdź mapę.
Dane: {"url":"http:\/\/localhost\/ridemore\/odkrycia"}
------------------------------------------------------------

[2026-09-10 18:34:19] user_id=1 urządzenia=android:1,ios:0
Tytuł: TEST tytuł
Treść: TEST treść
Dane: []
------------------------------------------------------------

[2026-09-10 18:34:19] user_id=1 urządzenia=android:1,ios:0
Tytuł: Ktoś dołączył do Twojego wyjazdu
Treść: TEST wyjazd push
Dane: {"url":"http:\/\/localhost\/ridemore\/admin"}
------------------------------------------------------------

[2026-09-10 18:34:19] user_id=2 urządzenia=android:1,ios:0
Tytuł: Nowa wiadomość
Treść: Masz nową wiadomość na Ridemore.
Dane: {"url":"http:\/\/localhost\/ridemore\/wiadomosci\/224"}
------------------------------------------------------------

[2026-09-10 18:34:19] user_id=1 urządzenia=android:1,ios:0
Tytuł: Ktoś dołączył do Twojego wyjazdu
Treść: TEST grupa push
Dane: {"url":"http:\/\/localhost\/ridemore\/admin"}
------------------------------------------------------------

[2026-09-10 18:34:19] user_id=1 urządzenia=android:1,ios:0
Tytuł: Nowa wiadomość — TEST grupa push
Treść: Sprawdź kanał grupowy wyjazdu.
Dane: {"url":"http:\/\/localhost\/ridemore\/wiadomosci\/grupa\/815"}
------------------------------------------------------------

[2026-09-10 18:34:19] user_id=1 urządzenia=android:1,ios:0
Tytuł: Nowy skarb w Twojej okolicy
Treść: TEST skarb okolica
Dane: {"url":"http:\/\/localhost\/ridemore\/odkrycia"}
------------------------------------------------------------

[2026-09-10 18:34:19] user_id=1 urządzenia=android:1,ios:0
Tytuł: Nowy skarb w Twojej okolicy
Treść: Coś ciekawego czeka w Twojej okolicy — sprawdź mapę.
Dane: {"url":"http:\/\/localhost\/ridemore\/odkrycia"}
------------------------------------------------------------

[2026-09-10 18:37:05] user_id=1 urządzenia=android:1,ios:0
Tytuł: TEST tytuł
Treść: TEST treść
Dane: []
------------------------------------------------------------

[2026-09-10 18:37:05] user_id=1 urządzenia=android:1,ios:0
Tytuł: Ktoś dołączył do Twojego wyjazdu
Treść: TEST wyjazd push
Dane: {"url":"http:\/\/localhost\/ridemore\/admin"}
------------------------------------------------------------

[2026-09-10 18:37:05] user_id=2 urządzenia=android:1,ios:0
Tytuł: Nowa wiadomość
Treść: Masz nową wiadomość na Ridemore.
Dane: {"url":"http:\/\/localhost\/ridemore\/wiadomosci\/225"}
------------------------------------------------------------

[2026-09-10 18:37:05] user_id=1 urządzenia=android:1,ios:0
Tytuł: Ktoś dołączył do Twojego wyjazdu
Treść: TEST grupa push
Dane: {"url":"http:\/\/localhost\/ridemore\/admin"}
------------------------------------------------------------

[2026-09-10 18:37:05] user_id=1 urządzenia=android:1,ios:0
Tytuł: Nowa wiadomość — TEST grupa push
Treść: Sprawdź kanał grupowy wyjazdu.
Dane: {"url":"http:\/\/localhost\/ridemore\/wiadomosci\/grupa\/819"}
------------------------------------------------------------

[2026-09-10 18:37:05] user_id=1 urządzenia=android:1,ios:0
Tytuł: Nowy skarb w Twojej okolicy
Treść: TEST skarb okolica
Dane: {"url":"http:\/\/localhost\/ridemore\/odkrycia"}
------------------------------------------------------------

[2026-09-10 18:37:05] user_id=1 urządzenia=android:1,ios:0
Tytuł: Nowy skarb w Twojej okolicy
Treść: Coś ciekawego czeka w Twojej okolicy — sprawdź mapę.
Dane: {"url":"http:\/\/localhost\/ridemore\/odkrycia"}
------------------------------------------------------------

[2026-09-11 09:59:21] user_id=1 urządzenia=android:1,ios:0
Tytuł: TEST tytuł
Treść: TEST treść
Dane: []
------------------------------------------------------------

[2026-09-11 09:59:21] user_id=1 urządzenia=android:1,ios:0
Tytuł: Ktoś dołączył do Twojego wyjazdu
Treść: TEST wyjazd push
Dane: {"url":"http:\/\/localhost\/ridemore\/admin"}
------------------------------------------------------------

[2026-09-11 09:59:21] user_id=2 urządzenia=android:1,ios:0
Tytuł: Nowa wiadomość
Treść: Masz nową wiadomość na Ridemore.
Dane: {"url":"http:\/\/localhost\/ridemore\/wiadomosci\/226"}
------------------------------------------------------------

[2026-09-11 09:59:21] user_id=1 urządzenia=android:1,ios:0
Tytuł: Ktoś dołączył do Twojego wyjazdu
Treść: TEST grupa push
Dane: {"url":"http:\/\/localhost\/ridemore\/admin"}
------------------------------------------------------------

[2026-09-11 09:59:21] user_id=1 urządzenia=android:1,ios:0
Tytuł: Nowa wiadomość — TEST grupa push
Treść: Sprawdź kanał grupowy wyjazdu.
Dane: {"url":"http:\/\/localhost\/ridemore\/wiadomosci\/grupa\/823"}
------------------------------------------------------------

[2026-09-11 09:59:21] user_id=1 urządzenia=android:1,ios:0
Tytuł: Nowy skarb w Twojej okolicy
Treść: TEST skarb okolica
Dane: {"url":"http:\/\/localhost\/ridemore\/odkrycia"}
------------------------------------------------------------

[2026-09-11 09:59:21] user_id=1 urządzenia=android:1,ios:0
Tytuł: Nowy skarb w Twojej okolicy
Treść: Coś ciekawego czeka w Twojej okolicy — sprawdź mapę.
Dane: {"url":"http:\/\/localhost\/ridemore\/odkrycia"}
------------------------------------------------------------

[2026-09-11 10:01:15] user_id=1 urządzenia=android:1,ios:0
Tytuł: TEST tytuł
Treść: TEST treść
Dane: []
------------------------------------------------------------

[2026-09-11 10:01:15] user_id=1 urządzenia=android:1,ios:0
Tytuł: Ktoś dołączył do Twojego wyjazdu
Treść: TEST wyjazd push
Dane: {"url":"http:\/\/localhost\/ridemore\/admin"}
------------------------------------------------------------

[2026-09-11 10:01:15] user_id=2 urządzenia=android:1,ios:0
Tytuł: Nowa wiadomość
Treść: Masz nową wiadomość na Ridemore.
Dane: {"url":"http:\/\/localhost\/ridemore\/wiadomosci\/227"}
------------------------------------------------------------

[2026-09-11 10:01:15] user_id=1 urządzenia=android:1,ios:0
Tytuł: Ktoś dołączył do Twojego wyjazdu
Treść: TEST grupa push
Dane: {"url":"http:\/\/localhost\/ridemore\/admin"}
------------------------------------------------------------

[2026-09-11 10:01:15] user_id=1 urządzenia=android:1,ios:0
Tytuł: Nowa wiadomość — TEST grupa push
Treść: Sprawdź kanał grupowy wyjazdu.
Dane: {"url":"http:\/\/localhost\/ridemore\/wiadomosci\/grupa\/827"}
------------------------------------------------------------

[2026-09-11 10:01:15] user_id=1 urządzenia=android:1,ios:0
Tytuł: Nowy skarb w Twojej okolicy
Treść: TEST skarb okolica
Dane: {"url":"http:\/\/localhost\/ridemore\/odkrycia"}
------------------------------------------------------------

[2026-09-11 10:01:15] user_id=1 urządzenia=android:1,ios:0
Tytuł: Nowy skarb w Twojej okolicy
Treść: Coś ciekawego czeka w Twojej okolicy — sprawdź mapę.
Dane: {"url":"http:\/\/localhost\/ridemore\/odkrycia"}
------------------------------------------------------------

[2026-09-11 10:03:14] user_id=1 urządzenia=android:1,ios:0
Tytuł: TEST tytuł
Treść: TEST treść
Dane: []
------------------------------------------------------------

[2026-09-11 10:03:14] user_id=1 urządzenia=android:1,ios:0
Tytuł: Ktoś dołączył do Twojego wyjazdu
Treść: TEST wyjazd push
Dane: {"url":"http:\/\/localhost\/ridemore\/admin"}
------------------------------------------------------------

[2026-09-11 10:03:14] user_id=2 urządzenia=android:1,ios:0
Tytuł: Nowa wiadomość
Treść: Masz nową wiadomość na Ridemore.
Dane: {"url":"http:\/\/localhost\/ridemore\/wiadomosci\/228"}
------------------------------------------------------------

[2026-09-11 10:03:14] user_id=1 urządzenia=android:1,ios:0
Tytuł: Ktoś dołączył do Twojego wyjazdu
Treść: TEST grupa push
Dane: {"url":"http:\/\/localhost\/ridemore\/admin"}
------------------------------------------------------------

[2026-09-11 10:03:14] user_id=1 urządzenia=android:1,ios:0
Tytuł: Nowa wiadomość — TEST grupa push
Treść: Sprawdź kanał grupowy wyjazdu.
Dane: {"url":"http:\/\/localhost\/ridemore\/wiadomosci\/grupa\/831"}
------------------------------------------------------------

[2026-09-11 10:03:14] user_id=1 urządzenia=android:1,ios:0
Tytuł: Nowy skarb w Twojej okolicy
Treść: TEST skarb okolica
Dane: {"url":"http:\/\/localhost\/ridemore\/odkrycia"}
------------------------------------------------------------

[2026-09-11 10:03:14] user_id=1 urządzenia=android:1,ios:0
Tytuł: Nowy skarb w Twojej okolicy
Treść: Coś ciekawego czeka w Twojej okolicy — sprawdź mapę.
Dane: {"url":"http:\/\/localhost\/ridemore\/odkrycia"}
------------------------------------------------------------

[2026-09-11 10:39:50] user_id=1 urządzenia=android:1,ios:0
Tytuł: TEST tytuł
Treść: TEST treść
Dane: []
------------------------------------------------------------

[2026-09-11 10:39:50] user_id=1 urządzenia=android:1,ios:0
Tytuł: Ktoś dołączył do Twojego wyjazdu
Treść: TEST wyjazd push
Dane: {"url":"http:\/\/localhost\/ridemore\/admin"}
------------------------------------------------------------

[2026-09-11 10:39:50] user_id=2 urządzenia=android:1,ios:0
Tytuł: Nowa wiadomość
Treść: Masz nową wiadomość na Ridemore.
Dane: {"url":"http:\/\/localhost\/ridemore\/wiadomosci\/229"}
------------------------------------------------------------

[2026-09-11 10:39:50] user_id=1 urządzenia=android:1,ios:0
Tytuł: Ktoś dołączył do Twojego wyjazdu
Treść: TEST grupa push
Dane: {"url":"http:\/\/localhost\/ridemore\/admin"}
------------------------------------------------------------

[2026-09-11 10:39:50] user_id=1 urządzenia=android:1,ios:0
Tytuł: Nowa wiadomość — TEST grupa push
Treść: Sprawdź kanał grupowy wyjazdu.
Dane: {"url":"http:\/\/localhost\/ridemore\/wiadomosci\/grupa\/835"}
------------------------------------------------------------

[2026-09-11 10:39:50] user_id=1 urządzenia=android:1,ios:0
Tytuł: Nowy skarb w Twojej okolicy
Treść: TEST skarb okolica
Dane: {"url":"http:\/\/localhost\/ridemore\/odkrycia"}
------------------------------------------------------------

[2026-09-11 10:39:50] user_id=1 urządzenia=android:1,ios:0
Tytuł: Nowy skarb w Twojej okolicy
Treść: Coś ciekawego czeka w Twojej okolicy — sprawdź mapę.
Dane: {"url":"http:\/\/localhost\/ridemore\/odkrycia"}
------------------------------------------------------------

[2026-09-11 10:45:34] user_id=1 urządzenia=android:1,ios:0
Tytuł: TEST tytuł
Treść: TEST treść
Dane: []
------------------------------------------------------------

[2026-09-11 10:45:34] user_id=1 urządzenia=android:1,ios:0
Tytuł: Ktoś dołączył do Twojego wyjazdu
Treść: TEST wyjazd push
Dane: {"url":"http:\/\/localhost\/ridemore\/admin"}
------------------------------------------------------------

[2026-09-11 10:45:34] user_id=2 urządzenia=android:1,ios:0
Tytuł: Nowa wiadomość
Treść: Masz nową wiadomość na Ridemore.
Dane: {"url":"http:\/\/localhost\/ridemore\/wiadomosci\/230"}
------------------------------------------------------------

[2026-09-11 10:45:34] user_id=1 urządzenia=android:1,ios:0
Tytuł: Ktoś dołączył do Twojego wyjazdu
Treść: TEST grupa push
Dane: {"url":"http:\/\/localhost\/ridemore\/admin"}
------------------------------------------------------------

[2026-09-11 10:45:34] user_id=1 urządzenia=android:1,ios:0
Tytuł: Nowa wiadomość — TEST grupa push
Treść: Sprawdź kanał grupowy wyjazdu.
Dane: {"url":"http:\/\/localhost\/ridemore\/wiadomosci\/grupa\/839"}
------------------------------------------------------------

[2026-09-11 10:45:34] user_id=1 urządzenia=android:1,ios:0
Tytuł: Nowy skarb w Twojej okolicy
Treść: TEST skarb okolica
Dane: {"url":"http:\/\/localhost\/ridemore\/odkrycia"}
------------------------------------------------------------

[2026-09-11 10:45:34] user_id=1 urządzenia=android:1,ios:0
Tytuł: Nowy skarb w Twojej okolicy
Treść: Coś ciekawego czeka w Twojej okolicy — sprawdź mapę.
Dane: {"url":"http:\/\/localhost\/ridemore\/odkrycia"}
------------------------------------------------------------

[2026-09-11 11:06:25] user_id=1 urządzenia=android:1,ios:0
Tytuł: TEST tytuł
Treść: TEST treść
Dane: []
------------------------------------------------------------

[2026-09-11 11:06:25] user_id=1 urządzenia=android:1,ios:0
Tytuł: Ktoś dołączył do Twojego wyjazdu
Treść: TEST wyjazd push
Dane: {"url":"http:\/\/localhost\/ridemore\/admin"}
------------------------------------------------------------

[2026-09-11 11:06:25] user_id=2 urządzenia=android:1,ios:0
Tytuł: Nowa wiadomość
Treść: Masz nową wiadomość na Ridemore.
Dane: {"url":"http:\/\/localhost\/ridemore\/wiadomosci\/232"}
------------------------------------------------------------

[2026-09-11 11:06:25] user_id=1 urządzenia=android:1,ios:0
Tytuł: Ktoś dołączył do Twojego wyjazdu
Treść: TEST grupa push
Dane: {"url":"http:\/\/localhost\/ridemore\/admin"}
------------------------------------------------------------

[2026-09-11 11:06:25] user_id=1 urządzenia=android:1,ios:0
Tytuł: Nowa wiadomość — TEST grupa push
Treść: Sprawdź kanał grupowy wyjazdu.
Dane: {"url":"http:\/\/localhost\/ridemore\/wiadomosci\/grupa\/847"}
------------------------------------------------------------

[2026-09-11 11:06:25] user_id=1 urządzenia=android:1,ios:0
Tytuł: Nowy skarb w Twojej okolicy
Treść: TEST skarb okolica
Dane: {"url":"http:\/\/localhost\/ridemore\/odkrycia"}
------------------------------------------------------------

[2026-09-11 11:06:25] user_id=1 urządzenia=android:1,ios:0
Tytuł: Nowy skarb w Twojej okolicy
Treść: Coś ciekawego czeka w Twojej okolicy — sprawdź mapę.
Dane: {"url":"http:\/\/localhost\/ridemore\/odkrycia"}
------------------------------------------------------------

[2026-09-11 13:17:40] user_id=1 urządzenia=android:1,ios:0
Tytuł: TEST tytuł
Treść: TEST treść
Dane: []
------------------------------------------------------------

[2026-09-11 13:17:40] user_id=1 urządzenia=android:1,ios:0
Tytuł: Ktoś dołączył do Twojego wyjazdu
Treść: TEST wyjazd push
Dane: {"url":"http:\/\/localhost\/ridemore\/admin"}
------------------------------------------------------------

[2026-09-11 13:17:40] user_id=2 urządzenia=android:1,ios:0
Tytuł: Nowa wiadomość
Treść: Masz nową wiadomość na Ridemore.
Dane: {"url":"http:\/\/localhost\/ridemore\/wiadomosci\/233"}
------------------------------------------------------------

[2026-09-11 13:17:40] user_id=1 urządzenia=android:1,ios:0
Tytuł: Ktoś dołączył do Twojego wyjazdu
Treść: TEST grupa push
Dane: {"url":"http:\/\/localhost\/ridemore\/admin"}
------------------------------------------------------------

[2026-09-11 13:17:40] user_id=1 urządzenia=android:1,ios:0
Tytuł: Nowa wiadomość — TEST grupa push
Treść: Sprawdź kanał grupowy wyjazdu.
Dane: {"url":"http:\/\/localhost\/ridemore\/wiadomosci\/grupa\/851"}
------------------------------------------------------------

[2026-09-11 13:17:40] user_id=1 urządzenia=android:1,ios:0
Tytuł: Nowy skarb w Twojej okolicy
Treść: TEST skarb okolica
Dane: {"url":"http:\/\/localhost\/ridemore\/odkrycia"}
------------------------------------------------------------

[2026-09-11 13:17:41] user_id=1 urządzenia=android:1,ios:0
Tytuł: Nowy skarb w Twojej okolicy
Treść: Coś ciekawego czeka w Twojej okolicy — sprawdź mapę.
Dane: {"url":"http:\/\/localhost\/ridemore\/odkrycia"}
------------------------------------------------------------

[2026-09-11 13:18:42] user_id=1 urządzenia=android:1,ios:0
Tytuł: TEST tytuł
Treść: TEST treść
Dane: []
------------------------------------------------------------

[2026-09-11 13:18:42] user_id=1 urządzenia=android:1,ios:0
Tytuł: Ktoś dołączył do Twojego wyjazdu
Treść: TEST wyjazd push
Dane: {"url":"http:\/\/localhost\/ridemore\/admin"}
------------------------------------------------------------

[2026-09-11 13:18:42] user_id=2 urządzenia=android:1,ios:0
Tytuł: Nowa wiadomość
Treść: Masz nową wiadomość na Ridemore.
Dane: {"url":"http:\/\/localhost\/ridemore\/wiadomosci\/234"}
------------------------------------------------------------

[2026-09-11 13:18:42] user_id=1 urządzenia=android:1,ios:0
Tytuł: Ktoś dołączył do Twojego wyjazdu
Treść: TEST grupa push
Dane: {"url":"http:\/\/localhost\/ridemore\/admin"}
------------------------------------------------------------

[2026-09-11 13:18:42] user_id=1 urządzenia=android:1,ios:0
Tytuł: Nowa wiadomość — TEST grupa push
Treść: Sprawdź kanał grupowy wyjazdu.
Dane: {"url":"http:\/\/localhost\/ridemore\/wiadomosci\/grupa\/855"}
------------------------------------------------------------

[2026-09-11 13:18:42] user_id=1 urządzenia=android:1,ios:0
Tytuł: Nowy skarb w Twojej okolicy
Treść: TEST skarb okolica
Dane: {"url":"http:\/\/localhost\/ridemore\/odkrycia"}
------------------------------------------------------------

[2026-09-11 13:18:43] user_id=1 urządzenia=android:1,ios:0
Tytuł: Nowy skarb w Twojej okolicy
Treść: Coś ciekawego czeka w Twojej okolicy — sprawdź mapę.
Dane: {"url":"http:\/\/localhost\/ridemore\/odkrycia"}
------------------------------------------------------------

[2026-09-11 13:22:37] user_id=1 urządzenia=android:1,ios:0
Tytuł: TEST tytuł
Treść: TEST treść
Dane: []
------------------------------------------------------------

[2026-09-11 13:22:38] user_id=1 urządzenia=android:1,ios:0
Tytuł: Ktoś dołączył do Twojego wyjazdu
Treść: TEST wyjazd push
Dane: {"url":"http:\/\/localhost\/ridemore\/admin"}
------------------------------------------------------------

[2026-09-11 13:22:38] user_id=2 urządzenia=android:1,ios:0
Tytuł: Nowa wiadomość
Treść: Masz nową wiadomość na Ridemore.
Dane: {"url":"http:\/\/localhost\/ridemore\/wiadomosci\/235"}
------------------------------------------------------------

[2026-09-11 13:22:38] user_id=1 urządzenia=android:1,ios:0
Tytuł: Ktoś dołączył do Twojego wyjazdu
Treść: TEST grupa push
Dane: {"url":"http:\/\/localhost\/ridemore\/admin"}
------------------------------------------------------------

[2026-09-11 13:22:38] user_id=1 urządzenia=android:1,ios:0
Tytuł: Nowa wiadomość — TEST grupa push
Treść: Sprawdź kanał grupowy wyjazdu.
Dane: {"url":"http:\/\/localhost\/ridemore\/wiadomosci\/grupa\/859"}
------------------------------------------------------------

[2026-09-11 13:22:38] user_id=1 urządzenia=android:1,ios:0
Tytuł: Nowy skarb w Twojej okolicy
Treść: TEST skarb okolica
Dane: {"url":"http:\/\/localhost\/ridemore\/odkrycia"}
------------------------------------------------------------

[2026-09-11 13:22:39] user_id=1 urządzenia=android:1,ios:0
Tytuł: Nowy skarb w Twojej okolicy
Treść: Coś ciekawego czeka w Twojej okolicy — sprawdź mapę.
Dane: {"url":"http:\/\/localhost\/ridemore\/odkrycia"}
------------------------------------------------------------

[2026-09-11 13:23:58] user_id=1 urządzenia=android:1,ios:0
Tytuł: TEST tytuł
Treść: TEST treść
Dane: []
------------------------------------------------------------

[2026-09-11 13:23:58] user_id=1 urządzenia=android:1,ios:0
Tytuł: Ktoś dołączył do Twojego wyjazdu
Treść: TEST wyjazd push
Dane: {"url":"http:\/\/localhost\/ridemore\/admin"}
------------------------------------------------------------

[2026-09-11 13:23:58] user_id=2 urządzenia=android:1,ios:0
Tytuł: Nowa wiadomość
Treść: Masz nową wiadomość na Ridemore.
Dane: {"url":"http:\/\/localhost\/ridemore\/wiadomosci\/236"}
------------------------------------------------------------

[2026-09-11 13:23:58] user_id=1 urządzenia=android:1,ios:0
Tytuł: Ktoś dołączył do Twojego wyjazdu
Treść: TEST grupa push
Dane: {"url":"http:\/\/localhost\/ridemore\/admin"}
------------------------------------------------------------

[2026-09-11 13:23:58] user_id=1 urządzenia=android:1,ios:0
Tytuł: Nowa wiadomość — TEST grupa push
Treść: Sprawdź kanał grupowy wyjazdu.
Dane: {"url":"http:\/\/localhost\/ridemore\/wiadomosci\/grupa\/863"}
------------------------------------------------------------

[2026-09-11 13:23:58] user_id=1 urządzenia=android:1,ios:0
Tytuł: Nowy skarb w Twojej okolicy
Treść: TEST skarb okolica
Dane: {"url":"http:\/\/localhost\/ridemore\/odkrycia"}
------------------------------------------------------------

[2026-09-11 13:23:59] user_id=1 urządzenia=android:1,ios:0
Tytuł: Nowy skarb w Twojej okolicy
Treść: Coś ciekawego czeka w Twojej okolicy — sprawdź mapę.
Dane: {"url":"http:\/\/localhost\/ridemore\/odkrycia"}
------------------------------------------------------------

[2026-09-11 13:24:53] user_id=1 urządzenia=android:1,ios:0
Tytuł: TEST tytuł
Treść: TEST treść
Dane: []
------------------------------------------------------------

[2026-09-11 13:24:53] user_id=1 urządzenia=android:1,ios:0
Tytuł: Ktoś dołączył do Twojego wyjazdu
Treść: TEST wyjazd push
Dane: {"url":"http:\/\/localhost\/ridemore\/admin"}
------------------------------------------------------------

[2026-09-11 13:24:53] user_id=2 urządzenia=android:1,ios:0
Tytuł: Nowa wiadomość
Treść: Masz nową wiadomość na Ridemore.
Dane: {"url":"http:\/\/localhost\/ridemore\/wiadomosci\/237"}
------------------------------------------------------------

[2026-09-11 13:24:53] user_id=1 urządzenia=android:1,ios:0
Tytuł: Ktoś dołączył do Twojego wyjazdu
Treść: TEST grupa push
Dane: {"url":"http:\/\/localhost\/ridemore\/admin"}
------------------------------------------------------------

[2026-09-11 13:24:53] user_id=1 urządzenia=android:1,ios:0
Tytuł: Nowa wiadomość — TEST grupa push
Treść: Sprawdź kanał grupowy wyjazdu.
Dane: {"url":"http:\/\/localhost\/ridemore\/wiadomosci\/grupa\/867"}
------------------------------------------------------------

[2026-09-11 13:24:53] user_id=1 urządzenia=android:1,ios:0
Tytuł: Nowy skarb w Twojej okolicy
Treść: TEST skarb okolica
Dane: {"url":"http:\/\/localhost\/ridemore\/odkrycia"}
------------------------------------------------------------

[2026-09-11 13:24:54] user_id=1 urządzenia=android:1,ios:0
Tytuł: Nowy skarb w Twojej okolicy
Treść: Coś ciekawego czeka w Twojej okolicy — sprawdź mapę.
Dane: {"url":"http:\/\/localhost\/ridemore\/odkrycia"}
------------------------------------------------------------

[2026-09-11 13:29:47] user_id=1 urządzenia=android:1,ios:0
Tytuł: TEST tytuł
Treść: TEST treść
Dane: []
------------------------------------------------------------

[2026-09-11 13:29:47] user_id=1 urządzenia=android:1,ios:0
Tytuł: Ktoś dołączył do Twojego wyjazdu
Treść: TEST wyjazd push
Dane: {"url":"http:\/\/localhost\/ridemore\/admin"}
------------------------------------------------------------

[2026-09-11 13:29:47] user_id=2 urządzenia=android:1,ios:0
Tytuł: Nowa wiadomość
Treść: Masz nową wiadomość na Ridemore.
Dane: {"url":"http:\/\/localhost\/ridemore\/wiadomosci\/238"}
------------------------------------------------------------

[2026-09-11 13:29:47] user_id=1 urządzenia=android:1,ios:0
Tytuł: Ktoś dołączył do Twojego wyjazdu
Treść: TEST grupa push
Dane: {"url":"http:\/\/localhost\/ridemore\/admin"}
------------------------------------------------------------

[2026-09-11 13:29:47] user_id=1 urządzenia=android:1,ios:0
Tytuł: Nowa wiadomość — TEST grupa push
Treść: Sprawdź kanał grupowy wyjazdu.
Dane: {"url":"http:\/\/localhost\/ridemore\/wiadomosci\/grupa\/871"}
------------------------------------------------------------

[2026-09-11 13:29:47] user_id=1 urządzenia=android:1,ios:0
Tytuł: Nowy skarb w Twojej okolicy
Treść: TEST skarb okolica
Dane: {"url":"http:\/\/localhost\/ridemore\/odkrycia"}
------------------------------------------------------------

[2026-09-11 13:29:48] user_id=1 urządzenia=android:1,ios:0
Tytuł: Nowy skarb w Twojej okolicy
Treść: Coś ciekawego czeka w Twojej okolicy — sprawdź mapę.
Dane: {"url":"http:\/\/localhost\/ridemore\/odkrycia"}
------------------------------------------------------------

[2026-09-11 13:32:21] user_id=1 urządzenia=android:1,ios:0
Tytuł: TEST tytuł
Treść: TEST treść
Dane: []
------------------------------------------------------------

[2026-09-11 13:32:21] user_id=1 urządzenia=android:1,ios:0
Tytuł: Ktoś dołączył do Twojego wyjazdu
Treść: TEST wyjazd push
Dane: {"url":"http:\/\/localhost\/ridemore\/admin"}
------------------------------------------------------------

[2026-09-11 13:32:21] user_id=2 urządzenia=android:1,ios:0
Tytuł: Nowa wiadomość
Treść: Masz nową wiadomość na Ridemore.
Dane: {"url":"http:\/\/localhost\/ridemore\/wiadomosci\/239"}
------------------------------------------------------------

[2026-09-11 13:32:21] user_id=1 urządzenia=android:1,ios:0
Tytuł: Ktoś dołączył do Twojego wyjazdu
Treść: TEST grupa push
Dane: {"url":"http:\/\/localhost\/ridemore\/admin"}
------------------------------------------------------------

[2026-09-11 13:32:21] user_id=1 urządzenia=android:1,ios:0
Tytuł: Nowa wiadomość — TEST grupa push
Treść: Sprawdź kanał grupowy wyjazdu.
Dane: {"url":"http:\/\/localhost\/ridemore\/wiadomosci\/grupa\/875"}
------------------------------------------------------------

[2026-09-11 13:32:21] user_id=1 urządzenia=android:1,ios:0
Tytuł: Nowy skarb w Twojej okolicy
Treść: TEST skarb okolica
Dane: {"url":"http:\/\/localhost\/ridemore\/odkrycia"}
------------------------------------------------------------

[2026-09-11 13:32:21] user_id=1 urządzenia=android:1,ios:0
Tytuł: Nowy skarb w Twojej okolicy
Treść: Coś ciekawego czeka w Twojej okolicy — sprawdź mapę.
Dane: {"url":"http:\/\/localhost\/ridemore\/odkrycia"}
------------------------------------------------------------

[2026-09-11 13:33:24] user_id=1 urządzenia=android:1,ios:0
Tytuł: TEST tytuł
Treść: TEST treść
Dane: []
------------------------------------------------------------

[2026-09-11 13:33:24] user_id=1 urządzenia=android:1,ios:0
Tytuł: Ktoś dołączył do Twojego wyjazdu
Treść: TEST wyjazd push
Dane: {"url":"http:\/\/localhost\/ridemore\/admin"}
------------------------------------------------------------

[2026-09-11 13:33:24] user_id=2 urządzenia=android:1,ios:0
Tytuł: Nowa wiadomość
Treść: Masz nową wiadomość na Ridemore.
Dane: {"url":"http:\/\/localhost\/ridemore\/wiadomosci\/240"}
------------------------------------------------------------

[2026-09-11 13:33:24] user_id=1 urządzenia=android:1,ios:0
Tytuł: Ktoś dołączył do Twojego wyjazdu
Treść: TEST grupa push
Dane: {"url":"http:\/\/localhost\/ridemore\/admin"}
------------------------------------------------------------

[2026-09-11 13:33:24] user_id=1 urządzenia=android:1,ios:0
Tytuł: Nowa wiadomość — TEST grupa push
Treść: Sprawdź kanał grupowy wyjazdu.
Dane: {"url":"http:\/\/localhost\/ridemore\/wiadomosci\/grupa\/879"}
------------------------------------------------------------

[2026-09-11 13:33:25] user_id=1 urządzenia=android:1,ios:0
Tytuł: Nowy skarb w Twojej okolicy
Treść: TEST skarb okolica
Dane: {"url":"http:\/\/localhost\/ridemore\/odkrycia"}
------------------------------------------------------------

[2026-09-11 13:33:25] user_id=1 urządzenia=android:1,ios:0
Tytuł: Nowy skarb w Twojej okolicy
Treść: Coś ciekawego czeka w Twojej okolicy — sprawdź mapę.
Dane: {"url":"http:\/\/localhost\/ridemore\/odkrycia"}
------------------------------------------------------------

[2026-09-11 13:39:30] user_id=1 urządzenia=android:1,ios:0
Tytuł: TEST tytuł
Treść: TEST treść
Dane: []
------------------------------------------------------------

[2026-09-11 13:39:30] user_id=1 urządzenia=android:1,ios:0
Tytuł: Ktoś dołączył do Twojego wyjazdu
Treść: TEST wyjazd push
Dane: {"url":"http:\/\/localhost\/ridemore\/admin"}
------------------------------------------------------------

[2026-09-11 13:39:30] user_id=2 urządzenia=android:1,ios:0
Tytuł: Nowa wiadomość
Treść: Masz nową wiadomość na Ridemore.
Dane: {"url":"http:\/\/localhost\/ridemore\/wiadomosci\/241"}
------------------------------------------------------------

[2026-09-11 13:39:30] user_id=1 urządzenia=android:1,ios:0
Tytuł: Ktoś dołączył do Twojego wyjazdu
Treść: TEST grupa push
Dane: {"url":"http:\/\/localhost\/ridemore\/admin"}
------------------------------------------------------------

[2026-09-11 13:39:30] user_id=1 urządzenia=android:1,ios:0
Tytuł: Nowa wiadomość — TEST grupa push
Treść: Sprawdź kanał grupowy wyjazdu.
Dane: {"url":"http:\/\/localhost\/ridemore\/wiadomosci\/grupa\/883"}
------------------------------------------------------------

[2026-09-11 13:39:31] user_id=1 urządzenia=android:1,ios:0
Tytuł: Nowy skarb w Twojej okolicy
Treść: TEST skarb okolica
Dane: {"url":"http:\/\/localhost\/ridemore\/odkrycia"}
------------------------------------------------------------

[2026-09-11 13:39:31] user_id=1 urządzenia=android:1,ios:0
Tytuł: Nowy skarb w Twojej okolicy
Treść: Coś ciekawego czeka w Twojej okolicy — sprawdź mapę.
Dane: {"url":"http:\/\/localhost\/ridemore\/odkrycia"}
------------------------------------------------------------

[2026-09-11 13:59:51] user_id=1 urządzenia=android:1,ios:0
Tytuł: TEST tytuł
Treść: TEST treść
Dane: []
------------------------------------------------------------

[2026-09-11 13:59:51] user_id=1 urządzenia=android:1,ios:0
Tytuł: Ktoś dołączył do Twojego wyjazdu
Treść: TEST wyjazd push
Dane: {"url":"http:\/\/localhost\/ridemore\/admin"}
------------------------------------------------------------

[2026-09-11 13:59:51] user_id=2 urządzenia=android:1,ios:0
Tytuł: Nowa wiadomość
Treść: Masz nową wiadomość na Ridemore.
Dane: {"url":"http:\/\/localhost\/ridemore\/wiadomosci\/242"}
------------------------------------------------------------

[2026-09-11 13:59:51] user_id=1 urządzenia=android:1,ios:0
Tytuł: Ktoś dołączył do Twojego wyjazdu
Treść: TEST grupa push
Dane: {"url":"http:\/\/localhost\/ridemore\/admin"}
------------------------------------------------------------

[2026-09-11 13:59:51] user_id=1 urządzenia=android:1,ios:0
Tytuł: Nowa wiadomość — TEST grupa push
Treść: Sprawdź kanał grupowy wyjazdu.
Dane: {"url":"http:\/\/localhost\/ridemore\/wiadomosci\/grupa\/887"}
------------------------------------------------------------

[2026-09-11 13:59:51] user_id=1 urządzenia=android:1,ios:0
Tytuł: Nowy skarb w Twojej okolicy
Treść: TEST skarb okolica
Dane: {"url":"http:\/\/localhost\/ridemore\/odkrycia"}
------------------------------------------------------------

[2026-09-11 13:59:51] user_id=1 urządzenia=android:1,ios:0
Tytuł: Nowy skarb w Twojej okolicy
Treść: Coś ciekawego czeka w Twojej okolicy — sprawdź mapę.
Dane: {"url":"http:\/\/localhost\/ridemore\/odkrycia"}
------------------------------------------------------------

[2026-09-11 14:16:06] user_id=1 urządzenia=android:1,ios:0
Tytuł: TEST tytuł
Treść: TEST treść
Dane: []
------------------------------------------------------------

[2026-09-11 14:16:06] user_id=1 urządzenia=android:1,ios:0
Tytuł: Ktoś dołączył do Twojego wyjazdu
Treść: TEST wyjazd push
Dane: {"url":"http:\/\/localhost\/ridemore\/admin"}
------------------------------------------------------------

[2026-09-11 14:16:06] user_id=2 urządzenia=android:1,ios:0
Tytuł: Nowa wiadomość
Treść: Masz nową wiadomość na Ridemore.
Dane: {"url":"http:\/\/localhost\/ridemore\/wiadomosci\/243"}
------------------------------------------------------------

[2026-09-11 14:16:06] user_id=1 urządzenia=android:1,ios:0
Tytuł: Ktoś dołączył do Twojego wyjazdu
Treść: TEST grupa push
Dane: {"url":"http:\/\/localhost\/ridemore\/admin"}
------------------------------------------------------------

[2026-09-11 14:16:06] user_id=1 urządzenia=android:1,ios:0
Tytuł: Nowa wiadomość — TEST grupa push
Treść: Sprawdź kanał grupowy wyjazdu.
Dane: {"url":"http:\/\/localhost\/ridemore\/wiadomosci\/grupa\/891"}
------------------------------------------------------------

[2026-09-11 14:16:06] user_id=1 urządzenia=android:1,ios:0
Tytuł: Nowy skarb w Twojej okolicy
Treść: TEST skarb okolica
Dane: {"url":"http:\/\/localhost\/ridemore\/odkrycia"}
------------------------------------------------------------

[2026-09-11 14:16:06] user_id=1 urządzenia=android:1,ios:0
Tytuł: Nowy skarb w Twojej okolicy
Treść: Coś ciekawego czeka w Twojej okolicy — sprawdź mapę.
Dane: {"url":"http:\/\/localhost\/ridemore\/odkrycia"}
------------------------------------------------------------

[2026-09-11 14:18:51] user_id=1 urządzenia=android:1,ios:0
Tytuł: TEST tytuł
Treść: TEST treść
Dane: []
------------------------------------------------------------

[2026-09-11 14:18:51] user_id=1 urządzenia=android:1,ios:0
Tytuł: Ktoś dołączył do Twojego wyjazdu
Treść: TEST wyjazd push
Dane: {"url":"http:\/\/localhost\/ridemore\/admin"}
------------------------------------------------------------

[2026-09-11 14:18:51] user_id=2 urządzenia=android:1,ios:0
Tytuł: Nowa wiadomość
Treść: Masz nową wiadomość na Ridemore.
Dane: {"url":"http:\/\/localhost\/ridemore\/wiadomosci\/244"}
------------------------------------------------------------

[2026-09-11 14:18:51] user_id=1 urządzenia=android:1,ios:0
Tytuł: Ktoś dołączył do Twojego wyjazdu
Treść: TEST grupa push
Dane: {"url":"http:\/\/localhost\/ridemore\/admin"}
------------------------------------------------------------

[2026-09-11 14:18:51] user_id=1 urządzenia=android:1,ios:0
Tytuł: Nowa wiadomość — TEST grupa push
Treść: Sprawdź kanał grupowy wyjazdu.
Dane: {"url":"http:\/\/localhost\/ridemore\/wiadomosci\/grupa\/895"}
------------------------------------------------------------

[2026-09-11 14:18:52] user_id=1 urządzenia=android:1,ios:0
Tytuł: Nowy skarb w Twojej okolicy
Treść: TEST skarb okolica
Dane: {"url":"http:\/\/localhost\/ridemore\/odkrycia"}
------------------------------------------------------------

[2026-09-11 14:18:52] user_id=1 urządzenia=android:1,ios:0
Tytuł: Nowy skarb w Twojej okolicy
Treść: Coś ciekawego czeka w Twojej okolicy — sprawdź mapę.
Dane: {"url":"http:\/\/localhost\/ridemore\/odkrycia"}
------------------------------------------------------------

[2026-09-11 14:22:31] user_id=1 urządzenia=android:1,ios:0
Tytuł: TEST tytuł
Treść: TEST treść
Dane: []
------------------------------------------------------------

[2026-09-11 14:22:31] user_id=1 urządzenia=android:1,ios:0
Tytuł: Ktoś dołączył do Twojego wyjazdu
Treść: TEST wyjazd push
Dane: {"url":"http:\/\/localhost\/ridemore\/admin"}
------------------------------------------------------------

[2026-09-11 14:22:31] user_id=2 urządzenia=android:1,ios:0
Tytuł: Nowa wiadomość
Treść: Masz nową wiadomość na Ridemore.
Dane: {"url":"http:\/\/localhost\/ridemore\/wiadomosci\/245"}
------------------------------------------------------------

[2026-09-11 14:22:31] user_id=1 urządzenia=android:1,ios:0
Tytuł: Ktoś dołączył do Twojego wyjazdu
Treść: TEST grupa push
Dane: {"url":"http:\/\/localhost\/ridemore\/admin"}
------------------------------------------------------------

[2026-09-11 14:22:31] user_id=1 urządzenia=android:1,ios:0
Tytuł: Nowa wiadomość — TEST grupa push
Treść: Sprawdź kanał grupowy wyjazdu.
Dane: {"url":"http:\/\/localhost\/ridemore\/wiadomosci\/grupa\/899"}
------------------------------------------------------------

[2026-09-11 14:22:31] user_id=1 urządzenia=android:1,ios:0
Tytuł: Nowy skarb w Twojej okolicy
Treść: TEST skarb okolica
Dane: {"url":"http:\/\/localhost\/ridemore\/odkrycia"}
------------------------------------------------------------

[2026-09-11 14:22:31] user_id=1 urządzenia=android:1,ios:0
Tytuł: Nowy skarb w Twojej okolicy
Treść: Coś ciekawego czeka w Twojej okolicy — sprawdź mapę.
Dane: {"url":"http:\/\/localhost\/ridemore\/odkrycia"}
------------------------------------------------------------

[2026-09-11 15:06:46] user_id=1 urządzenia=android:1,ios:0
Tytuł: TEST tytuł
Treść: TEST treść
Dane: []
------------------------------------------------------------

[2026-09-11 15:06:47] user_id=1 urządzenia=android:1,ios:0
Tytuł: Ktoś dołączył do Twojego wyjazdu
Treść: TEST wyjazd push
Dane: {"url":"http:\/\/localhost\/ridemore\/admin"}
------------------------------------------------------------

[2026-09-11 15:06:47] user_id=2 urządzenia=android:1,ios:0
Tytuł: Nowa wiadomość
Treść: Masz nową wiadomość na Ridemore.
Dane: {"url":"http:\/\/localhost\/ridemore\/wiadomosci\/246"}
------------------------------------------------------------

[2026-09-11 15:06:47] user_id=1 urządzenia=android:1,ios:0
Tytuł: Ktoś dołączył do Twojego wyjazdu
Treść: TEST grupa push
Dane: {"url":"http:\/\/localhost\/ridemore\/admin"}
------------------------------------------------------------

[2026-09-11 15:06:47] user_id=1 urządzenia=android:1,ios:0
Tytuł: Nowa wiadomość — TEST grupa push
Treść: Sprawdź kanał grupowy wyjazdu.
Dane: {"url":"http:\/\/localhost\/ridemore\/wiadomosci\/grupa\/903"}
------------------------------------------------------------

[2026-09-11 15:06:47] user_id=1 urządzenia=android:1,ios:0
Tytuł: Nowy skarb w Twojej okolicy
Treść: TEST skarb okolica
Dane: {"url":"http:\/\/localhost\/ridemore\/odkrycia"}
------------------------------------------------------------

[2026-09-11 15:06:47] user_id=1 urządzenia=android:1,ios:0
Tytuł: Nowy skarb w Twojej okolicy
Treść: Coś ciekawego czeka w Twojej okolicy — sprawdź mapę.
Dane: {"url":"http:\/\/localhost\/ridemore\/odkrycia"}
------------------------------------------------------------

[2026-09-11 15:15:43] user_id=1 urządzenia=android:1,ios:0
Tytuł: TEST tytuł
Treść: TEST treść
Dane: []
------------------------------------------------------------

[2026-09-11 15:15:43] user_id=1 urządzenia=android:1,ios:0
Tytuł: Ktoś dołączył do Twojego wyjazdu
Treść: TEST wyjazd push
Dane: {"url":"http:\/\/localhost\/ridemore\/admin"}
------------------------------------------------------------

[2026-09-11 15:15:43] user_id=2 urządzenia=android:1,ios:0
Tytuł: Nowa wiadomość
Treść: Masz nową wiadomość na Ridemore.
Dane: {"url":"http:\/\/localhost\/ridemore\/wiadomosci\/247"}
------------------------------------------------------------

[2026-09-11 15:15:43] user_id=1 urządzenia=android:1,ios:0
Tytuł: Ktoś dołączył do Twojego wyjazdu
Treść: TEST grupa push
Dane: {"url":"http:\/\/localhost\/ridemore\/admin"}
------------------------------------------------------------

[2026-09-11 15:15:43] user_id=1 urządzenia=android:1,ios:0
Tytuł: Nowa wiadomość — TEST grupa push
Treść: Sprawdź kanał grupowy wyjazdu.
Dane: {"url":"http:\/\/localhost\/ridemore\/wiadomosci\/grupa\/907"}
------------------------------------------------------------

[2026-09-11 15:15:43] user_id=1 urządzenia=android:1,ios:0
Tytuł: Nowy skarb w Twojej okolicy
Treść: TEST skarb okolica
Dane: {"url":"http:\/\/localhost\/ridemore\/odkrycia"}
------------------------------------------------------------

[2026-09-11 15:15:43] user_id=1 urządzenia=android:1,ios:0
Tytuł: Nowy skarb w Twojej okolicy
Treść: Coś ciekawego czeka w Twojej okolicy — sprawdź mapę.
Dane: {"url":"http:\/\/localhost\/ridemore\/odkrycia"}
------------------------------------------------------------

[2026-09-11 16:12:10] user_id=1 urządzenia=android:1,ios:0
Tytuł: TEST tytuł
Treść: TEST treść
Dane: []
------------------------------------------------------------

[2026-09-11 16:12:10] user_id=1 urządzenia=android:1,ios:0
Tytuł: Ktoś dołączył do Twojego wyjazdu: TEST wyjazd push
Treść: TEST wyjazd push
Dane: {"url":"http:\/\/localhost\/ridemore\/wydarzenia\/test-push-07cf079b9432\/uczestnicy"}
------------------------------------------------------------

[2026-09-11 16:12:10] user_id=2 urządzenia=android:1,ios:0
Tytuł: Nowa wiadomość
Treść: Masz nową wiadomość na Ridemore.
Dane: {"url":"http:\/\/localhost\/ridemore\/wiadomosci\/248"}
------------------------------------------------------------

[2026-09-11 16:12:10] user_id=1 urządzenia=android:1,ios:0
Tytuł: Ktoś dołączył do Twojego wyjazdu: TEST grupa push
Treść: TEST grupa push
Dane: {"url":"http:\/\/localhost\/ridemore\/wydarzenia\/test-push-f288aed3ee63\/uczestnicy"}
------------------------------------------------------------

[2026-09-11 16:12:10] user_id=1 urządzenia=android:1,ios:0
Tytuł: Nowa wiadomość — TEST grupa push
Treść: Sprawdź kanał grupowy wyjazdu.
Dane: {"url":"http:\/\/localhost\/ridemore\/wiadomosci\/grupa\/911"}
------------------------------------------------------------

[2026-09-11 16:12:10] user_id=1 urządzenia=android:1,ios:0
Tytuł: Nowy skarb w Twojej okolicy
Treść: TEST skarb okolica
Dane: {"url":"http:\/\/localhost\/ridemore\/odkrycia?skarb=46768"}
------------------------------------------------------------

[2026-09-11 16:12:10] user_id=1 urządzenia=android:1,ios:0
Tytuł: Nowy skarb w Twojej okolicy
Treść: Coś ciekawego czeka w Twojej okolicy — sprawdź mapę.
Dane: {"url":"http:\/\/localhost\/ridemore\/odkrycia"}
------------------------------------------------------------

[2026-09-11 16:13:08] user_id=1 urządzenia=android:1,ios:0
Tytuł: TEST tytuł
Treść: TEST treść
Dane: []
------------------------------------------------------------

[2026-09-11 16:13:08] user_id=1 urządzenia=android:1,ios:0
Tytuł: Ktoś dołączył do Twojego wyjazdu: TEST wyjazd push
Treść: TEST wyjazd push
Dane: {"url":"http:\/\/localhost\/ridemore\/wydarzenia\/test-push-69cbc5deb336\/uczestnicy"}
------------------------------------------------------------

[2026-09-11 16:13:08] user_id=2 urządzenia=android:1,ios:0
Tytuł: Nowa wiadomość
Treść: Masz nową wiadomość na Ridemore.
Dane: {"url":"http:\/\/localhost\/ridemore\/wiadomosci\/249"}
------------------------------------------------------------

[2026-09-11 16:13:08] user_id=1 urządzenia=android:1,ios:0
Tytuł: Ktoś dołączył do Twojego wyjazdu: TEST grupa push
Treść: TEST grupa push
Dane: {"url":"http:\/\/localhost\/ridemore\/wydarzenia\/test-push-7054b4af42fa\/uczestnicy"}
------------------------------------------------------------

[2026-09-11 16:13:08] user_id=1 urządzenia=android:1,ios:0
Tytuł: Nowa wiadomość — TEST grupa push
Treść: Sprawdź kanał grupowy wyjazdu.
Dane: {"url":"http:\/\/localhost\/ridemore\/wiadomosci\/grupa\/915"}
------------------------------------------------------------

[2026-09-11 16:13:08] user_id=1 urządzenia=android:1,ios:0
Tytuł: Nowy skarb w Twojej okolicy
Treść: TEST skarb okolica
Dane: {"url":"http:\/\/localhost\/ridemore\/odkrycia?skarb=46890"}
------------------------------------------------------------

[2026-09-11 16:13:08] user_id=1 urządzenia=android:1,ios:0
Tytuł: Nowy skarb w Twojej okolicy
Treść: Coś ciekawego czeka w Twojej okolicy — sprawdź mapę.
Dane: {"url":"http:\/\/localhost\/ridemore\/odkrycia"}
------------------------------------------------------------

[2026-09-11 16:15:38] user_id=1 urządzenia=android:1,ios:0
Tytuł: TEST tytuł
Treść: TEST treść
Dane: []
------------------------------------------------------------

[2026-09-11 16:15:38] user_id=1 urządzenia=android:1,ios:0
Tytuł: Ktoś dołączył do Twojego wyjazdu
Treść: TEST wyjazd push
Dane: {"url":"http:\/\/localhost\/ridemore\/wydarzenia\/test-push-9259f44ce15d\/uczestnicy"}
------------------------------------------------------------

[2026-09-11 16:15:38] user_id=2 urządzenia=android:1,ios:0
Tytuł: Nowa wiadomość
Treść: Masz nową wiadomość na Ridemore.
Dane: {"url":"http:\/\/localhost\/ridemore\/wiadomosci\/250"}
------------------------------------------------------------

[2026-09-11 16:15:38] user_id=1 urządzenia=android:1,ios:0
Tytuł: Ktoś dołączył do Twojego wyjazdu
Treść: TEST grupa push
Dane: {"url":"http:\/\/localhost\/ridemore\/wydarzenia\/test-push-53b8dbdb0712\/uczestnicy"}
------------------------------------------------------------

[2026-09-11 16:15:38] user_id=1 urządzenia=android:1,ios:0
Tytuł: Nowa wiadomość — TEST grupa push
Treść: Sprawdź kanał grupowy wyjazdu.
Dane: {"url":"http:\/\/localhost\/ridemore\/wiadomosci\/grupa\/919"}
------------------------------------------------------------

[2026-09-11 16:15:38] user_id=1 urządzenia=android:1,ios:0
Tytuł: Nowy skarb w Twojej okolicy
Treść: TEST skarb okolica
Dane: {"url":"http:\/\/localhost\/ridemore\/odkrycia?skarb=47012"}
------------------------------------------------------------

[2026-09-11 16:15:38] user_id=1 urządzenia=android:1,ios:0
Tytuł: Nowy skarb w Twojej okolicy
Treść: Coś ciekawego czeka w Twojej okolicy — sprawdź mapę.
Dane: {"url":"http:\/\/localhost\/ridemore\/odkrycia"}
------------------------------------------------------------

[2026-09-11 16:18:49] user_id=1 urządzenia=android:1,ios:0
Tytuł: TEST tytuł
Treść: TEST treść
Dane: []
------------------------------------------------------------

[2026-09-11 16:18:49] user_id=1 urządzenia=android:1,ios:0
Tytuł: Ktoś dołączył do Twojego wyjazdu
Treść: TEST wyjazd push
Dane: {"url":"http:\/\/localhost\/ridemore\/wydarzenia\/test-push-5054f6c018d4\/uczestnicy"}
------------------------------------------------------------

[2026-09-11 16:18:49] user_id=2 urządzenia=android:1,ios:0
Tytuł: Nowa wiadomość
Treść: Masz nową wiadomość na Ridemore.
Dane: {"url":"http:\/\/localhost\/ridemore\/wiadomosci\/251"}
------------------------------------------------------------

[2026-09-11 16:18:49] user_id=1 urządzenia=android:1,ios:0
Tytuł: Ktoś dołączył do Twojego wyjazdu
Treść: TEST grupa push
Dane: {"url":"http:\/\/localhost\/ridemore\/wydarzenia\/test-push-8a18e5d7c08c\/uczestnicy"}
------------------------------------------------------------

[2026-09-11 16:18:49] user_id=1 urządzenia=android:1,ios:0
Tytuł: Nowa wiadomość — TEST grupa push
Treść: Sprawdź kanał grupowy wyjazdu.
Dane: {"url":"http:\/\/localhost\/ridemore\/wiadomosci\/grupa\/923"}
------------------------------------------------------------

[2026-09-11 16:18:49] user_id=1 urządzenia=android:1,ios:0
Tytuł: Nowy skarb w Twojej okolicy
Treść: TEST skarb okolica
Dane: {"url":"http:\/\/localhost\/ridemore\/odkrycia?skarb=47134"}
------------------------------------------------------------

[2026-09-11 16:18:49] user_id=1 urządzenia=android:1,ios:0
Tytuł: Nowy skarb w Twojej okolicy
Treść: Coś ciekawego czeka w Twojej okolicy — sprawdź mapę.
Dane: {"url":"http:\/\/localhost\/ridemore\/odkrycia"}
------------------------------------------------------------

[2026-09-11 19:02:40] user_id=1 urządzenia=android:1,ios:0
Tytuł: TEST tytuł
Treść: TEST treść
Dane: []
------------------------------------------------------------

[2026-09-11 19:02:40] user_id=1 urządzenia=android:1,ios:0
Tytuł: Ktoś dołączył do Twojego wyjazdu
Treść: TEST wyjazd push
Dane: {"url":"http:\/\/localhost\/ridemore\/wydarzenia\/test-push-ef277148b1b6\/uczestnicy"}
------------------------------------------------------------

[2026-09-11 19:02:40] user_id=2 urządzenia=android:1,ios:0
Tytuł: Nowa wiadomość
Treść: Masz nową wiadomość na Ridemore.
Dane: {"url":"http:\/\/localhost\/ridemore\/wiadomosci\/252"}
------------------------------------------------------------

[2026-09-11 19:02:40] user_id=1 urządzenia=android:1,ios:0
Tytuł: Ktoś dołączył do Twojego wyjazdu
Treść: TEST grupa push
Dane: {"url":"http:\/\/localhost\/ridemore\/wydarzenia\/test-push-e1715916c90d\/uczestnicy"}
------------------------------------------------------------

[2026-09-11 19:02:40] user_id=1 urządzenia=android:1,ios:0
Tytuł: Nowa wiadomość — TEST grupa push
Treść: Sprawdź kanał grupowy wyjazdu.
Dane: {"url":"http:\/\/localhost\/ridemore\/wiadomosci\/grupa\/927"}
------------------------------------------------------------

[2026-09-11 19:02:40] user_id=1 urządzenia=android:1,ios:0
Tytuł: Nowy skarb w Twojej okolicy
Treść: TEST skarb okolica
Dane: {"url":"http:\/\/localhost\/ridemore\/odkrycia?skarb=47244","nid":"1198"}
------------------------------------------------------------

[2026-09-11 19:02:40] user_id=1 urządzenia=android:1,ios:0
Tytuł: Nowy skarb w Twojej okolicy
Treść: Coś ciekawego czeka w Twojej okolicy — sprawdź mapę.
Dane: {"url":"http:\/\/localhost\/ridemore\/odkrycia","nid":"1200"}
------------------------------------------------------------

[2026-09-11 19:03:02] user_id=1 urządzenia=android:1,ios:0
Tytuł: TEST tytuł
Treść: TEST treść
Dane: []
------------------------------------------------------------

[2026-09-11 19:03:02] user_id=1 urządzenia=android:1,ios:0
Tytuł: Ktoś dołączył do Twojego wyjazdu
Treść: TEST wyjazd push
Dane: {"url":"http:\/\/localhost\/ridemore\/wydarzenia\/test-push-e17a5dea7345\/uczestnicy"}
------------------------------------------------------------

[2026-09-11 19:03:02] user_id=2 urządzenia=android:1,ios:0
Tytuł: Nowa wiadomość
Treść: Masz nową wiadomość na Ridemore.
Dane: {"url":"http:\/\/localhost\/ridemore\/wiadomosci\/253"}
------------------------------------------------------------

[2026-09-11 19:03:02] user_id=1 urządzenia=android:1,ios:0
Tytuł: Ktoś dołączył do Twojego wyjazdu
Treść: TEST grupa push
Dane: {"url":"http:\/\/localhost\/ridemore\/wydarzenia\/test-push-36c0f4aba9f1\/uczestnicy"}
------------------------------------------------------------

[2026-09-11 19:03:02] user_id=1 urządzenia=android:1,ios:0
Tytuł: Nowa wiadomość — TEST grupa push
Treść: Sprawdź kanał grupowy wyjazdu.
Dane: {"url":"http:\/\/localhost\/ridemore\/wiadomosci\/grupa\/930"}
------------------------------------------------------------

[2026-09-11 19:03:02] user_id=1 urządzenia=android:1,ios:0
Tytuł: Nowy skarb w Twojej okolicy
Treść: TEST skarb okolica
Dane: {"url":"http:\/\/localhost\/ridemore\/odkrycia?skarb=47251","nid":"1210"}
------------------------------------------------------------

[2026-09-11 19:03:02] user_id=1 urządzenia=android:1,ios:0
Tytuł: Nowy skarb w Twojej okolicy
Treść: Coś ciekawego czeka w Twojej okolicy — sprawdź mapę.
Dane: {"url":"http:\/\/localhost\/ridemore\/odkrycia","nid":"1212"}
------------------------------------------------------------

[2026-09-11 19:04:28] user_id=1 urządzenia=android:1,ios:0
Tytuł: TEST tytuł
Treść: TEST treść
Dane: []
------------------------------------------------------------

[2026-09-11 19:04:28] user_id=1 urządzenia=android:1,ios:0
Tytuł: Ktoś dołączył do Twojego wyjazdu
Treść: TEST wyjazd push
Dane: {"url":"http:\/\/localhost\/ridemore\/wydarzenia\/test-push-d4a275d7575c\/uczestnicy"}
------------------------------------------------------------

[2026-09-11 19:04:29] user_id=2 urządzenia=android:1,ios:0
Tytuł: Nowa wiadomość
Treść: Masz nową wiadomość na Ridemore.
Dane: {"url":"http:\/\/localhost\/ridemore\/wiadomosci\/254"}
------------------------------------------------------------

[2026-09-11 19:04:29] user_id=1 urządzenia=android:1,ios:0
Tytuł: Ktoś dołączył do Twojego wyjazdu
Treść: TEST grupa push
Dane: {"url":"http:\/\/localhost\/ridemore\/wydarzenia\/test-push-f7dcf5c7215f\/uczestnicy"}
------------------------------------------------------------

[2026-09-11 19:04:29] user_id=1 urządzenia=android:1,ios:0
Tytuł: Nowa wiadomość — TEST grupa push
Treść: Sprawdź kanał grupowy wyjazdu.
Dane: {"url":"http:\/\/localhost\/ridemore\/wiadomosci\/grupa\/933"}
------------------------------------------------------------

[2026-09-11 19:04:29] user_id=1 urządzenia=android:1,ios:0
Tytuł: Nowy skarb w Twojej okolicy
Treść: TEST skarb okolica
Dane: {"url":"http:\/\/localhost\/ridemore\/odkrycia?skarb=47273","nid":"1253"}
------------------------------------------------------------

[2026-09-11 19:04:29] user_id=1 urządzenia=android:1,ios:0
Tytuł: Nowy skarb w Twojej okolicy
Treść: Coś ciekawego czeka w Twojej okolicy — sprawdź mapę.
Dane: {"url":"http:\/\/localhost\/ridemore\/odkrycia","nid":"1255"}
------------------------------------------------------------

[2026-09-11 19:10:39] user_id=1 urządzenia=android:1,ios:0
Tytuł: TEST tytuł
Treść: TEST treść
Dane: []
------------------------------------------------------------

[2026-09-11 19:10:39] user_id=1 urządzenia=android:1,ios:0
Tytuł: Ktoś dołączył do Twojego wyjazdu
Treść: TEST wyjazd push
Dane: {"url":"http:\/\/localhost\/ridemore\/wydarzenia\/test-push-50362fb752ae\/uczestnicy"}
------------------------------------------------------------

[2026-09-11 19:10:39] user_id=2 urządzenia=android:1,ios:0
Tytuł: Nowa wiadomość
Treść: Masz nową wiadomość na Ridemore.
Dane: {"url":"http:\/\/localhost\/ridemore\/wiadomosci\/255"}
------------------------------------------------------------

[2026-09-11 19:10:39] user_id=1 urządzenia=android:1,ios:0
Tytuł: Ktoś dołączył do Twojego wyjazdu
Treść: TEST grupa push
Dane: {"url":"http:\/\/localhost\/ridemore\/wydarzenia\/test-push-25388be861b6\/uczestnicy"}
------------------------------------------------------------

[2026-09-11 19:10:39] user_id=1 urządzenia=android:1,ios:0
Tytuł: Nowa wiadomość — TEST grupa push
Treść: Sprawdź kanał grupowy wyjazdu.
Dane: {"url":"http:\/\/localhost\/ridemore\/wiadomosci\/grupa\/937"}
------------------------------------------------------------

[2026-09-11 19:10:39] user_id=1 urządzenia=android:1,ios:0
Tytuł: Nowy skarb w Twojej okolicy
Treść: TEST skarb okolica
Dane: {"url":"http:\/\/localhost\/ridemore\/odkrycia?skarb=47395","nid":"1296"}
------------------------------------------------------------

[2026-09-11 19:10:39] user_id=1 urządzenia=android:1,ios:0
Tytuł: Nowy skarb w Twojej okolicy
Treść: Coś ciekawego czeka w Twojej okolicy — sprawdź mapę.
Dane: {"url":"http:\/\/localhost\/ridemore\/odkrycia","nid":"1298"}
------------------------------------------------------------

[2026-09-11 19:14:35] user_id=1 urządzenia=android:1,ios:0
Tytuł: TEST tytuł
Treść: TEST treść
Dane: []
------------------------------------------------------------

[2026-09-11 19:14:35] user_id=1 urządzenia=android:1,ios:0
Tytuł: Ktoś dołączył do Twojego wyjazdu
Treść: TEST wyjazd push
Dane: {"url":"http:\/\/localhost\/ridemore\/wydarzenia\/test-push-0850c474e68a\/uczestnicy"}
------------------------------------------------------------

[2026-09-11 19:14:35] user_id=2 urządzenia=android:1,ios:0
Tytuł: Nowa wiadomość
Treść: Masz nową wiadomość na Ridemore.
Dane: {"url":"http:\/\/localhost\/ridemore\/wiadomosci\/256"}
------------------------------------------------------------

[2026-09-11 19:14:35] user_id=1 urządzenia=android:1,ios:0
Tytuł: Ktoś dołączył do Twojego wyjazdu
Treść: TEST grupa push
Dane: {"url":"http:\/\/localhost\/ridemore\/wydarzenia\/test-push-cc38d11d9e12\/uczestnicy"}
------------------------------------------------------------

[2026-09-11 19:14:35] user_id=1 urządzenia=android:1,ios:0
Tytuł: Nowa wiadomość — TEST grupa push
Treść: Sprawdź kanał grupowy wyjazdu.
Dane: {"url":"http:\/\/localhost\/ridemore\/wiadomosci\/grupa\/941"}
------------------------------------------------------------

[2026-09-11 19:14:35] user_id=1 urządzenia=android:1,ios:0
Tytuł: Nowy skarb w Twojej okolicy
Treść: TEST skarb okolica
Dane: {"url":"http:\/\/localhost\/ridemore\/odkrycia?skarb=47526","nid":"1339"}
------------------------------------------------------------

[2026-09-11 19:14:36] user_id=1 urządzenia=android:1,ios:0
Tytuł: Nowy skarb w Twojej okolicy
Treść: Coś ciekawego czeka w Twojej okolicy — sprawdź mapę.
Dane: {"url":"http:\/\/localhost\/ridemore\/odkrycia","nid":"1341"}
------------------------------------------------------------

[2026-09-11 19:16:56] user_id=1 urządzenia=android:1,ios:0
Tytuł: TEST tytuł
Treść: TEST treść
Dane: []
------------------------------------------------------------

[2026-09-11 19:16:56] user_id=1 urządzenia=android:1,ios:0
Tytuł: Ktoś dołączył do Twojego wyjazdu
Treść: TEST wyjazd push
Dane: {"url":"http:\/\/localhost\/ridemore\/wydarzenia\/test-push-9be770fd8c29\/uczestnicy"}
------------------------------------------------------------

[2026-09-11 19:16:56] user_id=2 urządzenia=android:1,ios:0
Tytuł: Nowa wiadomość
Treść: Masz nową wiadomość na Ridemore.
Dane: {"url":"http:\/\/localhost\/ridemore\/wiadomosci\/257"}
------------------------------------------------------------

[2026-09-11 19:16:56] user_id=1 urządzenia=android:1,ios:0
Tytuł: Ktoś dołączył do Twojego wyjazdu
Treść: TEST grupa push
Dane: {"url":"http:\/\/localhost\/ridemore\/wydarzenia\/test-push-aba5e3c29655\/uczestnicy"}
------------------------------------------------------------

[2026-09-11 19:16:56] user_id=1 urządzenia=android:1,ios:0
Tytuł: Nowa wiadomość — TEST grupa push
Treść: Sprawdź kanał grupowy wyjazdu.
Dane: {"url":"http:\/\/localhost\/ridemore\/wiadomosci\/grupa\/945"}
------------------------------------------------------------

[2026-09-11 19:16:56] user_id=1 urządzenia=android:1,ios:0
Tytuł: Nowy skarb w Twojej okolicy
Treść: TEST skarb okolica
Dane: {"url":"http:\/\/localhost\/ridemore\/odkrycia?skarb=47648","nid":"1382"}
------------------------------------------------------------

[2026-09-11 19:16:56] user_id=1 urządzenia=android:1,ios:0
Tytuł: Nowy skarb w Twojej okolicy
Treść: Coś ciekawego czeka w Twojej okolicy — sprawdź mapę.
Dane: {"url":"http:\/\/localhost\/ridemore\/odkrycia","nid":"1384"}
------------------------------------------------------------

[2026-09-11 20:52:58] user_id=1 urządzenia=android:1,ios:0
Tytuł: TEST tytuł
Treść: TEST treść
Dane: []
------------------------------------------------------------

[2026-09-11 20:52:58] user_id=1 urządzenia=android:1,ios:0
Tytuł: Ktoś dołączył do Twojego wyjazdu
Treść: TEST wyjazd push
Dane: {"url":"http:\/\/localhost\/ridemore\/wydarzenia\/test-push-a265849eb74d\/uczestnicy"}
------------------------------------------------------------

[2026-09-11 20:52:58] user_id=2 urządzenia=android:1,ios:0
Tytuł: Nowa wiadomość
Treść: Masz nową wiadomość na Ridemore.
Dane: {"url":"http:\/\/localhost\/ridemore\/wiadomosci\/258"}
------------------------------------------------------------

[2026-09-11 20:52:58] user_id=1 urządzenia=android:1,ios:0
Tytuł: Ktoś dołączył do Twojego wyjazdu
Treść: TEST grupa push
Dane: {"url":"http:\/\/localhost\/ridemore\/wydarzenia\/test-push-3cea28ca2b71\/uczestnicy"}
------------------------------------------------------------

[2026-09-11 20:52:58] user_id=1 urządzenia=android:1,ios:0
Tytuł: Nowa wiadomość — TEST grupa push
Treść: Sprawdź kanał grupowy wyjazdu.
Dane: {"url":"http:\/\/localhost\/ridemore\/wiadomosci\/grupa\/949"}
------------------------------------------------------------

[2026-09-11 20:52:58] user_id=1 urządzenia=android:1,ios:0
Tytuł: Nowy skarb w Twojej okolicy
Treść: TEST skarb okolica
Dane: {"url":"http:\/\/localhost\/ridemore\/odkrycia?skarb=47770","nid":"1425"}
------------------------------------------------------------

[2026-09-11 20:52:58] user_id=1 urządzenia=android:1,ios:0
Tytuł: Nowy skarb w Twojej okolicy
Treść: Coś ciekawego czeka w Twojej okolicy — sprawdź mapę.
Dane: {"url":"http:\/\/localhost\/ridemore\/odkrycia","nid":"1427"}
------------------------------------------------------------

[2026-09-11 20:57:09] user_id=1 urządzenia=android:1,ios:0
Tytuł: TEST tytuł
Treść: TEST treść
Dane: []
------------------------------------------------------------

[2026-09-11 20:57:09] user_id=1 urządzenia=android:1,ios:0
Tytuł: Ktoś dołączył do Twojego wyjazdu
Treść: TEST wyjazd push
Dane: {"url":"http:\/\/localhost\/ridemore\/wydarzenia\/test-push-70b04e5e6318\/uczestnicy"}
------------------------------------------------------------

[2026-09-11 20:57:09] user_id=2 urządzenia=android:1,ios:0
Tytuł: Nowa wiadomość
Treść: Masz nową wiadomość na Ridemore.
Dane: {"url":"http:\/\/localhost\/ridemore\/wiadomosci\/259"}
------------------------------------------------------------

[2026-09-11 20:57:09] user_id=1 urządzenia=android:1,ios:0
Tytuł: Ktoś dołączył do Twojego wyjazdu
Treść: TEST grupa push
Dane: {"url":"http:\/\/localhost\/ridemore\/wydarzenia\/test-push-4496330b44fb\/uczestnicy"}
------------------------------------------------------------

[2026-09-11 20:57:09] user_id=1 urządzenia=android:1,ios:0
Tytuł: Nowa wiadomość — TEST grupa push
Treść: Sprawdź kanał grupowy wyjazdu.
Dane: {"url":"http:\/\/localhost\/ridemore\/wiadomosci\/grupa\/953"}
------------------------------------------------------------

[2026-09-11 20:57:09] user_id=1 urządzenia=android:1,ios:0
Tytuł: Nowy skarb w Twojej okolicy
Treść: TEST skarb okolica
Dane: {"url":"http:\/\/localhost\/ridemore\/odkrycia?skarb=47889","nid":"1468"}
------------------------------------------------------------

[2026-09-11 20:57:09] user_id=1 urządzenia=android:1,ios:0
Tytuł: Nowy skarb w Twojej okolicy
Treść: Coś ciekawego czeka w Twojej okolicy — sprawdź mapę.
Dane: {"url":"http:\/\/localhost\/ridemore\/odkrycia","nid":"1470"}
------------------------------------------------------------

[2026-09-11 20:58:19] user_id=1 urządzenia=android:1,ios:0
Tytuł: TEST tytuł
Treść: TEST treść
Dane: []
------------------------------------------------------------

[2026-09-11 20:58:19] user_id=1 urządzenia=android:1,ios:0
Tytuł: Ktoś dołączył do Twojego wyjazdu
Treść: TEST wyjazd push
Dane: {"url":"http:\/\/localhost\/ridemore\/wydarzenia\/test-push-dba164dc1952\/uczestnicy"}
------------------------------------------------------------

[2026-09-11 20:58:19] user_id=2 urządzenia=android:1,ios:0
Tytuł: Nowa wiadomość
Treść: Masz nową wiadomość na Ridemore.
Dane: {"url":"http:\/\/localhost\/ridemore\/wiadomosci\/260"}
------------------------------------------------------------

[2026-09-11 20:58:19] user_id=1 urządzenia=android:1,ios:0
Tytuł: Ktoś dołączył do Twojego wyjazdu
Treść: TEST grupa push
Dane: {"url":"http:\/\/localhost\/ridemore\/wydarzenia\/test-push-5a9b681b64d3\/uczestnicy"}
------------------------------------------------------------

[2026-09-11 20:58:19] user_id=1 urządzenia=android:1,ios:0
Tytuł: Nowa wiadomość — TEST grupa push
Treść: Sprawdź kanał grupowy wyjazdu.
Dane: {"url":"http:\/\/localhost\/ridemore\/wiadomosci\/grupa\/957"}
------------------------------------------------------------

[2026-09-11 20:58:19] user_id=1 urządzenia=android:1,ios:0
Tytuł: Nowy skarb w Twojej okolicy
Treść: TEST skarb okolica
Dane: {"url":"http:\/\/localhost\/ridemore\/odkrycia?skarb=48011","nid":"1511"}
------------------------------------------------------------

[2026-09-11 20:58:19] user_id=1 urządzenia=android:1,ios:0
Tytuł: Nowy skarb w Twojej okolicy
Treść: Coś ciekawego czeka w Twojej okolicy — sprawdź mapę.
Dane: {"url":"http:\/\/localhost\/ridemore\/odkrycia","nid":"1513"}
------------------------------------------------------------

[2026-09-11 20:59:27] user_id=1 urządzenia=android:1,ios:0
Tytuł: TEST tytuł
Treść: TEST treść
Dane: []
------------------------------------------------------------

[2026-09-11 20:59:27] user_id=1 urządzenia=android:1,ios:0
Tytuł: Ktoś dołączył do Twojego wyjazdu
Treść: TEST wyjazd push
Dane: {"url":"http:\/\/localhost\/ridemore\/wydarzenia\/test-push-09b9cb8f0feb\/uczestnicy"}
------------------------------------------------------------

[2026-09-11 20:59:27] user_id=2 urządzenia=android:1,ios:0
Tytuł: Nowa wiadomość
Treść: Masz nową wiadomość na Ridemore.
Dane: {"url":"http:\/\/localhost\/ridemore\/wiadomosci\/261"}
------------------------------------------------------------

[2026-09-11 20:59:27] user_id=1 urządzenia=android:1,ios:0
Tytuł: Ktoś dołączył do Twojego wyjazdu
Treść: TEST grupa push
Dane: {"url":"http:\/\/localhost\/ridemore\/wydarzenia\/test-push-f134101ea089\/uczestnicy"}
------------------------------------------------------------

[2026-09-11 20:59:27] user_id=1 urządzenia=android:1,ios:0
Tytuł: Nowa wiadomość — TEST grupa push
Treść: Sprawdź kanał grupowy wyjazdu.
Dane: {"url":"http:\/\/localhost\/ridemore\/wiadomosci\/grupa\/961"}
------------------------------------------------------------

[2026-09-11 20:59:27] user_id=1 urządzenia=android:1,ios:0
Tytuł: Nowy skarb w Twojej okolicy
Treść: TEST skarb okolica
Dane: {"url":"http:\/\/localhost\/ridemore\/odkrycia?skarb=48133","nid":"1554"}
------------------------------------------------------------

[2026-09-11 20:59:27] user_id=1 urządzenia=android:1,ios:0
Tytuł: Nowy skarb w Twojej okolicy
Treść: Coś ciekawego czeka w Twojej okolicy — sprawdź mapę.
Dane: {"url":"http:\/\/localhost\/ridemore\/odkrycia","nid":"1556"}
------------------------------------------------------------

[2026-09-11 21:00:42] user_id=1 urządzenia=android:1,ios:0
Tytuł: TEST tytuł
Treść: TEST treść
Dane: []
------------------------------------------------------------

[2026-09-11 21:00:42] user_id=1 urządzenia=android:1,ios:0
Tytuł: Ktoś dołączył do Twojego wyjazdu
Treść: TEST wyjazd push
Dane: {"url":"http:\/\/localhost\/ridemore\/admin"}
------------------------------------------------------------

[2026-09-11 21:00:42] user_id=2 urządzenia=android:1,ios:0
Tytuł: Nowa wiadomość
Treść: Masz nową wiadomość na Ridemore.
Dane: {"url":"http:\/\/localhost\/ridemore\/wiadomosci\/262"}
------------------------------------------------------------

[2026-09-11 21:00:42] user_id=1 urządzenia=android:1,ios:0
Tytuł: Ktoś dołączył do Twojego wyjazdu
Treść: TEST grupa push
Dane: {"url":"http:\/\/localhost\/ridemore\/admin"}
------------------------------------------------------------

[2026-09-11 21:00:42] user_id=1 urządzenia=android:1,ios:0
Tytuł: Nowa wiadomość — TEST grupa push
Treść: Sprawdź kanał grupowy wyjazdu.
Dane: {"url":"http:\/\/localhost\/ridemore\/wiadomosci\/grupa\/965"}
------------------------------------------------------------

[2026-09-11 21:00:42] user_id=1 urządzenia=android:1,ios:0
Tytuł: Nowy skarb w Twojej okolicy
Treść: TEST skarb okolica
Dane: {"url":"http:\/\/localhost\/ridemore\/odkrycia"}
------------------------------------------------------------

[2026-09-11 21:00:42] user_id=1 urządzenia=android:1,ios:0
Tytuł: Nowy skarb w Twojej okolicy
Treść: Coś ciekawego czeka w Twojej okolicy — sprawdź mapę.
Dane: {"url":"http:\/\/localhost\/ridemore\/odkrycia"}
------------------------------------------------------------

[2026-09-11 21:02:07] user_id=1 urządzenia=android:1,ios:0
Tytuł: TEST tytuł
Treść: TEST treść
Dane: []
------------------------------------------------------------

[2026-09-11 21:02:07] user_id=1 urządzenia=android:1,ios:0
Tytuł: Ktoś dołączył do Twojego wyjazdu
Treść: TEST wyjazd push
Dane: {"url":"http:\/\/localhost\/ridemore\/wydarzenia\/test-push-b805126218e8\/uczestnicy"}
------------------------------------------------------------

[2026-09-11 21:02:07] user_id=2 urządzenia=android:1,ios:0
Tytuł: Nowa wiadomość
Treść: Masz nową wiadomość na Ridemore.
Dane: {"url":"http:\/\/localhost\/ridemore\/wiadomosci\/263"}
------------------------------------------------------------

[2026-09-11 21:02:07] user_id=1 urządzenia=android:1,ios:0
Tytuł: Ktoś dołączył do Twojego wyjazdu
Treść: TEST grupa push
Dane: {"url":"http:\/\/localhost\/ridemore\/wydarzenia\/test-push-6c0f1fdad58b\/uczestnicy"}
------------------------------------------------------------

[2026-09-11 21:02:08] user_id=1 urządzenia=android:1,ios:0
Tytuł: Nowa wiadomość — TEST grupa push
Treść: Sprawdź kanał grupowy wyjazdu.
Dane: {"url":"http:\/\/localhost\/ridemore\/wiadomosci\/grupa\/968"}
------------------------------------------------------------

[2026-09-11 21:02:08] user_id=1 urządzenia=android:1,ios:0
Tytuł: Nowy skarb w Twojej okolicy
Treść: TEST skarb okolica
Dane: {"url":"http:\/\/localhost\/ridemore\/odkrycia?skarb=48374","nid":"1597"}
------------------------------------------------------------

[2026-09-11 21:02:08] user_id=1 urządzenia=android:1,ios:0
Tytuł: Nowy skarb w Twojej okolicy
Treść: Coś ciekawego czeka w Twojej okolicy — sprawdź mapę.
Dane: {"url":"http:\/\/localhost\/ridemore\/odkrycia","nid":"1599"}
------------------------------------------------------------

[2026-09-11 21:03:43] user_id=1 urządzenia=android:1,ios:0
Tytuł: TEST tytuł
Treść: TEST treść
Dane: []
------------------------------------------------------------

[2026-09-11 21:03:43] user_id=1 urządzenia=android:1,ios:0
Tytuł: Ktoś dołączył do Twojego wyjazdu
Treść: TEST wyjazd push
Dane: {"url":"http:\/\/localhost\/ridemore\/wydarzenia\/test-push-fdb314a5a790\/uczestnicy"}
------------------------------------------------------------

[2026-09-11 21:03:43] user_id=2 urządzenia=android:1,ios:0
Tytuł: Nowa wiadomość
Treść: Masz nową wiadomość na Ridemore.
Dane: {"url":"http:\/\/localhost\/ridemore\/wiadomosci\/264"}
------------------------------------------------------------

[2026-09-11 21:03:44] user_id=1 urządzenia=android:1,ios:0
Tytuł: Ktoś dołączył do Twojego wyjazdu
Treść: TEST grupa push
Dane: {"url":"http:\/\/localhost\/ridemore\/wydarzenia\/test-push-0e232692c92f\/uczestnicy"}
------------------------------------------------------------

[2026-09-11 21:03:44] user_id=1 urządzenia=android:1,ios:0
Tytuł: Nowa wiadomość — TEST grupa push
Treść: Sprawdź kanał grupowy wyjazdu.
Dane: {"url":"http:\/\/localhost\/ridemore\/wiadomosci\/grupa\/972"}
------------------------------------------------------------

[2026-09-11 21:03:44] user_id=1 urządzenia=android:1,ios:0
Tytuł: Nowy skarb w Twojej okolicy
Treść: TEST skarb okolica
Dane: {"url":"http:\/\/localhost\/ridemore\/odkrycia?skarb=48496","nid":"1640"}
------------------------------------------------------------

[2026-09-11 21:03:44] user_id=1 urządzenia=android:1,ios:0
Tytuł: Nowy skarb w Twojej okolicy
Treść: Coś ciekawego czeka w Twojej okolicy — sprawdź mapę.
Dane: {"url":"http:\/\/localhost\/ridemore\/odkrycia","nid":"1642"}
------------------------------------------------------------

[2026-09-11 21:07:45] user_id=1 urządzenia=android:1,ios:0
Tytuł: TEST tytuł
Treść: TEST treść
Dane: []
------------------------------------------------------------

[2026-09-11 21:07:45] user_id=1 urządzenia=android:1,ios:0
Tytuł: Ktoś dołączył do Twojego wyjazdu
Treść: TEST wyjazd push
Dane: {"url":"http:\/\/localhost\/ridemore\/wydarzenia\/test-push-ad06074bbd9d\/uczestnicy"}
------------------------------------------------------------

[2026-09-11 21:07:45] user_id=2 urządzenia=android:1,ios:0
Tytuł: Nowa wiadomość
Treść: Masz nową wiadomość na Ridemore.
Dane: {"url":"http:\/\/localhost\/ridemore\/wiadomosci\/265"}
------------------------------------------------------------

[2026-09-11 21:07:45] user_id=1 urządzenia=android:1,ios:0
Tytuł: Ktoś dołączył do Twojego wyjazdu
Treść: TEST grupa push
Dane: {"url":"http:\/\/localhost\/ridemore\/wydarzenia\/test-push-a4232feb41e7\/uczestnicy"}
------------------------------------------------------------

[2026-09-11 21:07:45] user_id=1 urządzenia=android:1,ios:0
Tytuł: Nowa wiadomość — TEST grupa push
Treść: Sprawdź kanał grupowy wyjazdu.
Dane: {"url":"http:\/\/localhost\/ridemore\/wiadomosci\/grupa\/976"}
------------------------------------------------------------

[2026-09-11 21:07:45] user_id=1 urządzenia=android:1,ios:0
Tytuł: Nowy skarb w Twojej okolicy
Treść: TEST skarb okolica
Dane: {"url":"http:\/\/localhost\/ridemore\/odkrycia?skarb=48618","nid":"1683"}
------------------------------------------------------------

[2026-09-11 21:07:45] user_id=1 urządzenia=android:1,ios:0
Tytuł: Nowy skarb w Twojej okolicy
Treść: Coś ciekawego czeka w Twojej okolicy — sprawdź mapę.
Dane: {"url":"http:\/\/localhost\/ridemore\/odkrycia","nid":"1685"}
------------------------------------------------------------

[2026-09-11 21:12:05] user_id=1 urządzenia=android:1,ios:0
Tytuł: TEST tytuł
Treść: TEST treść
Dane: []
------------------------------------------------------------

[2026-09-11 21:12:05] user_id=1 urządzenia=android:1,ios:0
Tytuł: Ktoś dołączył do Twojego wyjazdu
Treść: TEST wyjazd push
Dane: {"url":"http:\/\/localhost\/ridemore\/wydarzenia\/test-push-fa5daefd49db\/uczestnicy"}
------------------------------------------------------------

[2026-09-11 21:12:05] user_id=2 urządzenia=android:1,ios:0
Tytuł: Nowa wiadomość
Treść: Masz nową wiadomość na Ridemore.
Dane: {"url":"http:\/\/localhost\/ridemore\/wiadomosci\/266"}
------------------------------------------------------------

[2026-09-11 21:12:05] user_id=1 urządzenia=android:1,ios:0
Tytuł: Ktoś dołączył do Twojego wyjazdu
Treść: TEST grupa push
Dane: {"url":"http:\/\/localhost\/ridemore\/wydarzenia\/test-push-f1904cac2542\/uczestnicy"}
------------------------------------------------------------

[2026-09-11 21:12:05] user_id=1 urządzenia=android:1,ios:0
Tytuł: Nowa wiadomość — TEST grupa push
Treść: Sprawdź kanał grupowy wyjazdu.
Dane: {"url":"http:\/\/localhost\/ridemore\/wiadomosci\/grupa\/980"}
------------------------------------------------------------

[2026-09-11 21:12:05] user_id=1 urządzenia=android:1,ios:0
Tytuł: Nowy skarb w Twojej okolicy
Treść: TEST skarb okolica
Dane: {"url":"http:\/\/localhost\/ridemore\/odkrycia?skarb=48740","nid":"1726"}
------------------------------------------------------------

[2026-09-11 21:12:05] user_id=1 urządzenia=android:1,ios:0
Tytuł: Nowy skarb w Twojej okolicy
Treść: Coś ciekawego czeka w Twojej okolicy — sprawdź mapę.
Dane: {"url":"http:\/\/localhost\/ridemore\/odkrycia","nid":"1728"}
------------------------------------------------------------

[2026-09-12 09:18:28] user_id=1 urządzenia=android:1,ios:0
Tytuł: TEST tytuł
Treść: TEST treść
Dane: []
------------------------------------------------------------

[2026-09-12 09:18:28] user_id=1 urządzenia=android:1,ios:0
Tytuł: Ktoś dołączył do Twojego wyjazdu
Treść: TEST wyjazd push
Dane: {"url":"http:\/\/localhost\/ridemore\/wydarzenia\/test-push-e62b6f7d643c\/uczestnicy"}
------------------------------------------------------------

[2026-09-12 09:18:28] user_id=2 urządzenia=android:1,ios:0
Tytuł: Nowa wiadomość
Treść: Masz nową wiadomość na Ridemore.
Dane: {"url":"http:\/\/localhost\/ridemore\/wiadomosci\/267"}
------------------------------------------------------------

[2026-09-12 09:18:28] user_id=1 urządzenia=android:1,ios:0
Tytuł: Ktoś dołączył do Twojego wyjazdu
Treść: TEST grupa push
Dane: {"url":"http:\/\/localhost\/ridemore\/wydarzenia\/test-push-a68aa988badc\/uczestnicy"}
------------------------------------------------------------

[2026-09-12 09:18:28] user_id=1 urządzenia=android:1,ios:0
Tytuł: Nowa wiadomość — TEST grupa push
Treść: Sprawdź kanał grupowy wyjazdu.
Dane: {"url":"http:\/\/localhost\/ridemore\/wiadomosci\/grupa\/984"}
------------------------------------------------------------

[2026-09-12 09:18:28] user_id=1 urządzenia=android:1,ios:0
Tytuł: Nowy skarb w Twojej okolicy
Treść: TEST skarb okolica
Dane: {"url":"http:\/\/localhost\/ridemore\/odkrycia?skarb=48862","nid":"1769"}
------------------------------------------------------------

[2026-09-12 09:18:28] user_id=1 urządzenia=android:1,ios:0
Tytuł: Nowy skarb w Twojej okolicy
Treść: Coś ciekawego czeka w Twojej okolicy — sprawdź mapę.
Dane: {"url":"http:\/\/localhost\/ridemore\/odkrycia","nid":"1771"}
------------------------------------------------------------

[2026-09-12 10:23:20] user_id=1 urządzenia=android:1,ios:0
Tytuł: TEST tytuł
Treść: TEST treść
Dane: []
------------------------------------------------------------

[2026-09-12 10:23:20] user_id=1 urządzenia=android:1,ios:0
Tytuł: Ktoś dołączył do Twojego wyjazdu
Treść: TEST wyjazd push
Dane: {"url":"http:\/\/localhost\/ridemore\/wydarzenia\/test-push-651e6f974a42\/uczestnicy"}
------------------------------------------------------------

[2026-09-12 10:23:20] user_id=2 urządzenia=android:1,ios:0
Tytuł: Nowa wiadomość
Treść: Masz nową wiadomość na Ridemore.
Dane: {"url":"http:\/\/localhost\/ridemore\/wiadomosci\/268"}
------------------------------------------------------------

[2026-09-12 10:23:20] user_id=1 urządzenia=android:1,ios:0
Tytuł: Ktoś dołączył do Twojego wyjazdu
Treść: TEST grupa push
Dane: {"url":"http:\/\/localhost\/ridemore\/wydarzenia\/test-push-2ef02d7e2385\/uczestnicy"}
------------------------------------------------------------

[2026-09-12 10:23:20] user_id=1 urządzenia=android:1,ios:0
Tytuł: Nowa wiadomość — TEST grupa push
Treść: Sprawdź kanał grupowy wyjazdu.
Dane: {"url":"http:\/\/localhost\/ridemore\/wiadomosci\/grupa\/988"}
------------------------------------------------------------

[2026-09-12 10:23:20] user_id=1 urządzenia=android:1,ios:0
Tytuł: Nowy skarb w Twojej okolicy
Treść: TEST skarb okolica
Dane: {"url":"http:\/\/localhost\/ridemore\/odkrycia?skarb=48984","nid":"1812"}
------------------------------------------------------------

[2026-09-12 10:23:20] user_id=1 urządzenia=android:1,ios:0
Tytuł: Nowy skarb w Twojej okolicy
Treść: Coś ciekawego czeka w Twojej okolicy — sprawdź mapę.
Dane: {"url":"http:\/\/localhost\/ridemore\/odkrycia","nid":"1814"}
------------------------------------------------------------

[2026-09-12 10:24:33] user_id=1 urządzenia=android:1,ios:0
Tytuł: TEST tytuł
Treść: TEST treść
Dane: []
------------------------------------------------------------

[2026-09-12 10:24:33] user_id=1 urządzenia=android:1,ios:0
Tytuł: Ktoś dołączył do Twojego wyjazdu
Treść: TEST wyjazd push
Dane: {"url":"http:\/\/localhost\/ridemore\/wydarzenia\/test-push-3251c69fa4c2\/uczestnicy"}
------------------------------------------------------------

[2026-09-12 10:24:33] user_id=2 urządzenia=android:1,ios:0
Tytuł: Nowa wiadomość
Treść: Masz nową wiadomość na Ridemore.
Dane: {"url":"http:\/\/localhost\/ridemore\/wiadomosci\/269"}
------------------------------------------------------------

[2026-09-12 10:24:33] user_id=1 urządzenia=android:1,ios:0
Tytuł: Ktoś dołączył do Twojego wyjazdu
Treść: TEST grupa push
Dane: {"url":"http:\/\/localhost\/ridemore\/wydarzenia\/test-push-c5723e3d2a7e\/uczestnicy"}
------------------------------------------------------------

[2026-09-12 10:24:33] user_id=1 urządzenia=android:1,ios:0
Tytuł: Nowa wiadomość — TEST grupa push
Treść: Sprawdź kanał grupowy wyjazdu.
Dane: {"url":"http:\/\/localhost\/ridemore\/wiadomosci\/grupa\/992"}
------------------------------------------------------------

[2026-09-12 10:24:34] user_id=1 urządzenia=android:1,ios:0
Tytuł: Nowy skarb w Twojej okolicy
Treść: TEST skarb okolica
Dane: {"url":"http:\/\/localhost\/ridemore\/odkrycia?skarb=49106","nid":"1855"}
------------------------------------------------------------

[2026-09-12 10:24:34] user_id=1 urządzenia=android:1,ios:0
Tytuł: Nowy skarb w Twojej okolicy
Treść: Coś ciekawego czeka w Twojej okolicy — sprawdź mapę.
Dane: {"url":"http:\/\/localhost\/ridemore\/odkrycia","nid":"1857"}
------------------------------------------------------------

[2026-09-12 10:26:13] user_id=1 urządzenia=android:1,ios:0
Tytuł: TEST tytuł
Treść: TEST treść
Dane: []
------------------------------------------------------------

[2026-09-12 10:26:13] user_id=1 urządzenia=android:1,ios:0
Tytuł: Ktoś dołączył do Twojego wyjazdu
Treść: TEST wyjazd push
Dane: {"url":"http:\/\/localhost\/ridemore\/wydarzenia\/test-push-6cde0d9de77d\/uczestnicy"}
------------------------------------------------------------

[2026-09-12 10:26:13] user_id=2 urządzenia=android:1,ios:0
Tytuł: Nowa wiadomość
Treść: Masz nową wiadomość na Ridemore.
Dane: {"url":"http:\/\/localhost\/ridemore\/wiadomosci\/270"}
------------------------------------------------------------

[2026-09-12 10:26:13] user_id=1 urządzenia=android:1,ios:0
Tytuł: Ktoś dołączył do Twojego wyjazdu
Treść: TEST grupa push
Dane: {"url":"http:\/\/localhost\/ridemore\/wydarzenia\/test-push-aa27a71c8032\/uczestnicy"}
------------------------------------------------------------

[2026-09-12 10:26:13] user_id=1 urządzenia=android:1,ios:0
Tytuł: Nowa wiadomość — TEST grupa push
Treść: Sprawdź kanał grupowy wyjazdu.
Dane: {"url":"http:\/\/localhost\/ridemore\/wiadomosci\/grupa\/996"}
------------------------------------------------------------

[2026-09-12 10:26:13] user_id=1 urządzenia=android:1,ios:0
Tytuł: Nowy skarb w Twojej okolicy
Treść: TEST skarb okolica
Dane: {"url":"http:\/\/localhost\/ridemore\/odkrycia?skarb=49230","nid":"1898"}
------------------------------------------------------------

[2026-09-12 10:26:13] user_id=1 urządzenia=android:1,ios:0
Tytuł: Nowy skarb w Twojej okolicy
Treść: Coś ciekawego czeka w Twojej okolicy — sprawdź mapę.
Dane: {"url":"http:\/\/localhost\/ridemore\/odkrycia","nid":"1900"}
------------------------------------------------------------

[2026-09-12 10:28:18] user_id=1 urządzenia=android:1,ios:0
Tytuł: TEST tytuł
Treść: TEST treść
Dane: []
------------------------------------------------------------

[2026-09-12 10:28:18] user_id=1 urządzenia=android:1,ios:0
Tytuł: Ktoś dołączył do Twojego wyjazdu
Treść: TEST wyjazd push
Dane: {"url":"http:\/\/localhost\/ridemore\/wydarzenia\/test-push-619f10958595\/uczestnicy"}
------------------------------------------------------------

[2026-09-12 10:28:18] user_id=2 urządzenia=android:1,ios:0
Tytuł: Nowa wiadomość
Treść: Masz nową wiadomość na Ridemore.
Dane: {"url":"http:\/\/localhost\/ridemore\/wiadomosci\/271"}
------------------------------------------------------------

[2026-09-12 10:28:18] user_id=1 urządzenia=android:1,ios:0
Tytuł: Ktoś dołączył do Twojego wyjazdu
Treść: TEST grupa push
Dane: {"url":"http:\/\/localhost\/ridemore\/wydarzenia\/test-push-d0999550ad77\/uczestnicy"}
------------------------------------------------------------

[2026-09-12 10:28:18] user_id=1 urządzenia=android:1,ios:0
Tytuł: Nowa wiadomość — TEST grupa push
Treść: Sprawdź kanał grupowy wyjazdu.
Dane: {"url":"http:\/\/localhost\/ridemore\/wiadomosci\/grupa\/1000"}
------------------------------------------------------------

[2026-09-12 10:28:18] user_id=1 urządzenia=android:1,ios:0
Tytuł: Nowy skarb w Twojej okolicy
Treść: TEST skarb okolica
Dane: {"url":"http:\/\/localhost\/ridemore\/odkrycia?skarb=49356","nid":"1941"}
------------------------------------------------------------

[2026-09-12 10:28:18] user_id=1 urządzenia=android:1,ios:0
Tytuł: Nowy skarb w Twojej okolicy
Treść: Coś ciekawego czeka w Twojej okolicy — sprawdź mapę.
Dane: {"url":"http:\/\/localhost\/ridemore\/odkrycia","nid":"1943"}
------------------------------------------------------------

[2026-09-12 11:11:52] user_id=1 urządzenia=android:1,ios:0
Tytuł: TEST tytuł
Treść: TEST treść
Dane: []
------------------------------------------------------------

[2026-09-12 11:11:52] user_id=1 urządzenia=android:1,ios:0
Tytuł: Ktoś dołączył do Twojego wyjazdu
Treść: TEST wyjazd push
Dane: {"url":"http:\/\/localhost\/ridemore\/wydarzenia\/test-push-03048bdb3676\/uczestnicy"}
------------------------------------------------------------

[2026-09-12 11:11:52] user_id=2 urządzenia=android:1,ios:0
Tytuł: Nowa wiadomość
Treść: Masz nową wiadomość na Ridemore.
Dane: {"url":"http:\/\/localhost\/ridemore\/wiadomosci\/272"}
------------------------------------------------------------

[2026-09-12 11:11:52] user_id=1 urządzenia=android:1,ios:0
Tytuł: Ktoś dołączył do Twojego wyjazdu
Treść: TEST grupa push
Dane: {"url":"http:\/\/localhost\/ridemore\/wydarzenia\/test-push-4d46afce6944\/uczestnicy"}
------------------------------------------------------------

[2026-09-12 11:11:52] user_id=1 urządzenia=android:1,ios:0
Tytuł: Nowa wiadomość — TEST grupa push
Treść: Sprawdź kanał grupowy wyjazdu.
Dane: {"url":"http:\/\/localhost\/ridemore\/wiadomosci\/grupa\/1004"}
------------------------------------------------------------

[2026-09-12 11:11:52] user_id=1 urządzenia=android:1,ios:0
Tytuł: Nowy skarb w Twojej okolicy
Treść: TEST skarb okolica
Dane: {"url":"http:\/\/localhost\/ridemore\/odkrycia?skarb=49478","nid":"1984"}
------------------------------------------------------------

[2026-09-12 11:11:52] user_id=1 urządzenia=android:1,ios:0
Tytuł: Nowy skarb w Twojej okolicy
Treść: Coś ciekawego czeka w Twojej okolicy — sprawdź mapę.
Dane: {"url":"http:\/\/localhost\/ridemore\/odkrycia","nid":"1986"}
------------------------------------------------------------

[2026-09-12 11:13:56] user_id=1 urządzenia=android:1,ios:0
Tytuł: TEST tytuł
Treść: TEST treść
Dane: []
------------------------------------------------------------

[2026-09-12 11:13:56] user_id=1 urządzenia=android:1,ios:0
Tytuł: Ktoś dołączył do Twojego wyjazdu
Treść: TEST wyjazd push
Dane: {"url":"http:\/\/localhost\/ridemore\/wydarzenia\/test-push-f2cf77ca10d1\/uczestnicy"}
------------------------------------------------------------

[2026-09-12 11:13:56] user_id=2 urządzenia=android:1,ios:0
Tytuł: Nowa wiadomość
Treść: Masz nową wiadomość na Ridemore.
Dane: {"url":"http:\/\/localhost\/ridemore\/wiadomosci\/273"}
------------------------------------------------------------

[2026-09-12 11:13:56] user_id=1 urządzenia=android:1,ios:0
Tytuł: Ktoś dołączył do Twojego wyjazdu
Treść: TEST grupa push
Dane: {"url":"http:\/\/localhost\/ridemore\/wydarzenia\/test-push-883f15200f48\/uczestnicy"}
------------------------------------------------------------

[2026-09-12 11:13:56] user_id=1 urządzenia=android:1,ios:0
Tytuł: Nowa wiadomość — TEST grupa push
Treść: Sprawdź kanał grupowy wyjazdu.
Dane: {"url":"http:\/\/localhost\/ridemore\/wiadomosci\/grupa\/1008"}
------------------------------------------------------------

[2026-09-12 11:13:56] user_id=1 urządzenia=android:1,ios:0
Tytuł: Nowy skarb w Twojej okolicy
Treść: TEST skarb okolica
Dane: {"url":"http:\/\/localhost\/ridemore\/odkrycia?skarb=49602","nid":"2027"}
------------------------------------------------------------

[2026-09-12 11:13:56] user_id=1 urządzenia=android:1,ios:0
Tytuł: Nowy skarb w Twojej okolicy
Treść: Coś ciekawego czeka w Twojej okolicy — sprawdź mapę.
Dane: {"url":"http:\/\/localhost\/ridemore\/odkrycia","nid":"2029"}
------------------------------------------------------------

[2026-09-12 12:17:13] user_id=1 urządzenia=android:1,ios:0
Tytuł: TEST tytuł
Treść: TEST treść
Dane: []
------------------------------------------------------------

[2026-09-12 12:17:13] user_id=1 urządzenia=android:1,ios:0
Tytuł: Ktoś dołączył do Twojego wyjazdu
Treść: TEST wyjazd push
Dane: {"url":"http:\/\/localhost\/ridemore\/wydarzenia\/test-push-984d2657063a\/uczestnicy"}
------------------------------------------------------------

[2026-09-12 12:17:14] user_id=2 urządzenia=android:1,ios:0
Tytuł: Nowa wiadomość
Treść: Masz nową wiadomość na Ridemore.
Dane: {"url":"http:\/\/localhost\/ridemore\/wiadomosci\/274"}
------------------------------------------------------------

[2026-09-12 12:17:14] user_id=1 urządzenia=android:1,ios:0
Tytuł: Ktoś dołączył do Twojego wyjazdu
Treść: TEST grupa push
Dane: {"url":"http:\/\/localhost\/ridemore\/wydarzenia\/test-push-354e5fc06f3c\/uczestnicy"}
------------------------------------------------------------

[2026-09-12 12:17:14] user_id=1 urządzenia=android:1,ios:0
Tytuł: Nowa wiadomość — TEST grupa push
Treść: Sprawdź kanał grupowy wyjazdu.
Dane: {"url":"http:\/\/localhost\/ridemore\/wiadomosci\/grupa\/1012"}
------------------------------------------------------------

[2026-09-12 12:17:14] user_id=1 urządzenia=android:1,ios:0
Tytuł: Nowy skarb w Twojej okolicy
Treść: TEST skarb okolica
Dane: {"url":"http:\/\/localhost\/ridemore\/odkrycia?skarb=49726","nid":"2070"}
------------------------------------------------------------

[2026-09-12 12:17:14] user_id=1 urządzenia=android:1,ios:0
Tytuł: Nowy skarb w Twojej okolicy
Treść: Coś ciekawego czeka w Twojej okolicy — sprawdź mapę.
Dane: {"url":"http:\/\/localhost\/ridemore\/odkrycia","nid":"2072"}
------------------------------------------------------------

[2026-09-12 12:18:18] user_id=1 urządzenia=android:1,ios:0
Tytuł: TEST tytuł
Treść: TEST treść
Dane: []
------------------------------------------------------------

[2026-09-12 12:18:18] user_id=1 urządzenia=android:1,ios:0
Tytuł: Ktoś dołączył do Twojego wyjazdu
Treść: TEST wyjazd push
Dane: {"url":"http:\/\/localhost\/ridemore\/wydarzenia\/test-push-f9ac75226f77\/uczestnicy"}
------------------------------------------------------------

[2026-09-12 12:18:18] user_id=2 urządzenia=android:1,ios:0
Tytuł: Nowa wiadomość
Treść: Masz nową wiadomość na Ridemore.
Dane: {"url":"http:\/\/localhost\/ridemore\/wiadomosci\/275"}
------------------------------------------------------------

[2026-09-12 12:18:18] user_id=1 urządzenia=android:1,ios:0
Tytuł: Ktoś dołączył do Twojego wyjazdu
Treść: TEST grupa push
Dane: {"url":"http:\/\/localhost\/ridemore\/wydarzenia\/test-push-294c03483b57\/uczestnicy"}
------------------------------------------------------------

[2026-09-12 12:18:18] user_id=1 urządzenia=android:1,ios:0
Tytuł: Nowa wiadomość — TEST grupa push
Treść: Sprawdź kanał grupowy wyjazdu.
Dane: {"url":"http:\/\/localhost\/ridemore\/wiadomosci\/grupa\/1016"}
------------------------------------------------------------

[2026-09-12 12:18:18] user_id=1 urządzenia=android:1,ios:0
Tytuł: Nowy skarb w Twojej okolicy
Treść: TEST skarb okolica
Dane: {"url":"http:\/\/localhost\/ridemore\/odkrycia?skarb=49848","nid":"2113"}
------------------------------------------------------------

[2026-09-12 12:18:18] user_id=1 urządzenia=android:1,ios:0
Tytuł: Nowy skarb w Twojej okolicy
Treść: Coś ciekawego czeka w Twojej okolicy — sprawdź mapę.
Dane: {"url":"http:\/\/localhost\/ridemore\/odkrycia","nid":"2115"}
------------------------------------------------------------

[2026-09-12 14:27:42] user_id=1 urządzenia=android:1,ios:0
Tytuł: TEST tytuł
Treść: TEST treść
Dane: []
------------------------------------------------------------

[2026-09-12 14:27:42] user_id=1 urządzenia=android:1,ios:0
Tytuł: Ktoś dołączył do Twojego wyjazdu
Treść: TEST wyjazd push
Dane: {"url":"http:\/\/localhost\/ridemore\/wydarzenia\/test-push-70c9f5e390fa\/uczestnicy"}
------------------------------------------------------------

[2026-09-12 14:27:42] user_id=2 urządzenia=android:1,ios:0
Tytuł: Nowa wiadomość
Treść: Masz nową wiadomość na Ridemore.
Dane: {"url":"http:\/\/localhost\/ridemore\/wiadomosci\/276"}
------------------------------------------------------------

[2026-09-12 14:27:42] user_id=1 urządzenia=android:1,ios:0
Tytuł: Ktoś dołączył do Twojego wyjazdu
Treść: TEST grupa push
Dane: {"url":"http:\/\/localhost\/ridemore\/wydarzenia\/test-push-ea35776f7497\/uczestnicy"}
------------------------------------------------------------

[2026-09-12 14:27:42] user_id=1 urządzenia=android:1,ios:0
Tytuł: Nowa wiadomość — TEST grupa push
Treść: Sprawdź kanał grupowy wyjazdu.
Dane: {"url":"http:\/\/localhost\/ridemore\/wiadomosci\/grupa\/1020"}
------------------------------------------------------------

[2026-09-12 14:27:42] user_id=1 urządzenia=android:1,ios:0
Tytuł: Nowy skarb w Twojej okolicy
Treść: TEST skarb okolica
Dane: {"url":"http:\/\/localhost\/ridemore\/odkrycia?skarb=49974","nid":"2156"}
------------------------------------------------------------

[2026-09-12 14:27:43] user_id=1 urządzenia=android:1,ios:0
Tytuł: Nowy skarb w Twojej okolicy
Treść: Coś ciekawego czeka w Twojej okolicy — sprawdź mapę.
Dane: {"url":"http:\/\/localhost\/ridemore\/odkrycia","nid":"2158"}
------------------------------------------------------------

[2026-09-12 15:45:50] user_id=1 urządzenia=android:1,ios:0
Tytuł: TEST tytuł
Treść: TEST treść
Dane: []
------------------------------------------------------------

[2026-09-12 15:45:50] user_id=1 urządzenia=android:1,ios:0
Tytuł: Ktoś dołączył do Twojego wyjazdu
Treść: TEST wyjazd push
Dane: {"url":"http:\/\/localhost\/ridemore\/wydarzenia\/test-push-d7bad22e93ac\/uczestnicy"}
------------------------------------------------------------

[2026-09-12 15:45:50] user_id=2 urządzenia=android:1,ios:0
Tytuł: Nowa wiadomość
Treść: Masz nową wiadomość na Ridemore.
Dane: {"url":"http:\/\/localhost\/ridemore\/wiadomosci\/277"}
------------------------------------------------------------

[2026-09-12 15:45:50] user_id=1 urządzenia=android:1,ios:0
Tytuł: Ktoś dołączył do Twojego wyjazdu
Treść: TEST grupa push
Dane: {"url":"http:\/\/localhost\/ridemore\/wydarzenia\/test-push-79072baf3322\/uczestnicy"}
------------------------------------------------------------

[2026-09-12 15:45:50] user_id=1 urządzenia=android:1,ios:0
Tytuł: Nowa wiadomość — TEST grupa push
Treść: Sprawdź kanał grupowy wyjazdu.
Dane: {"url":"http:\/\/localhost\/ridemore\/wiadomosci\/grupa\/1024"}
------------------------------------------------------------

[2026-09-12 15:45:50] user_id=1 urządzenia=android:1,ios:0
Tytuł: Nowy skarb w Twojej okolicy
Treść: TEST skarb okolica
Dane: {"url":"http:\/\/localhost\/ridemore\/odkrycia?skarb=50098","nid":"2199"}
------------------------------------------------------------

[2026-09-12 15:45:50] user_id=1 urządzenia=android:1,ios:0
Tytuł: Nowy skarb w Twojej okolicy
Treść: Coś ciekawego czeka w Twojej okolicy — sprawdź mapę.
Dane: {"url":"http:\/\/localhost\/ridemore\/odkrycia","nid":"2201"}
------------------------------------------------------------

[2026-09-12 15:56:13] user_id=1 urządzenia=android:1,ios:0
Tytuł: TEST tytuł
Treść: TEST treść
Dane: []
------------------------------------------------------------

[2026-09-12 15:56:13] user_id=1 urządzenia=android:1,ios:0
Tytuł: Ktoś dołączył do Twojego wyjazdu
Treść: TEST wyjazd push
Dane: {"url":"http:\/\/localhost\/ridemore\/wydarzenia\/test-push-a3400c6a7144\/uczestnicy"}
------------------------------------------------------------

[2026-09-12 15:56:13] user_id=2 urządzenia=android:1,ios:0
Tytuł: Nowa wiadomość
Treść: Masz nową wiadomość na Ridemore.
Dane: {"url":"http:\/\/localhost\/ridemore\/wiadomosci\/278"}
------------------------------------------------------------

[2026-09-12 15:56:13] user_id=1 urządzenia=android:1,ios:0
Tytuł: Ktoś dołączył do Twojego wyjazdu
Treść: TEST grupa push
Dane: {"url":"http:\/\/localhost\/ridemore\/wydarzenia\/test-push-f95487b75671\/uczestnicy"}
------------------------------------------------------------

[2026-09-12 15:56:13] user_id=1 urządzenia=android:1,ios:0
Tytuł: Nowa wiadomość — TEST grupa push
Treść: Sprawdź kanał grupowy wyjazdu.
Dane: {"url":"http:\/\/localhost\/ridemore\/wiadomosci\/grupa\/1028"}
------------------------------------------------------------

[2026-09-12 15:56:13] user_id=1 urządzenia=android:1,ios:0
Tytuł: Nowy skarb w Twojej okolicy
Treść: TEST skarb okolica
Dane: {"url":"http:\/\/localhost\/ridemore\/odkrycia?skarb=50220","nid":"2242"}
------------------------------------------------------------

[2026-09-12 15:56:13] user_id=1 urządzenia=android:1,ios:0
Tytuł: Nowy skarb w Twojej okolicy
Treść: Coś ciekawego czeka w Twojej okolicy — sprawdź mapę.
Dane: {"url":"http:\/\/localhost\/ridemore\/odkrycia","nid":"2244"}
------------------------------------------------------------

[2026-09-12 16:07:11] user_id=1 urządzenia=android:1,ios:0
Tytuł: TEST tytuł
Treść: TEST treść
Dane: []
------------------------------------------------------------

[2026-09-12 16:07:11] user_id=1 urządzenia=android:1,ios:0
Tytuł: Ktoś dołączył do Twojego wyjazdu
Treść: TEST wyjazd push
Dane: {"url":"http:\/\/localhost\/ridemore\/wydarzenia\/test-push-c0cc887bc616\/uczestnicy"}
------------------------------------------------------------

[2026-09-12 16:07:11] user_id=2 urządzenia=android:1,ios:0
Tytuł: Nowa wiadomość
Treść: Masz nową wiadomość na Ridemore.
Dane: {"url":"http:\/\/localhost\/ridemore\/wiadomosci\/279"}
------------------------------------------------------------

[2026-09-12 16:07:11] user_id=1 urządzenia=android:1,ios:0
Tytuł: Ktoś dołączył do Twojego wyjazdu
Treść: TEST grupa push
Dane: {"url":"http:\/\/localhost\/ridemore\/wydarzenia\/test-push-0be87f6d971d\/uczestnicy"}
------------------------------------------------------------

[2026-09-12 16:07:11] user_id=1 urządzenia=android:1,ios:0
Tytuł: Nowa wiadomość — TEST grupa push
Treść: Sprawdź kanał grupowy wyjazdu.
Dane: {"url":"http:\/\/localhost\/ridemore\/wiadomosci\/grupa\/1032"}
------------------------------------------------------------

[2026-09-12 16:07:11] user_id=1 urządzenia=android:1,ios:0
Tytuł: Nowy skarb w Twojej okolicy
Treść: TEST skarb okolica
Dane: {"url":"http:\/\/localhost\/ridemore\/odkrycia?skarb=50342","nid":"2337"}
------------------------------------------------------------

[2026-09-12 16:07:11] user_id=1 urządzenia=android:1,ios:0
Tytuł: Nowy skarb w Twojej okolicy
Treść: Coś ciekawego czeka w Twojej okolicy — sprawdź mapę.
Dane: {"url":"http:\/\/localhost\/ridemore\/odkrycia","nid":"2339"}
------------------------------------------------------------

[2026-09-12 16:32:41] user_id=1 urządzenia=android:1,ios:0
Tytuł: TEST tytuł
Treść: TEST treść
Dane: []
------------------------------------------------------------

[2026-09-12 16:32:41] user_id=1 urządzenia=android:1,ios:0
Tytuł: Ktoś dołączył do Twojego wyjazdu
Treść: TEST wyjazd push
Dane: {"url":"http:\/\/localhost\/ridemore\/wydarzenia\/test-push-5f60fc148615\/uczestnicy"}
------------------------------------------------------------

[2026-09-12 16:32:41] user_id=2 urządzenia=android:1,ios:0
Tytuł: Nowa wiadomość
Treść: Masz nową wiadomość na Ridemore.
Dane: {"url":"http:\/\/localhost\/ridemore\/wiadomosci\/280"}
------------------------------------------------------------

[2026-09-12 16:32:41] user_id=1 urządzenia=android:1,ios:0
Tytuł: Ktoś dołączył do Twojego wyjazdu
Treść: TEST grupa push
Dane: {"url":"http:\/\/localhost\/ridemore\/wydarzenia\/test-push-94bc0800974d\/uczestnicy"}
------------------------------------------------------------

[2026-09-12 16:32:41] user_id=1 urządzenia=android:1,ios:0
Tytuł: Nowa wiadomość — TEST grupa push
Treść: Sprawdź kanał grupowy wyjazdu.
Dane: {"url":"http:\/\/localhost\/ridemore\/wiadomosci\/grupa\/1036"}
------------------------------------------------------------

[2026-09-12 16:32:41] user_id=1 urządzenia=android:1,ios:0
Tytuł: Nowy skarb w Twojej okolicy
Treść: TEST skarb okolica
Dane: {"url":"http:\/\/localhost\/ridemore\/odkrycia?skarb=50468","nid":"2380"}
------------------------------------------------------------

[2026-09-12 16:32:41] user_id=1 urządzenia=android:1,ios:0
Tytuł: Nowy skarb w Twojej okolicy
Treść: Coś ciekawego czeka w Twojej okolicy — sprawdź mapę.
Dane: {"url":"http:\/\/localhost\/ridemore\/odkrycia","nid":"2382"}
------------------------------------------------------------

[2026-09-12 16:40:48] user_id=1 urządzenia=android:1,ios:0
Tytuł: TEST tytuł
Treść: TEST treść
Dane: []
------------------------------------------------------------

[2026-09-12 16:40:48] user_id=1 urządzenia=android:1,ios:0
Tytuł: Ktoś dołączył do Twojego wyjazdu
Treść: TEST wyjazd push
Dane: {"url":"http:\/\/localhost\/ridemore\/wydarzenia\/test-push-35895310c04e\/uczestnicy"}
------------------------------------------------------------

[2026-09-12 16:40:48] user_id=2 urządzenia=android:1,ios:0
Tytuł: Nowa wiadomość
Treść: Masz nową wiadomość na Ridemore.
Dane: {"url":"http:\/\/localhost\/ridemore\/wiadomosci\/281"}
------------------------------------------------------------

[2026-09-12 16:40:48] user_id=1 urządzenia=android:1,ios:0
Tytuł: Ktoś dołączył do Twojego wyjazdu
Treść: TEST grupa push
Dane: {"url":"http:\/\/localhost\/ridemore\/wydarzenia\/test-push-4468bcea8d98\/uczestnicy"}
------------------------------------------------------------

[2026-09-12 16:40:48] user_id=1 urządzenia=android:1,ios:0
Tytuł: Nowa wiadomość — TEST grupa push
Treść: Sprawdź kanał grupowy wyjazdu.
Dane: {"url":"http:\/\/localhost\/ridemore\/wiadomosci\/grupa\/1040"}
------------------------------------------------------------

[2026-09-12 16:40:48] user_id=1 urządzenia=android:1,ios:0
Tytuł: Nowy skarb w Twojej okolicy
Treść: TEST skarb okolica
Dane: {"url":"http:\/\/localhost\/ridemore\/odkrycia?skarb=50590","nid":"2449"}
------------------------------------------------------------

[2026-09-12 16:40:48] user_id=1 urządzenia=android:1,ios:0
Tytuł: Nowy skarb w Twojej okolicy
Treść: Coś ciekawego czeka w Twojej okolicy — sprawdź mapę.
Dane: {"url":"http:\/\/localhost\/ridemore\/odkrycia","nid":"2451"}
------------------------------------------------------------

[2026-09-13 12:34:02] user_id=1 urządzenia=android:1,ios:0
Tytuł: TEST tytuł
Treść: TEST treść
Dane: []
------------------------------------------------------------

[2026-09-13 12:34:02] user_id=1 urządzenia=android:1,ios:0
Tytuł: Ktoś dołączył do Twojego wyjazdu
Treść: TEST wyjazd push
Dane: {"url":"http:\/\/localhost\/ridemore\/wydarzenia\/test-push-59959414cbfb\/uczestnicy"}
------------------------------------------------------------

[2026-09-13 12:34:02] user_id=2 urządzenia=android:1,ios:0
Tytuł: Nowa wiadomość
Treść: Masz nową wiadomość na Ridemore.
Dane: {"url":"http:\/\/localhost\/ridemore\/wiadomosci\/282"}
------------------------------------------------------------

[2026-09-13 12:34:02] user_id=1 urządzenia=android:1,ios:0
Tytuł: Ktoś dołączył do Twojego wyjazdu
Treść: TEST grupa push
Dane: {"url":"http:\/\/localhost\/ridemore\/wydarzenia\/test-push-664787b56efd\/uczestnicy"}
------------------------------------------------------------

[2026-09-13 12:34:02] user_id=1 urządzenia=android:1,ios:0
Tytuł: Nowa wiadomość — TEST grupa push
Treść: Sprawdź kanał grupowy wyjazdu.
Dane: {"url":"http:\/\/localhost\/ridemore\/wiadomosci\/grupa\/1044"}
------------------------------------------------------------

[2026-09-13 12:34:02] user_id=1 urządzenia=android:1,ios:0
Tytuł: Nowy skarb w Twojej okolicy
Treść: TEST skarb okolica
Dane: {"url":"http:\/\/localhost\/ridemore\/odkrycia?skarb=50712","nid":"2492"}
------------------------------------------------------------

[2026-09-13 12:34:02] user_id=1 urządzenia=android:1,ios:0
Tytuł: Nowy skarb w Twojej okolicy
Treść: Coś ciekawego czeka w Twojej okolicy — sprawdź mapę.
Dane: {"url":"http:\/\/localhost\/ridemore\/odkrycia","nid":"2494"}
------------------------------------------------------------

[2026-09-13 12:37:02] user_id=1 urządzenia=android:1,ios:0
Tytuł: TEST tytuł
Treść: TEST treść
Dane: []
------------------------------------------------------------

[2026-09-13 12:37:02] user_id=1 urządzenia=android:1,ios:0
Tytuł: Ktoś dołączył do Twojego wyjazdu
Treść: TEST wyjazd push
Dane: {"url":"http:\/\/localhost\/ridemore\/wydarzenia\/test-push-2263d3f028b0\/uczestnicy"}
------------------------------------------------------------

[2026-09-13 12:37:02] user_id=2 urządzenia=android:1,ios:0
Tytuł: Nowa wiadomość
Treść: Masz nową wiadomość na Ridemore.
Dane: {"url":"http:\/\/localhost\/ridemore\/wiadomosci\/283"}
------------------------------------------------------------

[2026-09-13 12:37:02] user_id=1 urządzenia=android:1,ios:0
Tytuł: Ktoś dołączył do Twojego wyjazdu
Treść: TEST grupa push
Dane: {"url":"http:\/\/localhost\/ridemore\/wydarzenia\/test-push-867c5a2f133b\/uczestnicy"}
------------------------------------------------------------

[2026-09-13 12:37:02] user_id=1 urządzenia=android:1,ios:0
Tytuł: Nowa wiadomość — TEST grupa push
Treść: Sprawdź kanał grupowy wyjazdu.
Dane: {"url":"http:\/\/localhost\/ridemore\/wiadomosci\/grupa\/1048"}
------------------------------------------------------------

[2026-09-13 12:37:02] user_id=1 urządzenia=android:1,ios:0
Tytuł: Nowy skarb w Twojej okolicy
Treść: TEST skarb okolica
Dane: {"url":"http:\/\/localhost\/ridemore\/odkrycia?skarb=50836","nid":"2535"}
------------------------------------------------------------

[2026-09-13 12:37:02] user_id=1 urządzenia=android:1,ios:0
Tytuł: Nowy skarb w Twojej okolicy
Treść: Coś ciekawego czeka w Twojej okolicy — sprawdź mapę.
Dane: {"url":"http:\/\/localhost\/ridemore\/odkrycia","nid":"2537"}
------------------------------------------------------------

[2026-09-13 12:50:15] user_id=1 urządzenia=android:1,ios:0
Tytuł: TEST tytuł
Treść: TEST treść
Dane: []
------------------------------------------------------------

[2026-09-13 12:50:15] user_id=1 urządzenia=android:1,ios:0
Tytuł: Ktoś dołączył do Twojego wyjazdu
Treść: TEST wyjazd push
Dane: {"url":"http:\/\/localhost\/ridemore\/wydarzenia\/test-push-60a37d62bdd1\/uczestnicy"}
------------------------------------------------------------

[2026-09-13 12:50:15] user_id=2 urządzenia=android:1,ios:0
Tytuł: Nowa wiadomość
Treść: Masz nową wiadomość na Ridemore.
Dane: {"url":"http:\/\/localhost\/ridemore\/wiadomosci\/284"}
------------------------------------------------------------

[2026-09-13 12:50:15] user_id=1 urządzenia=android:1,ios:0
Tytuł: Ktoś dołączył do Twojego wyjazdu
Treść: TEST grupa push
Dane: {"url":"http:\/\/localhost\/ridemore\/wydarzenia\/test-push-8e0ca85ff6ac\/uczestnicy"}
------------------------------------------------------------

[2026-09-13 12:50:15] user_id=1 urządzenia=android:1,ios:0
Tytuł: Nowa wiadomość — TEST grupa push
Treść: Sprawdź kanał grupowy wyjazdu.
Dane: {"url":"http:\/\/localhost\/ridemore\/wiadomosci\/grupa\/1052"}
------------------------------------------------------------

[2026-09-13 12:50:15] user_id=1 urządzenia=android:1,ios:0
Tytuł: Nowy skarb w Twojej okolicy
Treść: TEST skarb okolica
Dane: {"url":"http:\/\/localhost\/ridemore\/odkrycia?skarb=50958","nid":"2578"}
------------------------------------------------------------

[2026-09-13 12:50:15] user_id=1 urządzenia=android:1,ios:0
Tytuł: Nowy skarb w Twojej okolicy
Treść: Coś ciekawego czeka w Twojej okolicy — sprawdź mapę.
Dane: {"url":"http:\/\/localhost\/ridemore\/odkrycia","nid":"2580"}
------------------------------------------------------------

[2026-09-13 15:32:37] user_id=1 urządzenia=android:1,ios:0
Tytuł: TEST tytuł
Treść: TEST treść
Dane: []
------------------------------------------------------------

[2026-09-13 15:32:37] user_id=1 urządzenia=android:1,ios:0
Tytuł: Ktoś dołączył do Twojego wyjazdu
Treść: TEST wyjazd push
Dane: {"url":"http:\/\/localhost\/ridemore\/wydarzenia\/test-push-57d1df836294\/uczestnicy"}
------------------------------------------------------------

[2026-09-13 15:32:37] user_id=2 urządzenia=android:1,ios:0
Tytuł: Nowa wiadomość
Treść: Masz nową wiadomość na Ridemore.
Dane: {"url":"http:\/\/localhost\/ridemore\/wiadomosci\/285"}
------------------------------------------------------------

[2026-09-13 15:32:37] user_id=1 urządzenia=android:1,ios:0
Tytuł: Ktoś dołączył do Twojego wyjazdu
Treść: TEST grupa push
Dane: {"url":"http:\/\/localhost\/ridemore\/wydarzenia\/test-push-7034d3935b8d\/uczestnicy"}
------------------------------------------------------------

[2026-09-13 15:32:38] user_id=1 urządzenia=android:1,ios:0
Tytuł: Nowa wiadomość — TEST grupa push
Treść: Sprawdź kanał grupowy wyjazdu.
Dane: {"url":"http:\/\/localhost\/ridemore\/wiadomosci\/grupa\/1056"}
------------------------------------------------------------

[2026-09-13 15:32:38] user_id=1 urządzenia=android:1,ios:0
Tytuł: Nowy skarb w Twojej okolicy
Treść: TEST skarb okolica
Dane: {"url":"http:\/\/localhost\/ridemore\/odkrycia?skarb=51085","nid":"2621"}
------------------------------------------------------------

[2026-09-13 15:32:38] user_id=1 urządzenia=android:1,ios:0
Tytuł: Nowy skarb w Twojej okolicy
Treść: Coś ciekawego czeka w Twojej okolicy — sprawdź mapę.
Dane: {"url":"http:\/\/localhost\/ridemore\/odkrycia","nid":"2623"}
------------------------------------------------------------

[2026-09-13 15:45:42] user_id=1 urządzenia=android:1,ios:0
Tytuł: TEST tytuł
Treść: TEST treść
Dane: []
------------------------------------------------------------

[2026-09-13 15:45:42] user_id=1 urządzenia=android:1,ios:0
Tytuł: Ktoś dołączył do Twojego wyjazdu
Treść: TEST wyjazd push
Dane: {"url":"http:\/\/localhost\/ridemore\/wydarzenia\/test-push-6858c0f5ee19\/uczestnicy"}
------------------------------------------------------------

[2026-09-13 15:45:42] user_id=2 urządzenia=android:1,ios:0
Tytuł: Nowa wiadomość
Treść: Masz nową wiadomość na Ridemore.
Dane: {"url":"http:\/\/localhost\/ridemore\/wiadomosci\/286"}
------------------------------------------------------------

[2026-09-13 15:45:42] user_id=1 urządzenia=android:1,ios:0
Tytuł: Ktoś dołączył do Twojego wyjazdu
Treść: TEST grupa push
Dane: {"url":"http:\/\/localhost\/ridemore\/wydarzenia\/test-push-d641a8aa0c84\/uczestnicy"}
------------------------------------------------------------

[2026-09-13 15:45:42] user_id=1 urządzenia=android:1,ios:0
Tytuł: Nowa wiadomość — TEST grupa push
Treść: Sprawdź kanał grupowy wyjazdu.
Dane: {"url":"http:\/\/localhost\/ridemore\/wiadomosci\/grupa\/1060"}
------------------------------------------------------------

[2026-09-13 15:45:42] user_id=1 urządzenia=android:1,ios:0
Tytuł: Nowy skarb w Twojej okolicy
Treść: TEST skarb okolica
Dane: {"url":"http:\/\/localhost\/ridemore\/odkrycia?skarb=51209","nid":"2664"}
------------------------------------------------------------

[2026-09-13 15:45:42] user_id=1 urządzenia=android:1,ios:0
Tytuł: Nowy skarb w Twojej okolicy
Treść: Coś ciekawego czeka w Twojej okolicy — sprawdź mapę.
Dane: {"url":"http:\/\/localhost\/ridemore\/odkrycia","nid":"2666"}
------------------------------------------------------------

[2026-09-13 16:01:19] user_id=1 urządzenia=android:1,ios:0
Tytuł: TEST tytuł
Treść: TEST treść
Dane: []
------------------------------------------------------------

[2026-09-13 16:01:19] user_id=1 urządzenia=android:1,ios:0
Tytuł: Ktoś dołączył do Twojego wyjazdu
Treść: TEST wyjazd push
Dane: {"url":"http:\/\/localhost\/ridemore\/wydarzenia\/test-push-3285173c73f2\/uczestnicy"}
------------------------------------------------------------

[2026-09-13 16:01:19] user_id=2 urządzenia=android:1,ios:0
Tytuł: Nowa wiadomość
Treść: Masz nową wiadomość na Ridemore.
Dane: {"url":"http:\/\/localhost\/ridemore\/wiadomosci\/287"}
------------------------------------------------------------

[2026-09-13 16:01:19] user_id=1 urządzenia=android:1,ios:0
Tytuł: Ktoś dołączył do Twojego wyjazdu
Treść: TEST grupa push
Dane: {"url":"http:\/\/localhost\/ridemore\/wydarzenia\/test-push-c71e66ec576a\/uczestnicy"}
------------------------------------------------------------

[2026-09-13 16:01:19] user_id=1 urządzenia=android:1,ios:0
Tytuł: Nowa wiadomość — TEST grupa push
Treść: Sprawdź kanał grupowy wyjazdu.
Dane: {"url":"http:\/\/localhost\/ridemore\/wiadomosci\/grupa\/1064"}
------------------------------------------------------------

[2026-09-13 16:01:19] user_id=1 urządzenia=android:1,ios:0
Tytuł: Nowy skarb w Twojej okolicy
Treść: TEST skarb okolica
Dane: {"url":"http:\/\/localhost\/ridemore\/odkrycia?skarb=51333","nid":"2707"}
------------------------------------------------------------

[2026-09-13 16:01:19] user_id=1 urządzenia=android:1,ios:0
Tytuł: Nowy skarb w Twojej okolicy
Treść: Coś ciekawego czeka w Twojej okolicy — sprawdź mapę.
Dane: {"url":"http:\/\/localhost\/ridemore\/odkrycia","nid":"2709"}
------------------------------------------------------------

[2026-09-13 16:10:30] user_id=1 urządzenia=android:1,ios:0
Tytuł: TEST tytuł
Treść: TEST treść
Dane: []
------------------------------------------------------------

[2026-09-13 16:10:30] user_id=1 urządzenia=android:1,ios:0
Tytuł: Ktoś dołączył do Twojego wyjazdu
Treść: TEST wyjazd push
Dane: {"url":"http:\/\/localhost\/ridemore\/wydarzenia\/test-push-9c704ce70962\/uczestnicy"}
------------------------------------------------------------

[2026-09-13 16:10:30] user_id=2 urządzenia=android:1,ios:0
Tytuł: Nowa wiadomość
Treść: Masz nową wiadomość na Ridemore.
Dane: {"url":"http:\/\/localhost\/ridemore\/wiadomosci\/288"}
------------------------------------------------------------

[2026-09-13 16:10:30] user_id=1 urządzenia=android:1,ios:0
Tytuł: Ktoś dołączył do Twojego wyjazdu
Treść: TEST grupa push
Dane: {"url":"http:\/\/localhost\/ridemore\/wydarzenia\/test-push-d80d4daaa7df\/uczestnicy"}
------------------------------------------------------------

[2026-09-13 16:10:30] user_id=1 urządzenia=android:1,ios:0
Tytuł: Nowa wiadomość — TEST grupa push
Treść: Sprawdź kanał grupowy wyjazdu.
Dane: {"url":"http:\/\/localhost\/ridemore\/wiadomosci\/grupa\/1068"}
------------------------------------------------------------

[2026-09-13 16:10:30] user_id=1 urządzenia=android:1,ios:0
Tytuł: Nowy skarb w Twojej okolicy
Treść: TEST skarb okolica
Dane: {"url":"http:\/\/localhost\/ridemore\/odkrycia?skarb=51525","nid":"2750"}
------------------------------------------------------------

[2026-09-13 16:10:30] user_id=1 urządzenia=android:1,ios:0
Tytuł: Nowy skarb w Twojej okolicy
Treść: Coś ciekawego czeka w Twojej okolicy — sprawdź mapę.
Dane: {"url":"http:\/\/localhost\/ridemore\/odkrycia","nid":"2752"}
------------------------------------------------------------

[2026-09-14 20:03:45] user_id=1 urządzenia=android:1,ios:0
Tytuł: TEST tytuł
Treść: TEST treść
Dane: []
------------------------------------------------------------

[2026-09-14 20:03:46] user_id=1 urządzenia=android:1,ios:0
Tytuł: Ktoś dołączył do Twojego wyjazdu
Treść: TEST wyjazd push
Dane: {"url":"http:\/\/localhost\/ridemore\/wydarzenia\/test-push-63f0a9508e56\/uczestnicy"}
------------------------------------------------------------

[2026-09-14 20:03:46] user_id=2 urządzenia=android:1,ios:0
Tytuł: Nowa wiadomość
Treść: Masz nową wiadomość na Ridemore.
Dane: {"url":"http:\/\/localhost\/ridemore\/wiadomosci\/289"}
------------------------------------------------------------

[2026-09-14 20:03:46] user_id=1 urządzenia=android:1,ios:0
Tytuł: Ktoś dołączył do Twojego wyjazdu
Treść: TEST grupa push
Dane: {"url":"http:\/\/localhost\/ridemore\/wydarzenia\/test-push-2fb96936ae72\/uczestnicy"}
------------------------------------------------------------

[2026-09-14 20:03:46] user_id=1 urządzenia=android:1,ios:0
Tytuł: Nowa wiadomość — TEST grupa push
Treść: Sprawdź kanał grupowy wyjazdu.
Dane: {"url":"http:\/\/localhost\/ridemore\/wiadomosci\/grupa\/1072"}
------------------------------------------------------------

[2026-09-14 20:03:46] user_id=1 urządzenia=android:1,ios:0
Tytuł: Nowy skarb w Twojej okolicy
Treść: TEST skarb okolica
Dane: {"url":"http:\/\/localhost\/ridemore\/odkrycia?skarb=51680","nid":"2793"}
------------------------------------------------------------

[2026-09-14 20:03:46] user_id=1 urządzenia=android:1,ios:0
Tytuł: Nowy skarb w Twojej okolicy
Treść: Coś ciekawego czeka w Twojej okolicy — sprawdź mapę.
Dane: {"url":"http:\/\/localhost\/ridemore\/odkrycia","nid":"2795"}
------------------------------------------------------------

[2026-09-14 20:05:11] user_id=1 urządzenia=android:1,ios:0
Tytuł: TEST tytuł
Treść: TEST treść
Dane: []
------------------------------------------------------------

[2026-09-14 20:05:11] user_id=1 urządzenia=android:1,ios:0
Tytuł: Ktoś dołączył do Twojego wyjazdu
Treść: TEST wyjazd push
Dane: {"url":"http:\/\/localhost\/ridemore\/wydarzenia\/test-push-36aad319a017\/uczestnicy"}
------------------------------------------------------------

[2026-09-14 20:05:11] user_id=2 urządzenia=android:1,ios:0
Tytuł: Nowa wiadomość
Treść: Masz nową wiadomość na Ridemore.
Dane: {"url":"http:\/\/localhost\/ridemore\/wiadomosci\/290"}
------------------------------------------------------------

[2026-09-14 20:05:11] user_id=1 urządzenia=android:1,ios:0
Tytuł: Ktoś dołączył do Twojego wyjazdu
Treść: TEST grupa push
Dane: {"url":"http:\/\/localhost\/ridemore\/wydarzenia\/test-push-42f1d4683ab0\/uczestnicy"}
------------------------------------------------------------

[2026-09-14 20:05:11] user_id=1 urządzenia=android:1,ios:0
Tytuł: Nowa wiadomość — TEST grupa push
Treść: Sprawdź kanał grupowy wyjazdu.
Dane: {"url":"http:\/\/localhost\/ridemore\/wiadomosci\/grupa\/1076"}
------------------------------------------------------------

[2026-09-14 20:05:11] user_id=1 urządzenia=android:1,ios:0
Tytuł: Nowy skarb w Twojej okolicy
Treść: TEST skarb okolica
Dane: {"url":"http:\/\/localhost\/ridemore\/odkrycia?skarb=51835","nid":"2836"}
------------------------------------------------------------

[2026-09-14 20:05:11] user_id=1 urządzenia=android:1,ios:0
Tytuł: Nowy skarb w Twojej okolicy
Treść: Coś ciekawego czeka w Twojej okolicy — sprawdź mapę.
Dane: {"url":"http:\/\/localhost\/ridemore\/odkrycia","nid":"2838"}
------------------------------------------------------------

[2026-09-14 20:06:38] user_id=1 urządzenia=android:1,ios:0
Tytuł: TEST tytuł
Treść: TEST treść
Dane: []
------------------------------------------------------------

[2026-09-14 20:06:38] user_id=1 urządzenia=android:1,ios:0
Tytuł: Ktoś dołączył do Twojego wyjazdu
Treść: TEST wyjazd push
Dane: {"url":"http:\/\/localhost\/ridemore\/wydarzenia\/test-push-0c176b8f081d\/uczestnicy"}
------------------------------------------------------------

[2026-09-14 20:06:38] user_id=2 urządzenia=android:1,ios:0
Tytuł: Nowa wiadomość
Treść: Masz nową wiadomość na Ridemore.
Dane: {"url":"http:\/\/localhost\/ridemore\/wiadomosci\/291"}
------------------------------------------------------------

[2026-09-14 20:06:38] user_id=1 urządzenia=android:1,ios:0
Tytuł: Ktoś dołączył do Twojego wyjazdu
Treść: TEST grupa push
Dane: {"url":"http:\/\/localhost\/ridemore\/wydarzenia\/test-push-8e5db1024d21\/uczestnicy"}
------------------------------------------------------------

[2026-09-14 20:06:38] user_id=1 urządzenia=android:1,ios:0
Tytuł: Nowa wiadomość — TEST grupa push
Treść: Sprawdź kanał grupowy wyjazdu.
Dane: {"url":"http:\/\/localhost\/ridemore\/wiadomosci\/grupa\/1080"}
------------------------------------------------------------

[2026-09-14 20:06:39] user_id=1 urządzenia=android:1,ios:0
Tytuł: Nowy skarb w Twojej okolicy
Treść: TEST skarb okolica
Dane: {"url":"http:\/\/localhost\/ridemore\/odkrycia?skarb=51990","nid":"2879"}
------------------------------------------------------------

[2026-09-14 20:06:39] user_id=1 urządzenia=android:1,ios:0
Tytuł: Nowy skarb w Twojej okolicy
Treść: Coś ciekawego czeka w Twojej okolicy — sprawdź mapę.
Dane: {"url":"http:\/\/localhost\/ridemore\/odkrycia","nid":"2881"}
------------------------------------------------------------

[2026-09-14 20:11:29] user_id=1 urządzenia=android:1,ios:0
Tytuł: TEST tytuł
Treść: TEST treść
Dane: []
------------------------------------------------------------

[2026-09-14 20:11:29] user_id=1 urządzenia=android:1,ios:0
Tytuł: Ktoś dołączył do Twojego wyjazdu
Treść: TEST wyjazd push
Dane: {"url":"http:\/\/localhost\/ridemore\/wydarzenia\/test-push-a353f54ed497\/uczestnicy"}
------------------------------------------------------------

[2026-09-14 20:11:29] user_id=2 urządzenia=android:1,ios:0
Tytuł: Nowa wiadomość
Treść: Masz nową wiadomość na Ridemore.
Dane: {"url":"http:\/\/localhost\/ridemore\/wiadomosci\/292"}
------------------------------------------------------------

[2026-09-14 20:11:29] user_id=1 urządzenia=android:1,ios:0
Tytuł: Ktoś dołączył do Twojego wyjazdu
Treść: TEST grupa push
Dane: {"url":"http:\/\/localhost\/ridemore\/wydarzenia\/test-push-dda10c192b0c\/uczestnicy"}
------------------------------------------------------------

[2026-09-14 20:11:29] user_id=1 urządzenia=android:1,ios:0
Tytuł: Nowa wiadomość — TEST grupa push
Treść: Sprawdź kanał grupowy wyjazdu.
Dane: {"url":"http:\/\/localhost\/ridemore\/wiadomosci\/grupa\/1084"}
------------------------------------------------------------

[2026-09-14 20:11:30] user_id=1 urządzenia=android:1,ios:0
Tytuł: Nowy skarb w Twojej okolicy
Treść: TEST skarb okolica
Dane: {"url":"http:\/\/localhost\/ridemore\/odkrycia?skarb=52145","nid":"2922"}
------------------------------------------------------------

[2026-09-14 20:11:30] user_id=1 urządzenia=android:1,ios:0
Tytuł: Nowy skarb w Twojej okolicy
Treść: Coś ciekawego czeka w Twojej okolicy — sprawdź mapę.
Dane: {"url":"http:\/\/localhost\/ridemore\/odkrycia","nid":"2924"}
------------------------------------------------------------

[2026-09-14 20:16:28] user_id=1 urządzenia=android:1,ios:0
Tytuł: TEST tytuł
Treść: TEST treść
Dane: []
------------------------------------------------------------

[2026-09-14 20:16:28] user_id=1 urządzenia=android:1,ios:0
Tytuł: Ktoś dołączył do Twojego wyjazdu
Treść: TEST wyjazd push
Dane: {"url":"http:\/\/localhost\/ridemore\/wydarzenia\/test-push-e258cce01fcd\/uczestnicy"}
------------------------------------------------------------

[2026-09-14 20:16:28] user_id=2 urządzenia=android:1,ios:0
Tytuł: Nowa wiadomość
Treść: Masz nową wiadomość na Ridemore.
Dane: {"url":"http:\/\/localhost\/ridemore\/wiadomosci\/293"}
------------------------------------------------------------

[2026-09-14 20:16:29] user_id=1 urządzenia=android:1,ios:0
Tytuł: Ktoś dołączył do Twojego wyjazdu
Treść: TEST grupa push
Dane: {"url":"http:\/\/localhost\/ridemore\/wydarzenia\/test-push-42f69a68ac1d\/uczestnicy"}
------------------------------------------------------------

[2026-09-14 20:16:29] user_id=1 urządzenia=android:1,ios:0
Tytuł: Nowa wiadomość — TEST grupa push
Treść: Sprawdź kanał grupowy wyjazdu.
Dane: {"url":"http:\/\/localhost\/ridemore\/wiadomosci\/grupa\/1088"}
------------------------------------------------------------

[2026-09-14 20:16:29] user_id=1 urządzenia=android:1,ios:0
Tytuł: Nowy skarb w Twojej okolicy
Treść: TEST skarb okolica
Dane: {"url":"http:\/\/localhost\/ridemore\/odkrycia?skarb=52300","nid":"2965"}
------------------------------------------------------------

[2026-09-14 20:16:29] user_id=1 urządzenia=android:1,ios:0
Tytuł: Nowy skarb w Twojej okolicy
Treść: Coś ciekawego czeka w Twojej okolicy — sprawdź mapę.
Dane: {"url":"http:\/\/localhost\/ridemore\/odkrycia","nid":"2967"}
------------------------------------------------------------

[2026-09-14 20:17:53] user_id=1 urządzenia=android:1,ios:0
Tytuł: TEST tytuł
Treść: TEST treść
Dane: []
------------------------------------------------------------

[2026-09-14 20:17:53] user_id=1 urządzenia=android:1,ios:0
Tytuł: Ktoś dołączył do Twojego wyjazdu
Treść: TEST wyjazd push
Dane: {"url":"http:\/\/localhost\/ridemore\/wydarzenia\/test-push-4334ba3efffe\/uczestnicy"}
------------------------------------------------------------

[2026-09-14 20:17:53] user_id=2 urządzenia=android:1,ios:0
Tytuł: Nowa wiadomość
Treść: Masz nową wiadomość na Ridemore.
Dane: {"url":"http:\/\/localhost\/ridemore\/wiadomosci\/294"}
------------------------------------------------------------

[2026-09-14 20:17:53] user_id=1 urządzenia=android:1,ios:0
Tytuł: Ktoś dołączył do Twojego wyjazdu
Treść: TEST grupa push
Dane: {"url":"http:\/\/localhost\/ridemore\/wydarzenia\/test-push-9a62f4f2a86a\/uczestnicy"}
------------------------------------------------------------

[2026-09-14 20:17:53] user_id=1 urządzenia=android:1,ios:0
Tytuł: Nowa wiadomość — TEST grupa push
Treść: Sprawdź kanał grupowy wyjazdu.
Dane: {"url":"http:\/\/localhost\/ridemore\/wiadomosci\/grupa\/1092"}
------------------------------------------------------------

[2026-09-14 20:17:54] user_id=1 urządzenia=android:1,ios:0
Tytuł: Nowy skarb w Twojej okolicy
Treść: TEST skarb okolica
Dane: {"url":"http:\/\/localhost\/ridemore\/odkrycia?skarb=52455","nid":"3008"}
------------------------------------------------------------

[2026-09-14 20:17:54] user_id=1 urządzenia=android:1,ios:0
Tytuł: Nowy skarb w Twojej okolicy
Treść: Coś ciekawego czeka w Twojej okolicy — sprawdź mapę.
Dane: {"url":"http:\/\/localhost\/ridemore\/odkrycia","nid":"3010"}
------------------------------------------------------------

[2026-09-14 20:30:01] user_id=1 urządzenia=android:1,ios:0
Tytuł: TEST tytuł
Treść: TEST treść
Dane: []
------------------------------------------------------------

[2026-09-14 20:30:01] user_id=1 urządzenia=android:1,ios:0
Tytuł: Ktoś dołączył do Twojego wyjazdu
Treść: TEST wyjazd push
Dane: {"url":"http:\/\/localhost\/ridemore\/wydarzenia\/test-push-e587741368f8\/uczestnicy"}
------------------------------------------------------------

[2026-09-14 20:30:01] user_id=2 urządzenia=android:1,ios:0
Tytuł: Nowa wiadomość
Treść: Masz nową wiadomość na Ridemore.
Dane: {"url":"http:\/\/localhost\/ridemore\/wiadomosci\/295"}
------------------------------------------------------------

[2026-09-14 20:30:01] user_id=1 urządzenia=android:1,ios:0
Tytuł: Ktoś dołączył do Twojego wyjazdu
Treść: TEST grupa push
Dane: {"url":"http:\/\/localhost\/ridemore\/wydarzenia\/test-push-efe7e88576cb\/uczestnicy"}
------------------------------------------------------------

[2026-09-14 20:30:01] user_id=1 urządzenia=android:1,ios:0
Tytuł: Nowa wiadomość — TEST grupa push
Treść: Sprawdź kanał grupowy wyjazdu.
Dane: {"url":"http:\/\/localhost\/ridemore\/wiadomosci\/grupa\/1096"}
------------------------------------------------------------

[2026-09-14 20:30:01] user_id=1 urządzenia=android:1,ios:0
Tytuł: Nowy skarb w Twojej okolicy
Treść: TEST skarb okolica
Dane: {"url":"http:\/\/localhost\/ridemore\/odkrycia?skarb=52610","nid":"3051"}
------------------------------------------------------------

[2026-09-14 20:30:01] user_id=1 urządzenia=android:1,ios:0
Tytuł: Nowy skarb w Twojej okolicy
Treść: Coś ciekawego czeka w Twojej okolicy — sprawdź mapę.
Dane: {"url":"http:\/\/localhost\/ridemore\/odkrycia","nid":"3053"}
------------------------------------------------------------

[2026-09-14 20:59:58] user_id=1 urządzenia=android:1,ios:0
Tytuł: TEST tytuł
Treść: TEST treść
Dane: []
------------------------------------------------------------

[2026-09-14 20:59:58] user_id=1 urządzenia=android:1,ios:0
Tytuł: Ktoś dołączył do Twojego wyjazdu
Treść: TEST wyjazd push
Dane: {"url":"http:\/\/localhost\/ridemore\/wydarzenia\/test-push-589f78a55dd9\/uczestnicy"}
------------------------------------------------------------

[2026-09-14 20:59:58] user_id=2 urządzenia=android:1,ios:0
Tytuł: Nowa wiadomość
Treść: Masz nową wiadomość na Ridemore.
Dane: {"url":"http:\/\/localhost\/ridemore\/wiadomosci\/296"}
------------------------------------------------------------

[2026-09-14 20:59:58] user_id=1 urządzenia=android:1,ios:0
Tytuł: Ktoś dołączył do Twojego wyjazdu
Treść: TEST grupa push
Dane: {"url":"http:\/\/localhost\/ridemore\/wydarzenia\/test-push-e20587c8a30b\/uczestnicy"}
------------------------------------------------------------

[2026-09-14 20:59:58] user_id=1 urządzenia=android:1,ios:0
Tytuł: Nowa wiadomość — TEST grupa push
Treść: Sprawdź kanał grupowy wyjazdu.
Dane: {"url":"http:\/\/localhost\/ridemore\/wiadomosci\/grupa\/1100"}
------------------------------------------------------------

[2026-09-14 20:59:58] user_id=1 urządzenia=android:1,ios:0
Tytuł: Nowy skarb w Twojej okolicy
Treść: TEST skarb okolica
Dane: {"url":"http:\/\/localhost\/ridemore\/odkrycia?skarb=52767","nid":"3094"}
------------------------------------------------------------

[2026-09-14 20:59:59] user_id=1 urządzenia=android:1,ios:0
Tytuł: Nowy skarb w Twojej okolicy
Treść: Coś ciekawego czeka w Twojej okolicy — sprawdź mapę.
Dane: {"url":"http:\/\/localhost\/ridemore\/odkrycia","nid":"3096"}
------------------------------------------------------------

[2026-09-14 21:02:41] user_id=1 urządzenia=android:1,ios:0
Tytuł: TEST tytuł
Treść: TEST treść
Dane: []
------------------------------------------------------------

[2026-09-14 21:02:41] user_id=1 urządzenia=android:1,ios:0
Tytuł: Ktoś dołączył do Twojego wyjazdu
Treść: TEST wyjazd push
Dane: {"url":"http:\/\/localhost\/ridemore\/wydarzenia\/test-push-8c180d477018\/uczestnicy"}
------------------------------------------------------------

[2026-09-14 21:02:41] user_id=2 urządzenia=android:1,ios:0
Tytuł: Nowa wiadomość
Treść: Masz nową wiadomość na Ridemore.
Dane: {"url":"http:\/\/localhost\/ridemore\/wiadomosci\/297"}
------------------------------------------------------------

[2026-09-14 21:02:41] user_id=1 urządzenia=android:1,ios:0
Tytuł: Ktoś dołączył do Twojego wyjazdu
Treść: TEST grupa push
Dane: {"url":"http:\/\/localhost\/ridemore\/wydarzenia\/test-push-f80306e64717\/uczestnicy"}
------------------------------------------------------------

[2026-09-14 21:02:41] user_id=1 urządzenia=android:1,ios:0
Tytuł: Nowa wiadomość — TEST grupa push
Treść: Sprawdź kanał grupowy wyjazdu.
Dane: {"url":"http:\/\/localhost\/ridemore\/wiadomosci\/grupa\/1104"}
------------------------------------------------------------

[2026-09-14 21:02:41] user_id=1 urządzenia=android:1,ios:0
Tytuł: Nowy skarb w Twojej okolicy
Treść: TEST skarb okolica
Dane: {"url":"http:\/\/localhost\/ridemore\/odkrycia?skarb=52924","nid":"3137"}
------------------------------------------------------------

[2026-09-14 21:02:42] user_id=1 urządzenia=android:1,ios:0
Tytuł: Nowy skarb w Twojej okolicy
Treść: Coś ciekawego czeka w Twojej okolicy — sprawdź mapę.
Dane: {"url":"http:\/\/localhost\/ridemore\/odkrycia","nid":"3139"}
------------------------------------------------------------

[2026-09-14 21:20:43] user_id=1 urządzenia=android:1,ios:0
Tytuł: TEST tytuł
Treść: TEST treść
Dane: []
------------------------------------------------------------

[2026-09-14 21:20:43] user_id=1 urządzenia=android:1,ios:0
Tytuł: Ktoś dołączył do Twojego wyjazdu
Treść: TEST wyjazd push
Dane: {"url":"http:\/\/localhost\/ridemore\/wydarzenia\/test-push-e6b8481ead0e\/uczestnicy"}
------------------------------------------------------------

[2026-09-14 21:20:43] user_id=2 urządzenia=android:1,ios:0
Tytuł: Nowa wiadomość
Treść: Masz nową wiadomość na Ridemore.
Dane: {"url":"http:\/\/localhost\/ridemore\/wiadomosci\/298"}
------------------------------------------------------------

[2026-09-14 21:20:43] user_id=1 urządzenia=android:1,ios:0
Tytuł: Ktoś dołączył do Twojego wyjazdu
Treść: TEST grupa push
Dane: {"url":"http:\/\/localhost\/ridemore\/wydarzenia\/test-push-4d3daa67bf71\/uczestnicy"}
------------------------------------------------------------

[2026-09-14 21:20:43] user_id=1 urządzenia=android:1,ios:0
Tytuł: Nowa wiadomość — TEST grupa push
Treść: Sprawdź kanał grupowy wyjazdu.
Dane: {"url":"http:\/\/localhost\/ridemore\/wiadomosci\/grupa\/1108"}
------------------------------------------------------------

[2026-09-14 21:20:43] user_id=1 urządzenia=android:1,ios:0
Tytuł: Nowy skarb w Twojej okolicy
Treść: TEST skarb okolica
Dane: {"url":"http:\/\/localhost\/ridemore\/odkrycia?skarb=53087","nid":"3180"}
------------------------------------------------------------

[2026-09-14 21:20:43] user_id=1 urządzenia=android:1,ios:0
Tytuł: Nowy skarb w Twojej okolicy
Treść: Coś ciekawego czeka w Twojej okolicy — sprawdź mapę.
Dane: {"url":"http:\/\/localhost\/ridemore\/odkrycia","nid":"3182"}
------------------------------------------------------------

[2026-09-14 21:23:55] user_id=1 urządzenia=android:1,ios:0
Tytuł: TEST tytuł
Treść: TEST treść
Dane: []
------------------------------------------------------------

[2026-09-14 21:23:55] user_id=1 urządzenia=android:1,ios:0
Tytuł: Ktoś dołączył do Twojego wyjazdu
Treść: TEST wyjazd push
Dane: {"url":"http:\/\/localhost\/ridemore\/wydarzenia\/test-push-5bcc52d62071\/uczestnicy"}
------------------------------------------------------------

[2026-09-14 21:23:55] user_id=2 urządzenia=android:1,ios:0
Tytuł: Nowa wiadomość
Treść: Masz nową wiadomość na Ridemore.
Dane: {"url":"http:\/\/localhost\/ridemore\/wiadomosci\/299"}
------------------------------------------------------------

[2026-09-14 21:23:55] user_id=1 urządzenia=android:1,ios:0
Tytuł: Ktoś dołączył do Twojego wyjazdu
Treść: TEST grupa push
Dane: {"url":"http:\/\/localhost\/ridemore\/wydarzenia\/test-push-0fe38508319a\/uczestnicy"}
------------------------------------------------------------

[2026-09-14 21:23:55] user_id=1 urządzenia=android:1,ios:0
Tytuł: Nowa wiadomość — TEST grupa push
Treść: Sprawdź kanał grupowy wyjazdu.
Dane: {"url":"http:\/\/localhost\/ridemore\/wiadomosci\/grupa\/1112"}
------------------------------------------------------------

[2026-09-14 21:23:55] user_id=1 urządzenia=android:1,ios:0
Tytuł: Nowy skarb w Twojej okolicy
Treść: TEST skarb okolica
Dane: {"url":"http:\/\/localhost\/ridemore\/odkrycia?skarb=53204","nid":"3223"}
------------------------------------------------------------

[2026-09-14 21:23:56] user_id=1 urządzenia=android:1,ios:0
Tytuł: Nowy skarb w Twojej okolicy
Treść: Coś ciekawego czeka w Twojej okolicy — sprawdź mapę.
Dane: {"url":"http:\/\/localhost\/ridemore\/odkrycia","nid":"3225"}
------------------------------------------------------------

[2026-09-14 22:12:43] user_id=1 urządzenia=android:1,ios:0
Tytuł: TEST tytuł
Treść: TEST treść
Dane: []
------------------------------------------------------------

[2026-09-14 22:12:43] user_id=1 urządzenia=android:1,ios:0
Tytuł: Ktoś dołączył do Twojego wyjazdu
Treść: TEST wyjazd push
Dane: {"url":"http:\/\/localhost\/ridemore\/wydarzenia\/test-push-11a52a957587\/uczestnicy"}
------------------------------------------------------------

[2026-09-14 22:12:43] user_id=2 urządzenia=android:1,ios:0
Tytuł: Nowa wiadomość
Treść: Masz nową wiadomość na Ridemore.
Dane: {"url":"http:\/\/localhost\/ridemore\/wiadomosci\/300"}
------------------------------------------------------------

[2026-09-14 22:12:43] user_id=1 urządzenia=android:1,ios:0
Tytuł: Ktoś dołączył do Twojego wyjazdu
Treść: TEST grupa push
Dane: {"url":"http:\/\/localhost\/ridemore\/wydarzenia\/test-push-e41bcebaa436\/uczestnicy"}
------------------------------------------------------------

[2026-09-14 22:12:43] user_id=1 urządzenia=android:1,ios:0
Tytuł: Nowa wiadomość — TEST grupa push
Treść: Sprawdź kanał grupowy wyjazdu.
Dane: {"url":"http:\/\/localhost\/ridemore\/wiadomosci\/grupa\/1116"}
------------------------------------------------------------

[2026-09-14 22:13:27] user_id=1 urządzenia=android:1,ios:0
Tytuł: TEST tytuł
Treść: TEST treść
Dane: []
------------------------------------------------------------

[2026-09-14 22:13:27] user_id=1 urządzenia=android:1,ios:0
Tytuł: Ktoś dołączył do Twojego wyjazdu
Treść: TEST wyjazd push
Dane: {"url":"http:\/\/localhost\/ridemore\/wydarzenia\/test-push-6127c8fdafbe\/uczestnicy"}
------------------------------------------------------------

[2026-09-14 22:13:27] user_id=2 urządzenia=android:1,ios:0
Tytuł: Nowa wiadomość
Treść: Masz nową wiadomość na Ridemore.
Dane: {"url":"http:\/\/localhost\/ridemore\/wiadomosci\/301"}
------------------------------------------------------------

[2026-09-14 22:13:27] user_id=1 urządzenia=android:1,ios:0
Tytuł: Ktoś dołączył do Twojego wyjazdu
Treść: TEST grupa push
Dane: {"url":"http:\/\/localhost\/ridemore\/wydarzenia\/test-push-0967023a3e53\/uczestnicy"}
------------------------------------------------------------

[2026-09-14 22:13:27] user_id=1 urządzenia=android:1,ios:0
Tytuł: Nowa wiadomość — TEST grupa push
Treść: Sprawdź kanał grupowy wyjazdu.
Dane: {"url":"http:\/\/localhost\/ridemore\/wiadomosci\/grupa\/1120"}
------------------------------------------------------------

[2026-09-16 18:47:15] user_id=1 urządzenia=android:1,ios:0
Tytuł: TEST tytuł
Treść: TEST treść
Dane: []
------------------------------------------------------------

[2026-09-16 18:47:15] user_id=1 urządzenia=android:1,ios:0
Tytuł: Ktoś dołączył do Twojego wyjazdu
Treść: TEST wyjazd push
Dane: {"url":"http:\/\/localhost\/ridemore\/wydarzenia\/test-push-2f80cf493144\/uczestnicy"}
------------------------------------------------------------

[2026-09-16 18:47:15] user_id=2 urządzenia=android:1,ios:0
Tytuł: Nowa wiadomość
Treść: Masz nową wiadomość na Ridemore.
Dane: {"url":"http:\/\/localhost\/ridemore\/wiadomosci\/302"}
------------------------------------------------------------

[2026-09-16 18:47:15] user_id=1 urządzenia=android:1,ios:0
Tytuł: Ktoś dołączył do Twojego wyjazdu
Treść: TEST grupa push
Dane: {"url":"http:\/\/localhost\/ridemore\/wydarzenia\/test-push-564d172f6d05\/uczestnicy"}
------------------------------------------------------------

[2026-09-16 18:47:15] user_id=1 urządzenia=android:1,ios:0
Tytuł: Nowa wiadomość — TEST grupa push
Treść: Sprawdź kanał grupowy wyjazdu.
Dane: {"url":"http:\/\/localhost\/ridemore\/wiadomosci\/grupa\/1138"}
------------------------------------------------------------

[2026-09-16 18:47:15] user_id=1 urządzenia=android:1,ios:0
Tytuł: Nowy skarb w Twojej okolicy
Treść: TEST skarb okolica
Dane: {"url":"http:\/\/localhost\/ridemore\/odkrycia?skarb=53542","nid":"3352"}
------------------------------------------------------------

[2026-09-16 18:47:15] user_id=1 urządzenia=android:1,ios:0
Tytuł: Nowy skarb w Twojej okolicy
Treść: Coś ciekawego czeka w Twojej okolicy — sprawdź mapę.
Dane: {"url":"http:\/\/localhost\/ridemore\/odkrycia","nid":"3354"}
------------------------------------------------------------

[2026-09-16 19:04:25] user_id=1 urządzenia=android:1,ios:0
Tytuł: TEST tytuł
Treść: TEST treść
Dane: []
------------------------------------------------------------

[2026-09-16 19:04:25] user_id=1 urządzenia=android:1,ios:0
Tytuł: Ktoś dołączył do Twojego wyjazdu
Treść: TEST wyjazd push
Dane: {"url":"http:\/\/localhost\/ridemore\/wydarzenia\/test-push-1c1bd79d0659\/uczestnicy"}
------------------------------------------------------------

[2026-09-16 19:04:26] user_id=2 urządzenia=android:1,ios:0
Tytuł: Nowa wiadomość
Treść: Masz nową wiadomość na Ridemore.
Dane: {"url":"http:\/\/localhost\/ridemore\/wiadomosci\/303"}
------------------------------------------------------------

[2026-09-16 19:04:26] user_id=1 urządzenia=android:1,ios:0
Tytuł: Ktoś dołączył do Twojego wyjazdu
Treść: TEST grupa push
Dane: {"url":"http:\/\/localhost\/ridemore\/wydarzenia\/test-push-98822d1dba19\/uczestnicy"}
------------------------------------------------------------

[2026-09-16 19:04:26] user_id=1 urządzenia=android:1,ios:0
Tytuł: Nowa wiadomość — TEST grupa push
Treść: Sprawdź kanał grupowy wyjazdu.
Dane: {"url":"http:\/\/localhost\/ridemore\/wiadomosci\/grupa\/1147"}
------------------------------------------------------------

[2026-09-16 19:04:26] user_id=1 urządzenia=android:1,ios:0
Tytuł: Nowy skarb w Twojej okolicy
Treść: TEST skarb okolica
Dane: {"url":"http:\/\/localhost\/ridemore\/odkrycia?skarb=53701","nid":"3402"}
------------------------------------------------------------

[2026-09-16 19:04:26] user_id=1 urządzenia=android:1,ios:0
Tytuł: Nowy skarb w Twojej okolicy
Treść: Coś ciekawego czeka w Twojej okolicy — sprawdź mapę.
Dane: {"url":"http:\/\/localhost\/ridemore\/odkrycia","nid":"3404"}
------------------------------------------------------------

[2026-09-16 19:05:35] user_id=1 urządzenia=android:1,ios:0
Tytuł: TEST tytuł
Treść: TEST treść
Dane: []
------------------------------------------------------------

[2026-09-16 19:05:35] user_id=1 urządzenia=android:1,ios:0
Tytuł: Ktoś dołączył do Twojego wyjazdu
Treść: TEST wyjazd push
Dane: {"url":"http:\/\/localhost\/ridemore\/wydarzenia\/test-push-594f8e5c4b57\/uczestnicy"}
------------------------------------------------------------

[2026-09-16 19:05:35] user_id=2 urządzenia=android:1,ios:0
Tytuł: Nowa wiadomość
Treść: Masz nową wiadomość na Ridemore.
Dane: {"url":"http:\/\/localhost\/ridemore\/wiadomosci\/304"}
------------------------------------------------------------

[2026-09-16 19:05:35] user_id=1 urządzenia=android:1,ios:0
Tytuł: Ktoś dołączył do Twojego wyjazdu
Treść: TEST grupa push
Dane: {"url":"http:\/\/localhost\/ridemore\/wydarzenia\/test-push-fe13aa4121a0\/uczestnicy"}
------------------------------------------------------------

[2026-09-16 19:05:35] user_id=1 urządzenia=android:1,ios:0
Tytuł: Nowa wiadomość — TEST grupa push
Treść: Sprawdź kanał grupowy wyjazdu.
Dane: {"url":"http:\/\/localhost\/ridemore\/wiadomosci\/grupa\/1156"}
------------------------------------------------------------

[2026-09-16 19:05:35] user_id=1 urządzenia=android:1,ios:0
Tytuł: Nowy skarb w Twojej okolicy
Treść: TEST skarb okolica
Dane: {"url":"http:\/\/localhost\/ridemore\/odkrycia?skarb=53860","nid":"3452"}
------------------------------------------------------------

[2026-09-16 19:05:36] user_id=1 urządzenia=android:1,ios:0
Tytuł: Nowy skarb w Twojej okolicy
Treść: Coś ciekawego czeka w Twojej okolicy — sprawdź mapę.
Dane: {"url":"http:\/\/localhost\/ridemore\/odkrycia","nid":"3454"}
------------------------------------------------------------

[2026-09-16 23:47:46] user_id=1 urządzenia=android:1,ios:0
Tytuł: TEST tytuł
Treść: TEST treść
Dane: []
------------------------------------------------------------

[2026-09-16 23:47:46] user_id=1 urządzenia=android:1,ios:0
Tytuł: Ktoś dołączył do Twojego wyjazdu
Treść: TEST wyjazd push
Dane: {"url":"http:\/\/localhost\/ridemore\/wydarzenia\/test-push-8313e133a2df\/uczestnicy"}
------------------------------------------------------------

[2026-09-16 23:47:46] user_id=2 urządzenia=android:1,ios:0
Tytuł: Nowa wiadomość
Treść: Masz nową wiadomość na Ridemore.
Dane: {"url":"http:\/\/localhost\/ridemore\/wiadomosci\/305"}
------------------------------------------------------------

[2026-09-16 23:47:46] user_id=1 urządzenia=android:1,ios:0
Tytuł: Ktoś dołączył do Twojego wyjazdu
Treść: TEST grupa push
Dane: {"url":"http:\/\/localhost\/ridemore\/wydarzenia\/test-push-e7f66f3a4b5c\/uczestnicy"}
------------------------------------------------------------

[2026-09-16 23:47:46] user_id=1 urządzenia=android:1,ios:0
Tytuł: Nowa wiadomość — TEST grupa push
Treść: Sprawdź kanał grupowy wyjazdu.
Dane: {"url":"http:\/\/localhost\/ridemore\/wiadomosci\/grupa\/1165"}
------------------------------------------------------------

[2026-09-16 23:48:58] user_id=1 urządzenia=android:1,ios:0
Tytuł: TEST tytuł
Treść: TEST treść
Dane: []
------------------------------------------------------------

[2026-09-16 23:48:58] user_id=1 urządzenia=android:1,ios:0
Tytuł: Ktoś dołączył do Twojego wyjazdu
Treść: TEST wyjazd push
Dane: {"url":"http:\/\/localhost\/ridemore\/wydarzenia\/test-push-95691f67e9b1\/uczestnicy"}
------------------------------------------------------------

[2026-09-16 23:48:58] user_id=2 urządzenia=android:1,ios:0
Tytuł: Nowa wiadomość
Treść: Masz nową wiadomość na Ridemore.
Dane: {"url":"http:\/\/localhost\/ridemore\/wiadomosci\/306"}
------------------------------------------------------------

[2026-09-16 23:48:58] user_id=1 urządzenia=android:1,ios:0
Tytuł: Ktoś dołączył do Twojego wyjazdu
Treść: TEST grupa push
Dane: {"url":"http:\/\/localhost\/ridemore\/wydarzenia\/test-push-ff77aeeb111e\/uczestnicy"}
------------------------------------------------------------

[2026-09-16 23:48:58] user_id=1 urządzenia=android:1,ios:0
Tytuł: Nowa wiadomość — TEST grupa push
Treść: Sprawdź kanał grupowy wyjazdu.
Dane: {"url":"http:\/\/localhost\/ridemore\/wiadomosci\/grupa\/1174"}
------------------------------------------------------------

[2026-09-16 23:49:39] user_id=1 urządzenia=android:1,ios:0
Tytuł: TEST tytuł
Treść: TEST treść
Dane: []
------------------------------------------------------------

[2026-09-16 23:49:39] user_id=1 urządzenia=android:1,ios:0
Tytuł: Ktoś dołączył do Twojego wyjazdu
Treść: TEST wyjazd push
Dane: {"url":"http:\/\/localhost\/ridemore\/wydarzenia\/test-push-9246108bd2cb\/uczestnicy"}
------------------------------------------------------------

[2026-09-16 23:49:39] user_id=2 urządzenia=android:1,ios:0
Tytuł: Nowa wiadomość
Treść: Masz nową wiadomość na Ridemore.
Dane: {"url":"http:\/\/localhost\/ridemore\/wiadomosci\/307"}
------------------------------------------------------------

[2026-09-16 23:49:39] user_id=1 urządzenia=android:1,ios:0
Tytuł: Ktoś dołączył do Twojego wyjazdu
Treść: TEST grupa push
Dane: {"url":"http:\/\/localhost\/ridemore\/wydarzenia\/test-push-8e550bc534a3\/uczestnicy"}
------------------------------------------------------------

[2026-09-16 23:49:39] user_id=1 urządzenia=android:1,ios:0
Tytuł: Nowa wiadomość — TEST grupa push
Treść: Sprawdź kanał grupowy wyjazdu.
Dane: {"url":"http:\/\/localhost\/ridemore\/wiadomosci\/grupa\/1183"}
------------------------------------------------------------

[2026-09-16 23:49:47] user_id=1 urządzenia=android:1,ios:0
Tytuł: TEST tytuł
Treść: TEST treść
Dane: []
------------------------------------------------------------

[2026-09-16 23:49:47] user_id=1 urządzenia=android:1,ios:0
Tytuł: Ktoś dołączył do Twojego wyjazdu
Treść: TEST wyjazd push
Dane: {"url":"http:\/\/localhost\/ridemore\/wydarzenia\/test-push-da57896814cb\/uczestnicy"}
------------------------------------------------------------

[2026-09-16 23:49:47] user_id=2 urządzenia=android:1,ios:0
Tytuł: Nowa wiadomość
Treść: Masz nową wiadomość na Ridemore.
Dane: {"url":"http:\/\/localhost\/ridemore\/wiadomosci\/308"}
------------------------------------------------------------

[2026-09-16 23:49:47] user_id=1 urządzenia=android:1,ios:0
Tytuł: Ktoś dołączył do Twojego wyjazdu
Treść: TEST grupa push
Dane: {"url":"http:\/\/localhost\/ridemore\/wydarzenia\/test-push-8dd45305ac0a\/uczestnicy"}
------------------------------------------------------------

[2026-09-16 23:49:47] user_id=1 urządzenia=android:1,ios:0
Tytuł: Nowa wiadomość — TEST grupa push
Treść: Sprawdź kanał grupowy wyjazdu.
Dane: {"url":"http:\/\/localhost\/ridemore\/wiadomosci\/grupa\/1186"}
------------------------------------------------------------

[2026-09-16 23:49:57] user_id=1 urządzenia=android:1,ios:0
Tytuł: TEST tytuł
Treść: TEST treść
Dane: []
------------------------------------------------------------

[2026-09-16 23:49:57] user_id=1 urządzenia=android:1,ios:0
Tytuł: Ktoś dołączył do Twojego wyjazdu
Treść: TEST wyjazd push
Dane: {"url":"http:\/\/localhost\/ridemore\/wydarzenia\/test-push-79790032cfd5\/uczestnicy"}
------------------------------------------------------------

[2026-09-16 23:49:57] user_id=2 urządzenia=android:1,ios:0
Tytuł: Nowa wiadomość
Treść: Masz nową wiadomość na Ridemore.
Dane: {"url":"http:\/\/localhost\/ridemore\/wiadomosci\/309"}
------------------------------------------------------------

[2026-09-16 23:49:57] user_id=1 urządzenia=android:1,ios:0
Tytuł: Ktoś dołączył do Twojego wyjazdu
Treść: TEST grupa push
Dane: {"url":"http:\/\/localhost\/ridemore\/wydarzenia\/test-push-721ecaa0f376\/uczestnicy"}
------------------------------------------------------------

[2026-09-16 23:49:57] user_id=1 urządzenia=android:1,ios:0
Tytuł: Nowa wiadomość — TEST grupa push
Treść: Sprawdź kanał grupowy wyjazdu.
Dane: {"url":"http:\/\/localhost\/ridemore\/wiadomosci\/grupa\/1189"}
------------------------------------------------------------

[2026-09-17 00:03:51] user_id=1 urządzenia=android:1,ios:0
Tytuł: TEST tytuł
Treść: TEST treść
Dane: []
------------------------------------------------------------

[2026-09-17 00:03:51] user_id=1 urządzenia=android:1,ios:0
Tytuł: Ktoś dołączył do Twojego wyjazdu
Treść: TEST wyjazd push
Dane: {"url":"http:\/\/localhost\/ridemore\/wydarzenia\/test-push-ace398f83fad\/uczestnicy"}
------------------------------------------------------------

[2026-09-17 00:03:51] user_id=2 urządzenia=android:1,ios:0
Tytuł: Nowa wiadomość
Treść: Masz nową wiadomość na Ridemore.
Dane: {"url":"http:\/\/localhost\/ridemore\/wiadomosci\/310"}
------------------------------------------------------------

[2026-09-17 00:03:51] user_id=1 urządzenia=android:1,ios:0
Tytuł: Ktoś dołączył do Twojego wyjazdu
Treść: TEST grupa push
Dane: {"url":"http:\/\/localhost\/ridemore\/wydarzenia\/test-push-05073b7cc3c7\/uczestnicy"}
------------------------------------------------------------

[2026-09-17 00:03:51] user_id=1 urządzenia=android:1,ios:0
Tytuł: Nowa wiadomość — TEST grupa push
Treść: Sprawdź kanał grupowy wyjazdu.
Dane: {"url":"http:\/\/localhost\/ridemore\/wiadomosci\/grupa\/1192"}
------------------------------------------------------------

[2026-09-17 00:05:04] user_id=1 urządzenia=android:1,ios:0
Tytuł: TEST tytuł
Treść: TEST treść
Dane: []
------------------------------------------------------------

[2026-09-17 00:05:04] user_id=1 urządzenia=android:1,ios:0
Tytuł: Ktoś dołączył do Twojego wyjazdu
Treść: TEST wyjazd push
Dane: {"url":"http:\/\/localhost\/ridemore\/wydarzenia\/test-push-4dbefa243159\/uczestnicy"}
------------------------------------------------------------

[2026-09-17 00:05:04] user_id=2 urządzenia=android:1,ios:0
Tytuł: Nowa wiadomość
Treść: Masz nową wiadomość na Ridemore.
Dane: {"url":"http:\/\/localhost\/ridemore\/wiadomosci\/311"}
------------------------------------------------------------

[2026-09-17 00:05:04] user_id=1 urządzenia=android:1,ios:0
Tytuł: Ktoś dołączył do Twojego wyjazdu
Treść: TEST grupa push
Dane: {"url":"http:\/\/localhost\/ridemore\/wydarzenia\/test-push-50eadab93153\/uczestnicy"}
------------------------------------------------------------

[2026-09-17 00:05:04] user_id=1 urządzenia=android:1,ios:0
Tytuł: Nowa wiadomość — TEST grupa push
Treść: Sprawdź kanał grupowy wyjazdu.
Dane: {"url":"http:\/\/localhost\/ridemore\/wiadomosci\/grupa\/1201"}
------------------------------------------------------------

[2026-09-17 00:23:38] user_id=1 urządzenia=android:1,ios:0
Tytuł: TEST tytuł
Treść: TEST treść
Dane: []
------------------------------------------------------------

[2026-09-17 00:23:38] user_id=1 urządzenia=android:1,ios:0
Tytuł: Ktoś dołączył do Twojego wyjazdu
Treść: TEST wyjazd push
Dane: {"url":"http:\/\/localhost\/ridemore\/wydarzenia\/test-push-f283ae03ad8b\/uczestnicy"}
------------------------------------------------------------

[2026-09-17 00:23:38] user_id=2 urządzenia=android:1,ios:0
Tytuł: Nowa wiadomość
Treść: Masz nową wiadomość na Ridemore.
Dane: {"url":"http:\/\/localhost\/ridemore\/wiadomosci\/312"}
------------------------------------------------------------

[2026-09-17 00:23:38] user_id=1 urządzenia=android:1,ios:0
Tytuł: Ktoś dołączył do Twojego wyjazdu
Treść: TEST grupa push
Dane: {"url":"http:\/\/localhost\/ridemore\/wydarzenia\/test-push-1b15de8f9ef4\/uczestnicy"}
------------------------------------------------------------

[2026-09-17 00:23:38] user_id=1 urządzenia=android:1,ios:0
Tytuł: Nowa wiadomość — TEST grupa push
Treść: Sprawdź kanał grupowy wyjazdu.
Dane: {"url":"http:\/\/localhost\/ridemore\/wiadomosci\/grupa\/1210"}
------------------------------------------------------------

[2026-09-17 00:24:47] user_id=1 urządzenia=android:1,ios:0
Tytuł: TEST tytuł
Treść: TEST treść
Dane: []
------------------------------------------------------------

[2026-09-17 00:24:47] user_id=1 urządzenia=android:1,ios:0
Tytuł: Ktoś dołączył do Twojego wyjazdu
Treść: TEST wyjazd push
Dane: {"url":"http:\/\/localhost\/ridemore\/wydarzenia\/test-push-262809e5dc39\/uczestnicy"}
------------------------------------------------------------

[2026-09-17 00:24:47] user_id=2 urządzenia=android:1,ios:0
Tytuł: Nowa wiadomość
Treść: Masz nową wiadomość na Ridemore.
Dane: {"url":"http:\/\/localhost\/ridemore\/wiadomosci\/313"}
------------------------------------------------------------

[2026-09-17 00:24:47] user_id=1 urządzenia=android:1,ios:0
Tytuł: Ktoś dołączył do Twojego wyjazdu
Treść: TEST grupa push
Dane: {"url":"http:\/\/localhost\/ridemore\/wydarzenia\/test-push-a8a007136523\/uczestnicy"}
------------------------------------------------------------

[2026-09-17 00:24:47] user_id=1 urządzenia=android:1,ios:0
Tytuł: Nowa wiadomość — TEST grupa push
Treść: Sprawdź kanał grupowy wyjazdu.
Dane: {"url":"http:\/\/localhost\/ridemore\/wiadomosci\/grupa\/1219"}
------------------------------------------------------------

[2026-09-17 04:33:08] user_id=1 urządzenia=android:1,ios:0
Tytuł: TEST tytuł
Treść: TEST treść
Dane: []
------------------------------------------------------------

[2026-09-17 04:33:08] user_id=1 urządzenia=android:1,ios:0
Tytuł: Ktoś dołączył do Twojego wyjazdu
Treść: TEST wyjazd push
Dane: {"url":"http:\/\/localhost\/ridemore\/wydarzenia\/test-push-2864dbe73afd\/uczestnicy"}
------------------------------------------------------------

[2026-09-17 04:33:08] user_id=2 urządzenia=android:1,ios:0
Tytuł: Nowa wiadomość
Treść: Masz nową wiadomość na Ridemore.
Dane: {"url":"http:\/\/localhost\/ridemore\/wiadomosci\/314"}
------------------------------------------------------------

[2026-09-17 04:33:08] user_id=1 urządzenia=android:1,ios:0
Tytuł: Ktoś dołączył do Twojego wyjazdu
Treść: TEST grupa push
Dane: {"url":"http:\/\/localhost\/ridemore\/wydarzenia\/test-push-3321e46df55a\/uczestnicy"}
------------------------------------------------------------

[2026-09-17 04:33:08] user_id=1 urządzenia=android:1,ios:0
Tytuł: Nowa wiadomość — TEST grupa push
Treść: Sprawdź kanał grupowy wyjazdu.
Dane: {"url":"http:\/\/localhost\/ridemore\/wiadomosci\/grupa\/1238"}
------------------------------------------------------------

[2026-09-17 09:12:46] user_id=1 urządzenia=android:1,ios:0
Tytuł: TEST tytuł
Treść: TEST treść
Dane: []
------------------------------------------------------------

[2026-09-17 09:12:46] user_id=1 urządzenia=android:1,ios:0
Tytuł: Ktoś dołączył do Twojego wyjazdu
Treść: TEST wyjazd push
Dane: {"url":"http:\/\/localhost\/ridemore\/wydarzenia\/test-push-ecb8622aed0a\/uczestnicy"}
------------------------------------------------------------

[2026-09-17 09:12:46] user_id=2 urządzenia=android:1,ios:0
Tytuł: Nowa wiadomość
Treść: Masz nową wiadomość na Ridemore.
Dane: {"url":"http:\/\/localhost\/ridemore\/wiadomosci\/315"}
------------------------------------------------------------

[2026-09-17 09:12:46] user_id=1 urządzenia=android:1,ios:0
Tytuł: Ktoś dołączył do Twojego wyjazdu
Treść: TEST grupa push
Dane: {"url":"http:\/\/localhost\/ridemore\/wydarzenia\/test-push-43ad1d50b4ec\/uczestnicy"}
------------------------------------------------------------

[2026-09-17 09:12:46] user_id=1 urządzenia=android:1,ios:0
Tytuł: Nowa wiadomość — TEST grupa push
Treść: Sprawdź kanał grupowy wyjazdu.
Dane: {"url":"http:\/\/localhost\/ridemore\/wiadomosci\/grupa\/1247"}
------------------------------------------------------------

[2026-09-17 09:12:46] user_id=1 urządzenia=android:1,ios:0
Tytuł: Nowy skarb w Twojej okolicy
Treść: TEST skarb okolica
Dane: {"url":"http:\/\/localhost\/ridemore\/odkrycia?skarb=55171","nid":"3787"}
------------------------------------------------------------

[2026-09-17 09:12:46] user_id=1 urządzenia=android:1,ios:0
Tytuł: Nowy skarb w Twojej okolicy
Treść: Coś ciekawego czeka w Twojej okolicy — sprawdź mapę.
Dane: {"url":"http:\/\/localhost\/ridemore\/odkrycia","nid":"3789"}
------------------------------------------------------------

[2026-09-17 10:34:37] user_id=1 urządzenia=android:1,ios:0
Tytuł: TEST tytuł
Treść: TEST treść
Dane: []
------------------------------------------------------------

[2026-09-17 10:34:37] user_id=1 urządzenia=android:1,ios:0
Tytuł: Ktoś dołączył do Twojego wyjazdu
Treść: TEST wyjazd push
Dane: {"url":"http:\/\/localhost\/ridemore\/wydarzenia\/test-push-79fb105a636b\/uczestnicy"}
------------------------------------------------------------

[2026-09-17 10:34:37] user_id=2 urządzenia=android:1,ios:0
Tytuł: Nowa wiadomość
Treść: Masz nową wiadomość na Ridemore.
Dane: {"url":"http:\/\/localhost\/ridemore\/wiadomosci\/316"}
------------------------------------------------------------

[2026-09-17 10:34:37] user_id=1 urządzenia=android:1,ios:0
Tytuł: Ktoś dołączył do Twojego wyjazdu
Treść: TEST grupa push
Dane: {"url":"http:\/\/localhost\/ridemore\/wydarzenia\/test-push-72130afbed1d\/uczestnicy"}
------------------------------------------------------------

[2026-09-17 10:34:37] user_id=1 urządzenia=android:1,ios:0
Tytuł: Nowa wiadomość — TEST grupa push
Treść: Sprawdź kanał grupowy wyjazdu.
Dane: {"url":"http:\/\/localhost\/ridemore\/wiadomosci\/grupa\/1258"}
------------------------------------------------------------

[2026-09-17 10:34:37] user_id=1 urządzenia=android:1,ios:0
Tytuł: Nowy skarb w Twojej okolicy
Treść: TEST skarb okolica
Dane: {"url":"http:\/\/localhost\/ridemore\/odkrycia?skarb=55330","nid":"3837"}
------------------------------------------------------------

[2026-09-17 10:34:37] user_id=1 urządzenia=android:1,ios:0
Tytuł: Nowy skarb w Twojej okolicy
Treść: Coś ciekawego czeka w Twojej okolicy — sprawdź mapę.
Dane: {"url":"http:\/\/localhost\/ridemore\/odkrycia","nid":"3839"}
------------------------------------------------------------

[2026-09-17 10:35:56] user_id=1 urządzenia=android:1,ios:0
Tytuł: TEST tytuł
Treść: TEST treść
Dane: []
------------------------------------------------------------

[2026-09-17 10:35:56] user_id=1 urządzenia=android:1,ios:0
Tytuł: Ktoś dołączył do Twojego wyjazdu
Treść: TEST wyjazd push
Dane: {"url":"http:\/\/localhost\/ridemore\/wydarzenia\/test-push-3043d5ac8aa5\/uczestnicy"}
------------------------------------------------------------

[2026-09-17 10:35:56] user_id=2 urządzenia=android:1,ios:0
Tytuł: Nowa wiadomość
Treść: Masz nową wiadomość na Ridemore.
Dane: {"url":"http:\/\/localhost\/ridemore\/wiadomosci\/317"}
------------------------------------------------------------

[2026-09-17 10:35:56] user_id=1 urządzenia=android:1,ios:0
Tytuł: Ktoś dołączył do Twojego wyjazdu
Treść: TEST grupa push
Dane: {"url":"http:\/\/localhost\/ridemore\/wydarzenia\/test-push-d5980bef344e\/uczestnicy"}
------------------------------------------------------------

[2026-09-17 10:35:56] user_id=1 urządzenia=android:1,ios:0
Tytuł: Nowa wiadomość — TEST grupa push
Treść: Sprawdź kanał grupowy wyjazdu.
Dane: {"url":"http:\/\/localhost\/ridemore\/wiadomosci\/grupa\/1267"}
------------------------------------------------------------

[2026-09-17 10:35:56] user_id=1 urządzenia=android:1,ios:0
Tytuł: Nowy skarb w Twojej okolicy
Treść: TEST skarb okolica
Dane: {"url":"http:\/\/localhost\/ridemore\/odkrycia?skarb=55489","nid":"3887"}
------------------------------------------------------------

[2026-09-17 10:35:56] user_id=1 urządzenia=android:1,ios:0
Tytuł: Nowy skarb w Twojej okolicy
Treść: Coś ciekawego czeka w Twojej okolicy — sprawdź mapę.
Dane: {"url":"http:\/\/localhost\/ridemore\/odkrycia","nid":"3889"}
------------------------------------------------------------

[2026-09-17 10:39:05] user_id=1 urządzenia=android:1,ios:0
Tytuł: TEST tytuł
Treść: TEST treść
Dane: []
------------------------------------------------------------

[2026-09-17 10:39:05] user_id=1 urządzenia=android:1,ios:0
Tytuł: Ktoś dołączył do Twojego wyjazdu
Treść: TEST wyjazd push
Dane: {"url":"http:\/\/localhost\/ridemore\/wydarzenia\/test-push-6cf905b9839e\/uczestnicy"}
------------------------------------------------------------

[2026-09-17 10:39:05] user_id=2 urządzenia=android:1,ios:0
Tytuł: Nowa wiadomość
Treść: Masz nową wiadomość na Ridemore.
Dane: {"url":"http:\/\/localhost\/ridemore\/wiadomosci\/318"}
------------------------------------------------------------

[2026-09-17 10:39:05] user_id=1 urządzenia=android:1,ios:0
Tytuł: Ktoś dołączył do Twojego wyjazdu
Treść: TEST grupa push
Dane: {"url":"http:\/\/localhost\/ridemore\/wydarzenia\/test-push-32ef9de1717a\/uczestnicy"}
------------------------------------------------------------

[2026-09-17 10:39:05] user_id=1 urządzenia=android:1,ios:0
Tytuł: Nowa wiadomość — TEST grupa push
Treść: Sprawdź kanał grupowy wyjazdu.
Dane: {"url":"http:\/\/localhost\/ridemore\/wiadomosci\/grupa\/1286"}
------------------------------------------------------------

[2026-09-17 10:39:05] user_id=1 urządzenia=android:1,ios:0
Tytuł: Nowy skarb w Twojej okolicy
Treść: TEST skarb okolica
Dane: {"url":"http:\/\/localhost\/ridemore\/odkrycia?skarb=55656","nid":"3937"}
------------------------------------------------------------

[2026-09-17 10:39:05] user_id=1 urządzenia=android:1,ios:0
Tytuł: Nowy skarb w Twojej okolicy
Treść: Coś ciekawego czeka w Twojej okolicy — sprawdź mapę.
Dane: {"url":"http:\/\/localhost\/ridemore\/odkrycia","nid":"3939"}
------------------------------------------------------------

[2026-09-17 19:48:41] user_id=1 urządzenia=android:1,ios:0
Tytuł: TEST tytuł
Treść: TEST treść
Dane: []
------------------------------------------------------------

[2026-09-17 19:48:41] user_id=1 urządzenia=android:1,ios:0
Tytuł: Ktoś dołączył do Twojego wyjazdu
Treść: TEST wyjazd push
Dane: {"url":"http:\/\/localhost\/ridemore\/wydarzenia\/test-push-300c1143d3f8\/uczestnicy"}
------------------------------------------------------------

[2026-09-17 19:48:41] user_id=2 urządzenia=android:1,ios:0
Tytuł: Nowa wiadomość
Treść: Masz nową wiadomość na Ridemore.
Dane: {"url":"http:\/\/localhost\/ridemore\/wiadomosci\/319"}
------------------------------------------------------------

[2026-09-17 19:48:41] user_id=1 urządzenia=android:1,ios:0
Tytuł: Ktoś dołączył do Twojego wyjazdu
Treść: TEST grupa push
Dane: {"url":"http:\/\/localhost\/ridemore\/wydarzenia\/test-push-92a4252e0492\/uczestnicy"}
------------------------------------------------------------

[2026-09-17 19:48:41] user_id=1 urządzenia=android:1,ios:0
Tytuł: Nowa wiadomość — TEST grupa push
Treść: Sprawdź kanał grupowy wyjazdu.
Dane: {"url":"http:\/\/localhost\/ridemore\/wiadomosci\/grupa\/1298"}
------------------------------------------------------------

[2026-09-17 19:48:41] user_id=1 urządzenia=android:1,ios:0
Tytuł: Nowy skarb w Twojej okolicy
Treść: TEST skarb okolica
Dane: {"url":"http:\/\/localhost\/ridemore\/odkrycia?skarb=55815","nid":"3987"}
------------------------------------------------------------

[2026-09-17 19:48:41] user_id=1 urządzenia=android:1,ios:0
Tytuł: Nowy skarb w Twojej okolicy
Treść: Coś ciekawego czeka w Twojej okolicy — sprawdź mapę.
Dane: {"url":"http:\/\/localhost\/ridemore\/odkrycia","nid":"3989"}
------------------------------------------------------------

[2026-09-17 19:49:52] user_id=1 urządzenia=android:1,ios:0
Tytuł: TEST tytuł
Treść: TEST treść
Dane: []
------------------------------------------------------------

[2026-09-17 19:49:52] user_id=1 urządzenia=android:1,ios:0
Tytuł: Ktoś dołączył do Twojego wyjazdu
Treść: TEST wyjazd push
Dane: {"url":"http:\/\/localhost\/ridemore\/wydarzenia\/test-push-4e06ddda5d41\/uczestnicy"}
------------------------------------------------------------

[2026-09-17 19:49:52] user_id=2 urządzenia=android:1,ios:0
Tytuł: Nowa wiadomość
Treść: Masz nową wiadomość na Ridemore.
Dane: {"url":"http:\/\/localhost\/ridemore\/wiadomosci\/320"}
------------------------------------------------------------

[2026-09-17 19:49:52] user_id=1 urządzenia=android:1,ios:0
Tytuł: Ktoś dołączył do Twojego wyjazdu
Treść: TEST grupa push
Dane: {"url":"http:\/\/localhost\/ridemore\/wydarzenia\/test-push-292061984392\/uczestnicy"}
------------------------------------------------------------

[2026-09-17 19:49:52] user_id=1 urządzenia=android:1,ios:0
Tytuł: Nowa wiadomość — TEST grupa push
Treść: Sprawdź kanał grupowy wyjazdu.
Dane: {"url":"http:\/\/localhost\/ridemore\/wiadomosci\/grupa\/1307"}
------------------------------------------------------------

[2026-09-17 19:49:52] user_id=1 urządzenia=android:1,ios:0
Tytuł: Nowy skarb w Twojej okolicy
Treść: TEST skarb okolica
Dane: {"url":"http:\/\/localhost\/ridemore\/odkrycia?skarb=55974","nid":"4037"}
------------------------------------------------------------

[2026-09-17 19:49:52] user_id=1 urządzenia=android:1,ios:0
Tytuł: Nowy skarb w Twojej okolicy
Treść: Coś ciekawego czeka w Twojej okolicy — sprawdź mapę.
Dane: {"url":"http:\/\/localhost\/ridemore\/odkrycia","nid":"4039"}
------------------------------------------------------------

[2026-09-17 19:53:12] user_id=1 urządzenia=android:1,ios:0
Tytuł: TEST tytuł
Treść: TEST treść
Dane: []
------------------------------------------------------------

[2026-09-17 19:53:12] user_id=1 urządzenia=android:1,ios:0
Tytuł: Ktoś dołączył do Twojego wyjazdu
Treść: TEST wyjazd push
Dane: {"url":"http:\/\/localhost\/ridemore\/wydarzenia\/test-push-34c5a535b00d\/uczestnicy"}
------------------------------------------------------------

[2026-09-17 19:53:12] user_id=2 urządzenia=android:1,ios:0
Tytuł: Nowa wiadomość
Treść: Masz nową wiadomość na Ridemore.
Dane: {"url":"http:\/\/localhost\/ridemore\/wiadomosci\/321"}
------------------------------------------------------------

[2026-09-17 19:53:12] user_id=1 urządzenia=android:1,ios:0
Tytuł: Ktoś dołączył do Twojego wyjazdu
Treść: TEST grupa push
Dane: {"url":"http:\/\/localhost\/ridemore\/wydarzenia\/test-push-56ad0bba60f3\/uczestnicy"}
------------------------------------------------------------

[2026-09-17 19:53:12] user_id=1 urządzenia=android:1,ios:0
Tytuł: Nowa wiadomość — TEST grupa push
Treść: Sprawdź kanał grupowy wyjazdu.
Dane: {"url":"http:\/\/localhost\/ridemore\/wiadomosci\/grupa\/1316"}
------------------------------------------------------------

[2026-09-17 19:53:12] user_id=1 urządzenia=android:1,ios:0
Tytuł: Nowy skarb w Twojej okolicy
Treść: TEST skarb okolica
Dane: {"url":"http:\/\/localhost\/ridemore\/odkrycia?skarb=56133","nid":"4087"}
------------------------------------------------------------

[2026-09-17 19:53:13] user_id=1 urządzenia=android:1,ios:0
Tytuł: Nowy skarb w Twojej okolicy
Treść: Coś ciekawego czeka w Twojej okolicy — sprawdź mapę.
Dane: {"url":"http:\/\/localhost\/ridemore\/odkrycia","nid":"4089"}
------------------------------------------------------------

[2026-09-17 22:20:54] user_id=1 urządzenia=android:1,ios:0
Tytuł: TEST tytuł
Treść: TEST treść
Dane: []
------------------------------------------------------------

[2026-09-17 22:20:54] user_id=1 urządzenia=android:1,ios:0
Tytuł: Ktoś dołączył do Twojego wyjazdu
Treść: TEST wyjazd push
Dane: {"url":"http:\/\/localhost\/ridemore\/wydarzenia\/test-push-fd8a0efcaee2\/uczestnicy"}
------------------------------------------------------------

[2026-09-17 22:20:54] user_id=2 urządzenia=android:1,ios:0
Tytuł: Nowa wiadomość
Treść: Masz nową wiadomość na Ridemore.
Dane: {"url":"http:\/\/localhost\/ridemore\/wiadomosci\/322"}
------------------------------------------------------------

[2026-09-17 22:20:54] user_id=1 urządzenia=android:1,ios:0
Tytuł: Ktoś dołączył do Twojego wyjazdu
Treść: TEST grupa push
Dane: {"url":"http:\/\/localhost\/ridemore\/wydarzenia\/test-push-c9a91308113e\/uczestnicy"}
------------------------------------------------------------

[2026-09-17 22:20:54] user_id=1 urządzenia=android:1,ios:0
Tytuł: Nowa wiadomość — TEST grupa push
Treść: Sprawdź kanał grupowy wyjazdu.
Dane: {"url":"http:\/\/localhost\/ridemore\/wiadomosci\/grupa\/1325"}
------------------------------------------------------------

[2026-09-17 22:22:04] user_id=1 urządzenia=android:1,ios:0
Tytuł: TEST tytuł
Treść: TEST treść
Dane: []
------------------------------------------------------------

[2026-09-17 22:22:04] user_id=1 urządzenia=android:1,ios:0
Tytuł: Ktoś dołączył do Twojego wyjazdu
Treść: TEST wyjazd push
Dane: {"url":"http:\/\/localhost\/ridemore\/wydarzenia\/test-push-676799489073\/uczestnicy"}
------------------------------------------------------------

[2026-09-17 22:22:04] user_id=2 urządzenia=android:1,ios:0
Tytuł: Nowa wiadomość
Treść: Masz nową wiadomość na Ridemore.
Dane: {"url":"http:\/\/localhost\/ridemore\/wiadomosci\/323"}
------------------------------------------------------------

[2026-09-17 22:22:04] user_id=1 urządzenia=android:1,ios:0
Tytuł: Ktoś dołączył do Twojego wyjazdu
Treść: TEST grupa push
Dane: {"url":"http:\/\/localhost\/ridemore\/wydarzenia\/test-push-2fd148c79e22\/uczestnicy"}
------------------------------------------------------------

[2026-09-17 22:22:04] user_id=1 urządzenia=android:1,ios:0
Tytuł: Nowa wiadomość — TEST grupa push
Treść: Sprawdź kanał grupowy wyjazdu.
Dane: {"url":"http:\/\/localhost\/ridemore\/wiadomosci\/grupa\/1334"}
------------------------------------------------------------

[2026-09-17 22:22:38] user_id=1 urządzenia=android:1,ios:0
Tytuł: TEST tytuł
Treść: TEST treść
Dane: []
------------------------------------------------------------

[2026-09-17 22:22:38] user_id=1 urządzenia=android:1,ios:0
Tytuł: Ktoś dołączył do Twojego wyjazdu
Treść: TEST wyjazd push
Dane: {"url":"http:\/\/localhost\/ridemore\/wydarzenia\/test-push-96ed4e1cf483\/uczestnicy"}
------------------------------------------------------------

[2026-09-17 22:22:38] user_id=2 urządzenia=android:1,ios:0
Tytuł: Nowa wiadomość
Treść: Masz nową wiadomość na Ridemore.
Dane: {"url":"http:\/\/localhost\/ridemore\/wiadomosci\/324"}
------------------------------------------------------------

[2026-09-17 22:22:38] user_id=1 urządzenia=android:1,ios:0
Tytuł: Ktoś dołączył do Twojego wyjazdu
Treść: TEST grupa push
Dane: {"url":"http:\/\/localhost\/ridemore\/wydarzenia\/test-push-6bc185298c2d\/uczestnicy"}
------------------------------------------------------------

[2026-09-17 22:22:38] user_id=1 urządzenia=android:1,ios:0
Tytuł: Nowa wiadomość — TEST grupa push
Treść: Sprawdź kanał grupowy wyjazdu.
Dane: {"url":"http:\/\/localhost\/ridemore\/wiadomosci\/grupa\/1343"}
------------------------------------------------------------

[2026-09-17 22:22:47] user_id=1 urządzenia=android:1,ios:0
Tytuł: TEST tytuł
Treść: TEST treść
Dane: []
------------------------------------------------------------

[2026-09-17 22:22:47] user_id=1 urządzenia=android:1,ios:0
Tytuł: Ktoś dołączył do Twojego wyjazdu
Treść: TEST wyjazd push
Dane: {"url":"http:\/\/localhost\/ridemore\/wydarzenia\/test-push-0ff1b5c58ea8\/uczestnicy"}
------------------------------------------------------------

[2026-09-17 22:22:47] user_id=2 urządzenia=android:1,ios:0
Tytuł: Nowa wiadomość
Treść: Masz nową wiadomość na Ridemore.
Dane: {"url":"http:\/\/localhost\/ridemore\/wiadomosci\/325"}
------------------------------------------------------------

[2026-09-17 22:22:47] user_id=1 urządzenia=android:1,ios:0
Tytuł: Ktoś dołączył do Twojego wyjazdu
Treść: TEST grupa push
Dane: {"url":"http:\/\/localhost\/ridemore\/wydarzenia\/test-push-df52993d6e41\/uczestnicy"}
------------------------------------------------------------

[2026-09-17 22:22:47] user_id=1 urządzenia=android:1,ios:0
Tytuł: Nowa wiadomość — TEST grupa push
Treść: Sprawdź kanał grupowy wyjazdu.
Dane: {"url":"http:\/\/localhost\/ridemore\/wiadomosci\/grupa\/1346"}
------------------------------------------------------------

[2026-09-17 22:34:10] user_id=1 urządzenia=android:1,ios:0
Tytuł: TEST tytuł
Treść: TEST treść
Dane: []
------------------------------------------------------------

[2026-09-17 22:34:10] user_id=1 urządzenia=android:1,ios:0
Tytuł: Ktoś dołączył do Twojego wyjazdu
Treść: TEST wyjazd push
Dane: {"url":"http:\/\/localhost\/ridemore\/wydarzenia\/test-push-78e2680f0150\/uczestnicy"}
------------------------------------------------------------

[2026-09-17 22:34:10] user_id=2 urządzenia=android:1,ios:0
Tytuł: Nowa wiadomość
Treść: Masz nową wiadomość na Ridemore.
Dane: {"url":"http:\/\/localhost\/ridemore\/wiadomosci\/326"}
------------------------------------------------------------

[2026-09-17 22:34:10] user_id=1 urządzenia=android:1,ios:0
Tytuł: Ktoś dołączył do Twojego wyjazdu
Treść: TEST grupa push
Dane: {"url":"http:\/\/localhost\/ridemore\/wydarzenia\/test-push-947a0fbf5e6c\/uczestnicy"}
------------------------------------------------------------

[2026-09-17 22:34:10] user_id=1 urządzenia=android:1,ios:0
Tytuł: Nowa wiadomość — TEST grupa push
Treść: Sprawdź kanał grupowy wyjazdu.
Dane: {"url":"http:\/\/localhost\/ridemore\/wiadomosci\/grupa\/1349"}
------------------------------------------------------------

[2026-09-18 09:22:40] user_id=1 urządzenia=android:1,ios:0
Tytuł: TEST tytuł
Treść: TEST treść
Dane: []
------------------------------------------------------------

[2026-09-18 09:22:40] user_id=1 urządzenia=android:1,ios:0
Tytuł: Ktoś dołączył do Twojego wyjazdu
Treść: TEST wyjazd push
Dane: {"url":"http:\/\/localhost\/ridemore\/wydarzenia\/test-push-f9c0c0c4529c\/uczestnicy"}
------------------------------------------------------------

[2026-09-18 09:22:40] user_id=2 urządzenia=android:1,ios:0
Tytuł: Nowa wiadomość
Treść: Masz nową wiadomość na Ridemore.
Dane: {"url":"http:\/\/localhost\/ridemore\/wiadomosci\/327"}
------------------------------------------------------------

[2026-09-18 09:22:40] user_id=1 urządzenia=android:1,ios:0
Tytuł: Ktoś dołączył do Twojego wyjazdu
Treść: TEST grupa push
Dane: {"url":"http:\/\/localhost\/ridemore\/wydarzenia\/test-push-fbbef5133989\/uczestnicy"}
------------------------------------------------------------

[2026-09-18 09:22:40] user_id=1 urządzenia=android:1,ios:0
Tytuł: Nowa wiadomość — TEST grupa push
Treść: Sprawdź kanał grupowy wyjazdu.
Dane: {"url":"http:\/\/localhost\/ridemore\/wiadomosci\/grupa\/1358"}
------------------------------------------------------------

[2026-09-18 09:22:40] user_id=1 urządzenia=android:1,ios:0
Tytuł: Nowy skarb w Twojej okolicy
Treść: TEST skarb okolica
Dane: {"url":"http:\/\/localhost\/ridemore\/odkrycia?skarb=56783","nid":"4285"}
------------------------------------------------------------

[2026-09-18 09:22:40] user_id=1 urządzenia=android:1,ios:0
Tytuł: Nowy skarb w Twojej okolicy
Treść: Coś ciekawego czeka w Twojej okolicy — sprawdź mapę.
Dane: {"url":"http:\/\/localhost\/ridemore\/odkrycia","nid":"4287"}
------------------------------------------------------------

[2026-09-18 09:23:57] user_id=1 urządzenia=android:1,ios:0
Tytuł: TEST tytuł
Treść: TEST treść
Dane: []
------------------------------------------------------------

[2026-09-18 09:23:57] user_id=1 urządzenia=android:1,ios:0
Tytuł: Ktoś dołączył do Twojego wyjazdu
Treść: TEST wyjazd push
Dane: {"url":"http:\/\/localhost\/ridemore\/wydarzenia\/test-push-b8f04c2e6905\/uczestnicy"}
------------------------------------------------------------

[2026-09-18 09:23:57] user_id=2 urządzenia=android:1,ios:0
Tytuł: Nowa wiadomość
Treść: Masz nową wiadomość na Ridemore.
Dane: {"url":"http:\/\/localhost\/ridemore\/wiadomosci\/328"}
------------------------------------------------------------

[2026-09-18 09:23:57] user_id=1 urządzenia=android:1,ios:0
Tytuł: Ktoś dołączył do Twojego wyjazdu
Treść: TEST grupa push
Dane: {"url":"http:\/\/localhost\/ridemore\/wydarzenia\/test-push-8ccd21d1f841\/uczestnicy"}
------------------------------------------------------------

[2026-09-18 09:23:57] user_id=1 urządzenia=android:1,ios:0
Tytuł: Nowa wiadomość — TEST grupa push
Treść: Sprawdź kanał grupowy wyjazdu.
Dane: {"url":"http:\/\/localhost\/ridemore\/wiadomosci\/grupa\/1367"}
------------------------------------------------------------

[2026-09-18 09:23:57] user_id=1 urządzenia=android:1,ios:0
Tytuł: Nowy skarb w Twojej okolicy
Treść: TEST skarb okolica
Dane: {"url":"http:\/\/localhost\/ridemore\/odkrycia?skarb=56942","nid":"4335"}
------------------------------------------------------------

[2026-09-18 09:23:57] user_id=1 urządzenia=android:1,ios:0
Tytuł: Nowy skarb w Twojej okolicy
Treść: Coś ciekawego czeka w Twojej okolicy — sprawdź mapę.
Dane: {"url":"http:\/\/localhost\/ridemore\/odkrycia","nid":"4337"}
------------------------------------------------------------

[2026-09-18 09:41:58] user_id=1 urządzenia=android:1,ios:0
Tytuł: TEST tytuł
Treść: TEST treść
Dane: []
------------------------------------------------------------

[2026-09-18 09:41:58] user_id=1 urządzenia=android:1,ios:0
Tytuł: Ktoś dołączył do Twojego wyjazdu
Treść: TEST wyjazd push
Dane: {"url":"http:\/\/localhost\/ridemore\/wydarzenia\/test-push-57d88ac87033\/uczestnicy"}
------------------------------------------------------------

[2026-09-18 09:41:58] user_id=2 urządzenia=android:1,ios:0
Tytuł: Nowa wiadomość
Treść: Masz nową wiadomość na Ridemore.
Dane: {"url":"http:\/\/localhost\/ridemore\/wiadomosci\/329"}
------------------------------------------------------------

[2026-09-18 09:41:58] user_id=1 urządzenia=android:1,ios:0
Tytuł: Ktoś dołączył do Twojego wyjazdu
Treść: TEST grupa push
Dane: {"url":"http:\/\/localhost\/ridemore\/wydarzenia\/test-push-06b56b457ae1\/uczestnicy"}
------------------------------------------------------------

[2026-09-18 09:41:58] user_id=1 urządzenia=android:1,ios:0
Tytuł: Nowa wiadomość — TEST grupa push
Treść: Sprawdź kanał grupowy wyjazdu.
Dane: {"url":"http:\/\/localhost\/ridemore\/wiadomosci\/grupa\/1376"}
------------------------------------------------------------

[2026-09-18 09:41:58] user_id=1 urządzenia=android:1,ios:0
Tytuł: Nowy skarb w Twojej okolicy
Treść: TEST skarb okolica
Dane: {"url":"http:\/\/localhost\/ridemore\/odkrycia?skarb=57101","nid":"4385"}
------------------------------------------------------------

[2026-09-18 09:41:58] user_id=1 urządzenia=android:1,ios:0
Tytuł: Nowy skarb w Twojej okolicy
Treść: Coś ciekawego czeka w Twojej okolicy — sprawdź mapę.
Dane: {"url":"http:\/\/localhost\/ridemore\/odkrycia","nid":"4387"}
------------------------------------------------------------

[2026-09-18 09:54:31] user_id=1 urządzenia=android:1,ios:0
Tytuł: TEST tytuł
Treść: TEST treść
Dane: []
------------------------------------------------------------

[2026-09-18 09:54:31] user_id=1 urządzenia=android:1,ios:0
Tytuł: Ktoś dołączył do Twojego wyjazdu
Treść: TEST wyjazd push
Dane: {"url":"http:\/\/localhost\/ridemore\/wydarzenia\/test-push-f8699c8c4d97\/uczestnicy"}
------------------------------------------------------------

[2026-09-18 09:54:31] user_id=2 urządzenia=android:1,ios:0
Tytuł: Nowa wiadomość
Treść: Masz nową wiadomość na Ridemore.
Dane: {"url":"http:\/\/localhost\/ridemore\/wiadomosci\/330"}
------------------------------------------------------------

[2026-09-18 09:54:31] user_id=1 urządzenia=android:1,ios:0
Tytuł: Ktoś dołączył do Twojego wyjazdu
Treść: TEST grupa push
Dane: {"url":"http:\/\/localhost\/ridemore\/wydarzenia\/test-push-b43e6095734b\/uczestnicy"}
------------------------------------------------------------

[2026-09-18 09:54:31] user_id=1 urządzenia=android:1,ios:0
Tytuł: Nowa wiadomość — TEST grupa push
Treść: Sprawdź kanał grupowy wyjazdu.
Dane: {"url":"http:\/\/localhost\/ridemore\/wiadomosci\/grupa\/1385"}
------------------------------------------------------------

[2026-09-18 09:54:31] user_id=1 urządzenia=android:1,ios:0
Tytuł: Nowy skarb w Twojej okolicy
Treść: TEST skarb okolica
Dane: {"url":"http:\/\/localhost\/ridemore\/odkrycia?skarb=57260","nid":"4435"}
------------------------------------------------------------

[2026-09-18 09:54:31] user_id=1 urządzenia=android:1,ios:0
Tytuł: Nowy skarb w Twojej okolicy
Treść: Coś ciekawego czeka w Twojej okolicy — sprawdź mapę.
Dane: {"url":"http:\/\/localhost\/ridemore\/odkrycia","nid":"4437"}
------------------------------------------------------------

[2026-09-18 09:55:39] user_id=1 urządzenia=android:1,ios:0
Tytuł: TEST tytuł
Treść: TEST treść
Dane: []
------------------------------------------------------------

[2026-09-18 09:55:39] user_id=1 urządzenia=android:1,ios:0
Tytuł: Ktoś dołączył do Twojego wyjazdu
Treść: TEST wyjazd push
Dane: {"url":"http:\/\/localhost\/ridemore\/wydarzenia\/test-push-a44fed0f75be\/uczestnicy"}
------------------------------------------------------------

[2026-09-18 09:55:39] user_id=2 urządzenia=android:1,ios:0
Tytuł: Nowa wiadomość
Treść: Masz nową wiadomość na Ridemore.
Dane: {"url":"http:\/\/localhost\/ridemore\/wiadomosci\/331"}
------------------------------------------------------------

[2026-09-18 09:55:39] user_id=1 urządzenia=android:1,ios:0
Tytuł: Ktoś dołączył do Twojego wyjazdu
Treść: TEST grupa push
Dane: {"url":"http:\/\/localhost\/ridemore\/wydarzenia\/test-push-60159505626a\/uczestnicy"}
------------------------------------------------------------

[2026-09-18 09:55:39] user_id=1 urządzenia=android:1,ios:0
Tytuł: Nowa wiadomość — TEST grupa push
Treść: Sprawdź kanał grupowy wyjazdu.
Dane: {"url":"http:\/\/localhost\/ridemore\/wiadomosci\/grupa\/1394"}
------------------------------------------------------------

[2026-09-18 09:55:39] user_id=1 urządzenia=android:1,ios:0
Tytuł: Nowy skarb w Twojej okolicy
Treść: TEST skarb okolica
Dane: {"url":"http:\/\/localhost\/ridemore\/odkrycia?skarb=57419","nid":"4485"}
------------------------------------------------------------

[2026-09-18 09:55:39] user_id=1 urządzenia=android:1,ios:0
Tytuł: Nowy skarb w Twojej okolicy
Treść: Coś ciekawego czeka w Twojej okolicy — sprawdź mapę.
Dane: {"url":"http:\/\/localhost\/ridemore\/odkrycia","nid":"4487"}
------------------------------------------------------------

[2026-09-18 10:19:20] user_id=1 urządzenia=android:1,ios:0
Tytuł: TEST tytuł
Treść: TEST treść
Dane: []
------------------------------------------------------------

[2026-09-18 10:19:20] user_id=1 urządzenia=android:1,ios:0
Tytuł: Ktoś dołączył do Twojego wyjazdu
Treść: TEST wyjazd push
Dane: {"url":"http:\/\/localhost\/ridemore\/wydarzenia\/test-push-f1f49478e1d1\/uczestnicy"}
------------------------------------------------------------

[2026-09-18 10:19:20] user_id=2 urządzenia=android:1,ios:0
Tytuł: Nowa wiadomość
Treść: Masz nową wiadomość na Ridemore.
Dane: {"url":"http:\/\/localhost\/ridemore\/wiadomosci\/332"}
------------------------------------------------------------

[2026-09-18 10:19:20] user_id=1 urządzenia=android:1,ios:0
Tytuł: Ktoś dołączył do Twojego wyjazdu
Treść: TEST grupa push
Dane: {"url":"http:\/\/localhost\/ridemore\/wydarzenia\/test-push-b55f55eb80e2\/uczestnicy"}
------------------------------------------------------------

[2026-09-18 10:19:20] user_id=1 urządzenia=android:1,ios:0
Tytuł: Nowa wiadomość — TEST grupa push
Treść: Sprawdź kanał grupowy wyjazdu.
Dane: {"url":"http:\/\/localhost\/ridemore\/wiadomosci\/grupa\/1403"}
------------------------------------------------------------

[2026-09-18 10:19:20] user_id=1 urządzenia=android:1,ios:0
Tytuł: Nowy skarb w Twojej okolicy
Treść: TEST skarb okolica
Dane: {"url":"http:\/\/localhost\/ridemore\/odkrycia?skarb=57578","nid":"4535"}
------------------------------------------------------------

[2026-09-18 10:19:20] user_id=1 urządzenia=android:1,ios:0
Tytuł: Nowy skarb w Twojej okolicy
Treść: Coś ciekawego czeka w Twojej okolicy — sprawdź mapę.
Dane: {"url":"http:\/\/localhost\/ridemore\/odkrycia","nid":"4537"}
------------------------------------------------------------

[2026-09-18 14:31:00] user_id=1 urządzenia=android:1,ios:0
Tytuł: TEST tytuł
Treść: TEST treść
Dane: []
------------------------------------------------------------

[2026-09-18 14:31:00] user_id=1 urządzenia=android:1,ios:0
Tytuł: Ktoś dołączył do Twojego wyjazdu
Treść: TEST wyjazd push
Dane: {"url":"http:\/\/localhost\/ridemore\/wydarzenia\/test-push-31e427a03073\/uczestnicy"}
------------------------------------------------------------

[2026-09-18 14:31:00] user_id=2 urządzenia=android:1,ios:0
Tytuł: Nowa wiadomość
Treść: Masz nową wiadomość na Ridemore.
Dane: {"url":"http:\/\/localhost\/ridemore\/wiadomosci\/333"}
------------------------------------------------------------

[2026-09-18 14:31:00] user_id=1 urządzenia=android:1,ios:0
Tytuł: Ktoś dołączył do Twojego wyjazdu
Treść: TEST grupa push
Dane: {"url":"http:\/\/localhost\/ridemore\/wydarzenia\/test-push-50448d832bc2\/uczestnicy"}
------------------------------------------------------------

[2026-09-18 14:31:00] user_id=1 urządzenia=android:1,ios:0
Tytuł: Nowa wiadomość — TEST grupa push
Treść: Sprawdź kanał grupowy wyjazdu.
Dane: {"url":"http:\/\/localhost\/ridemore\/wiadomosci\/grupa\/1412"}
------------------------------------------------------------

[2026-09-18 14:31:00] user_id=1 urządzenia=android:1,ios:0
Tytuł: Nowy skarb w Twojej okolicy
Treść: TEST skarb okolica
Dane: {"url":"http:\/\/localhost\/ridemore\/odkrycia?skarb=57737","nid":"4585"}
------------------------------------------------------------

[2026-09-18 14:31:00] user_id=1 urządzenia=android:1,ios:0
Tytuł: Nowy skarb w Twojej okolicy
Treść: Coś ciekawego czeka w Twojej okolicy — sprawdź mapę.
Dane: {"url":"http:\/\/localhost\/ridemore\/odkrycia","nid":"4587"}
------------------------------------------------------------

[2026-09-18 19:25:59] user_id=1 urządzenia=android:1,ios:0
Tytuł: TEST tytuł
Treść: TEST treść
Dane: []
------------------------------------------------------------

[2026-09-18 19:25:59] user_id=1 urządzenia=android:1,ios:0
Tytuł: Ktoś dołączył do Twojego wyjazdu
Treść: TEST wyjazd push
Dane: {"url":"http:\/\/localhost\/ridemore\/wydarzenia\/test-push-578b36aef8de\/uczestnicy"}
------------------------------------------------------------

[2026-09-18 19:25:59] user_id=2 urządzenia=android:1,ios:0
Tytuł: Nowa wiadomość
Treść: Masz nową wiadomość na Ridemore.
Dane: {"url":"http:\/\/localhost\/ridemore\/wiadomosci\/334"}
------------------------------------------------------------

[2026-09-18 19:25:59] user_id=1 urządzenia=android:1,ios:0
Tytuł: Ktoś dołączył do Twojego wyjazdu
Treść: TEST grupa push
Dane: {"url":"http:\/\/localhost\/ridemore\/wydarzenia\/test-push-e00c7a4d3b7a\/uczestnicy"}
------------------------------------------------------------

[2026-09-18 19:25:59] user_id=1 urządzenia=android:1,ios:0
Tytuł: Nowa wiadomość — TEST grupa push
Treść: Sprawdź kanał grupowy wyjazdu.
Dane: {"url":"http:\/\/localhost\/ridemore\/wiadomosci\/grupa\/1421"}
------------------------------------------------------------

[2026-09-18 19:25:59] user_id=1 urządzenia=android:1,ios:0
Tytuł: Nowy skarb w Twojej okolicy
Treść: TEST skarb okolica
Dane: {"url":"http:\/\/localhost\/ridemore\/odkrycia?skarb=57896","nid":"4635"}
------------------------------------------------------------

[2026-09-18 19:25:59] user_id=1 urządzenia=android:1,ios:0
Tytuł: Nowy skarb w Twojej okolicy
Treść: Coś ciekawego czeka w Twojej okolicy — sprawdź mapę.
Dane: {"url":"http:\/\/localhost\/ridemore\/odkrycia","nid":"4637"}
------------------------------------------------------------

[2026-09-18 21:15:21] user_id=1 urządzenia=android:1,ios:0
Tytuł: TEST tytuł
Treść: TEST treść
Dane: []
------------------------------------------------------------

[2026-09-18 21:15:21] user_id=1 urządzenia=android:1,ios:0
Tytuł: Ktoś dołączył do Twojego wyjazdu
Treść: TEST wyjazd push
Dane: {"url":"http:\/\/localhost\/ridemore\/wydarzenia\/test-push-f38a603ee66a\/uczestnicy"}
------------------------------------------------------------

[2026-09-18 21:15:21] user_id=2 urządzenia=android:1,ios:0
Tytuł: Nowa wiadomość
Treść: Masz nową wiadomość na Ridemore.
Dane: {"url":"http:\/\/localhost\/ridemore\/wiadomosci\/335"}
------------------------------------------------------------

[2026-09-18 21:15:21] user_id=1 urządzenia=android:1,ios:0
Tytuł: Ktoś dołączył do Twojego wyjazdu
Treść: TEST grupa push
Dane: {"url":"http:\/\/localhost\/ridemore\/wydarzenia\/test-push-3ab3ae90d46d\/uczestnicy"}
------------------------------------------------------------

[2026-09-18 21:15:21] user_id=1 urządzenia=android:1,ios:0
Tytuł: Nowa wiadomość — TEST grupa push
Treść: Sprawdź kanał grupowy wyjazdu.
Dane: {"url":"http:\/\/localhost\/ridemore\/wiadomosci\/grupa\/1430"}
------------------------------------------------------------

[2026-09-18 21:15:21] user_id=1 urządzenia=android:1,ios:0
Tytuł: Nowy skarb w Twojej okolicy
Treść: TEST skarb okolica
Dane: {"url":"http:\/\/localhost\/ridemore\/odkrycia?skarb=58055","nid":"4685"}
------------------------------------------------------------

[2026-09-18 21:15:21] user_id=1 urządzenia=android:1,ios:0
Tytuł: Nowy skarb w Twojej okolicy
Treść: Coś ciekawego czeka w Twojej okolicy — sprawdź mapę.
Dane: {"url":"http:\/\/localhost\/ridemore\/odkrycia","nid":"4687"}
------------------------------------------------------------

[2026-09-19 07:35:45] user_id=1 urządzenia=android:1,ios:0
Tytuł: TEST tytuł
Treść: TEST treść
Dane: []
------------------------------------------------------------

[2026-09-19 07:35:45] user_id=1 urządzenia=android:1,ios:0
Tytuł: Ktoś dołączył do Twojego wyjazdu
Treść: TEST wyjazd push
Dane: {"url":"http:\/\/localhost\/ridemore\/wydarzenia\/test-push-e89c1323500c\/uczestnicy"}
------------------------------------------------------------

[2026-09-19 07:35:45] user_id=2 urządzenia=android:1,ios:0
Tytuł: Nowa wiadomość
Treść: Masz nową wiadomość na Ridemore.
Dane: {"url":"http:\/\/localhost\/ridemore\/wiadomosci\/336"}
------------------------------------------------------------

[2026-09-19 07:35:45] user_id=1 urządzenia=android:1,ios:0
Tytuł: Ktoś dołączył do Twojego wyjazdu
Treść: TEST grupa push
Dane: {"url":"http:\/\/localhost\/ridemore\/wydarzenia\/test-push-970fba1607fe\/uczestnicy"}
------------------------------------------------------------

[2026-09-19 07:35:45] user_id=1 urządzenia=android:1,ios:0
Tytuł: Nowa wiadomość — TEST grupa push
Treść: Sprawdź kanał grupowy wyjazdu.
Dane: {"url":"http:\/\/localhost\/ridemore\/wiadomosci\/grupa\/1444"}
------------------------------------------------------------

[2026-09-19 07:35:45] user_id=1 urządzenia=android:1,ios:0
Tytuł: Nowy skarb w Twojej okolicy
Treść: TEST skarb okolica
Dane: {"url":"http:\/\/localhost\/ridemore\/odkrycia?skarb=58218","nid":"4735"}
------------------------------------------------------------

[2026-09-19 07:35:45] user_id=1 urządzenia=android:1,ios:0
Tytuł: Nowy skarb w Twojej okolicy
Treść: Coś ciekawego czeka w Twojej okolicy — sprawdź mapę.
Dane: {"url":"http:\/\/localhost\/ridemore\/odkrycia","nid":"4737"}
------------------------------------------------------------

